Using pre-set license
Built from '2022.3/staging' branch; Version is '2022.3.60f1 (5f63fdee6d95) revision 6251517'; Using compiler version '192829333'; Build Type 'Release'
OS: 'Windows 11  (10.0.26200) 64bit CoreSingleLanguage' Language: 'en' Physical Memory: 15967 MB
BatchMode: 1, IsHumanControllingUs: 0, StartBugReporterOnCrash: 0, Is64bit: 1, IsPro: 1

COMMAND LINE ARGUMENTS:
C:\Program Files\Unity\Hub\Editor\2022.3.60f1\Editor\Unity.exe
-adb2
-batchMode
-noUpm
-name
AssetImportWorker2
-projectPath
D:/apkproject/MoraUnity
-logFile
Logs/AssetImportWorker2.log
-srvPort
64928
Successfully changed project path to: D:/apkproject/MoraUnity
D:/apkproject/MoraUnity
[UnityMemory] Configuration Parameters - Can be set up in boot.config
    "memorysetup-bucket-allocator-granularity=16"
    "memorysetup-bucket-allocator-bucket-count=8"
    "memorysetup-bucket-allocator-block-size=33554432"
    "memorysetup-bucket-allocator-block-count=8"
    "memorysetup-main-allocator-block-size=16777216"
    "memorysetup-thread-allocator-block-size=16777216"
    "memorysetup-gfx-main-allocator-block-size=16777216"
    "memorysetup-gfx-thread-allocator-block-size=16777216"
    "memorysetup-cache-allocator-block-size=4194304"
    "memorysetup-typetree-allocator-block-size=2097152"
    "memorysetup-profiler-bucket-allocator-granularity=16"
    "memorysetup-profiler-bucket-allocator-bucket-count=8"
    "memorysetup-profiler-bucket-allocator-block-size=33554432"
    "memorysetup-profiler-bucket-allocator-block-count=8"
    "memorysetup-profiler-allocator-block-size=16777216"
    "memorysetup-profiler-editor-allocator-block-size=1048576"
    "memorysetup-temp-allocator-size-main=16777216"
    "memorysetup-job-temp-allocator-block-size=2097152"
    "memorysetup-job-temp-allocator-block-size-background=1048576"
    "memorysetup-job-temp-allocator-reduction-small-platforms=262144"
    "memorysetup-allocator-temp-initial-block-size-main=262144"
    "memorysetup-allocator-temp-initial-block-size-worker=262144"
    "memorysetup-temp-allocator-size-background-worker=32768"
    "memorysetup-temp-allocator-size-job-worker=262144"
    "memorysetup-temp-allocator-size-preload-manager=33554432"
    "memorysetup-temp-allocator-size-nav-mesh-worker=65536"
    "memorysetup-temp-allocator-size-audio-worker=65536"
    "memorysetup-temp-allocator-size-cloud-worker=32768"
    "memorysetup-temp-allocator-size-gi-baking-worker=262144"
    "memorysetup-temp-allocator-size-gfx=262144"
Player connection [26628]  Target information:

Player connection [26628]  * "[IP] 26.83.49.9 [Port] 0 [Flags] 2 [Guid] 2882386001 [EditorId] 2882386001 [Version] 1048832 [Id] WindowsEditor(7,DAWN) [Debug] 1 [PackageName] WindowsEditor [ProjectName] Editor" 

Player connection [26628]  * "[IP] 192.168.1.101 [Port] 0 [Flags] 2 [Guid] 2882386001 [EditorId] 2882386001 [Version] 1048832 [Id] WindowsEditor(7,DAWN) [Debug] 1 [PackageName] WindowsEditor [ProjectName] Editor" 

Player connection [26628] Host joined multi-casting on [225.0.0.222:54997]...
Player connection [26628] Host joined alternative multi-casting on [225.0.0.222:34997]...
Input System module state changed to: Initialized.
[PhysX] Initialized MultithreadedTaskDispatcher with 12 workers.
Refreshing native plugins compatible for Editor in 111.22 ms, found 4 plugins.
Preloading 0 native plugins for Editor in 0.00 ms.
Initialize engine version: 2022.3.60f1 (5f63fdee6d95)
[Subsystems] Discovering subsystems at path C:/Program Files/Unity/Hub/Editor/2022.3.60f1/Editor/Data/Resources/UnitySubsystems
[Subsystems] Discovering subsystems at path D:/apkproject/MoraUnity/Assets
GfxDevice: creating device client; threaded=0; jobified=0
Direct3D:
    Version:  Direct3D 11.0 [level 11.1]
    Renderer: Intel(R) Graphics (ID=0xa7ac)
    Vendor:   Intel
    VRAM:     7983 MB
    Driver:   32.0.101.7077
Initialize mono
Mono path[0] = 'C:/Program Files/Unity/Hub/Editor/2022.3.60f1/Editor/Data/Managed'
Mono path[1] = 'C:/Program Files/Unity/Hub/Editor/2022.3.60f1/Editor/Data/MonoBleedingEdge/lib/mono/unityjit-win32'
Mono config path = 'C:/Program Files/Unity/Hub/Editor/2022.3.60f1/Editor/Data/MonoBleedingEdge/etc'
Using monoOptions --debugger-agent=transport=dt_socket,embedding=1,server=y,suspend=n,address=127.0.0.1:56300
Begin MonoManager ReloadAssembly
Registering precompiled unity dll's ...
Register platform support module: C:/Program Files/Unity/Hub/Editor/2022.3.60f1/Editor/Data/PlaybackEngines/AndroidPlayer/UnityEditor.Android.Extensions.dll
Register platform support module: C:/Program Files/Unity/Hub/Editor/2022.3.60f1/Editor/Data/PlaybackEngines/WindowsStandaloneSupport/UnityEditor.WindowsStandalone.Extensions.dll
Registered in 0.090802 seconds.
- Loaded All Assemblies, in  2.292 seconds
Native extension for WindowsStandalone target not found
Native extension for Android target not found
Android Extension - Scanning For ADB Devices 1447 ms
Mono: successfully reloaded assembly
- Finished resetting the current domain, in  2.415 seconds
Domain Reload Profiling: 4687ms
	BeginReloadAssembly (634ms)
		ExecutionOrderSort (0ms)
		DisableScriptedObjects (0ms)
		BackupInstance (0ms)
		ReleaseScriptingObjects (0ms)
		CreateAndSetChildDomain (2ms)
	RebuildCommonClasses (220ms)
	RebuildNativeTypeToScriptingClass (71ms)
	initialDomainReloadingComplete (559ms)
	LoadAllAssembliesAndSetupDomain (786ms)
		LoadAssemblies (604ms)
		RebuildTransferFunctionScriptingTraits (0ms)
		AnalyzeDomain (778ms)
			TypeCache.Refresh (774ms)
				TypeCache.ScanAssembly (716ms)
			ScanForSourceGeneratedMonoScriptInfo (1ms)
			ResolveRequiredComponents (1ms)
	FinalizeReload (2416ms)
		ReleaseScriptCaches (0ms)
		RebuildScriptCaches (0ms)
		SetupLoadedEditorAssemblies (2249ms)
			LogAssemblyErrors (0ms)
			InitializePlatformSupportModulesInManaged (1813ms)
			SetLoadedEditorAssemblies (8ms)
			RefreshPlugins (0ms)
			BeforeProcessingInitializeOnLoad (6ms)
			ProcessInitializeOnLoadAttributes (284ms)
			ProcessInitializeOnLoadMethodAttributes (137ms)
			AfterProcessingInitializeOnLoad (0ms)
			EditorAssembliesLoaded (0ms)
		ExecutionOrderSort2 (0ms)
		AwakeInstancesAfterBackupRestoration (0ms)
========================================================================
Worker process is ready to serve import requests
Caller must complete domain reload
Begin MonoManager ReloadAssembly
- Loaded All Assemblies, in  1.127 seconds
Native extension for WindowsStandalone target not found
Native extension for Android target not found
Mono: successfully reloaded assembly
Package Manager log level set to [2]
[Package Manager] Server::EnsureServerProcessIsRunning -- launch failed, reason: Unity was launched with the -noUpm command-line argument
[Package Manager] UpmClient::Send -- Unable to send message (not connected to UPM process).
[Package Manager] Cannot connect to Unity Package Manager local server
[Package Manager] Server::EnsureServerProcessIsRunning -- launch failed, reason: Unity was launched with the -noUpm command-line argument
[Package Manager] UpmClient::Send -- Unable to send message (not connected to UPM process).
[Package Manager] Cannot connect to Unity Package Manager local server
- Finished resetting the current domain, in  0.907 seconds
Domain Reload Profiling: 2025ms
	BeginReloadAssembly (261ms)
		ExecutionOrderSort (0ms)
		DisableScriptedObjects (6ms)
		BackupInstance (0ms)
		ReleaseScriptingObjects (1ms)
		CreateAndSetChildDomain (43ms)
	RebuildCommonClasses (37ms)
	RebuildNativeTypeToScriptingClass (15ms)
	initialDomainReloadingComplete (91ms)
	LoadAllAssembliesAndSetupDomain (713ms)
		LoadAssemblies (618ms)
		RebuildTransferFunctionScriptingTraits (0ms)
		AnalyzeDomain (243ms)
			TypeCache.Refresh (209ms)
				TypeCache.ScanAssembly (188ms)
			ScanForSourceGeneratedMonoScriptInfo (25ms)
			ResolveRequiredComponents (7ms)
	FinalizeReload (908ms)
		ReleaseScriptCaches (0ms)
		RebuildScriptCaches (0ms)
		SetupLoadedEditorAssemblies (699ms)
			LogAssemblyErrors (0ms)
			InitializePlatformSupportModulesInManaged (32ms)
			SetLoadedEditorAssemblies (8ms)
			RefreshPlugins (0ms)
			BeforeProcessingInitializeOnLoad (135ms)
			ProcessInitializeOnLoadAttributes (464ms)
			ProcessInitializeOnLoadMethodAttributes (44ms)
			AfterProcessingInitializeOnLoad (14ms)
			EditorAssembliesLoaded (0ms)
		ExecutionOrderSort2 (0ms)
		AwakeInstancesAfterBackupRestoration (18ms)
Launched and connected shader compiler UnityShaderCompiler.exe after 0.15 seconds
Refreshing native plugins compatible for Editor in 36.27 ms, found 4 plugins.
Preloading 0 native plugins for Editor in 0.00 ms.
Unloading 4486 Unused Serialized files (Serialized files now loaded: 0)
Unloading 21 unused Assets / (55.5 KB). Loaded Objects now: 4953.
Memory consumption went from 148.5 MB to 148.5 MB.
Total: 3.402300 ms (FindLiveObjects: 0.234400 ms CreateObjectMapping: 0.115200 ms MarkObjects: 2.951600 ms  DeleteObjects: 0.099600 ms)

AssetImportParameters requested are different than current active one (requested -> active):
  custom:scripting/monoscript/fileName/IPrebuildSceneSetup.cs: 086a540b86c9ccf5ce0a23935a64c98d -> c89711320cb5af11897ec50fd61d4419
  custom:scripting/monoscript/fileName/BuildMergeTabParameters.cs: 2c923f29302a39560b4301c3fd163a7b -> 
  custom:scripting/monoscript/fileName/IncomingChangesTab.cs: 8a20aca125f6d4b837670edb6e36bc05 -> 82bff1d960538992d4e618d909869d2e
  custom:scripting/monoscript/fileName/EditorAssembliesProxy.cs: 23426c61d1cfec53ec65b1ed2f77c773 -> ef0f2d44f3e723650bf58ba30866667b
  custom:scripting/monoscript/fileName/OuterUnityTestActionCommand.cs: eacf156fb6f74d2f6b697bf47e9a72eb -> 36c13d7d2a2c5c2f372e7b1c0cc06d4d
  custom:scripting/monoscript/fileName/TestJobDataHolder.cs: 1e3b4dec54d5610ff8a852c0a9fccf2b -> 2c9edeeac80ff44e86cac8087411d260
  custom:scripting/monoscript/fileName/DiffSelection.cs: 34faf7c86f7e0c9a01162e930679d82f -> 1460aaba4240ef35322cb9c198487990
  custom:scripting/monoscript/fileName/EditModeRunnerCallback.cs: 8a8dedaa2bec26f26744df4ec8e2f191 -> 
  custom:scripting/monoscript/fileName/EnterPlayMode.cs: 3cb26e64a9bc927aa1556d517c8e8a78 -> c730bf9ff77514bb260ba9933378e49c
  custom:scripting/monoscript/fileName/Filter.cs: 18ef22850e69a0e3e97548ae5b255f92 -> 935824dbebf762a19f2d4c4751625fe2
  custom:scripting/monoscript/fileName/DrawStaticElement.cs: 6cbd346d4a1be2ee84c9ebe55a7f9f79 -> 5765d84d60602f16f5577bf0b7fc6b96
  custom:scripting/monoscript/fileName/MoveDeleteMenu.cs: f1a7b8a8be76c035d934c51863f3b934 -> c4ad4528e772c33a6167006886a8d1da
  custom:scripting/monoscript/fileName/DialogWithCheckBox.cs: 738e3e0af97e826e16805dda77e5f009 -> 
  custom:scripting/monoscript/fileName/UnityTearDownAttribute.cs: 4a3d30720366843ca221fd554845c187 -> d90d4ba0821a80f48bd6cec8eab8964f
  custom:scripting/monoscript/fileName/DateFilter.cs: de3aab0283a2b4a1d4d64145b14132d5 -> 3a6cb8c2e3ffbb5a9052e322ee5bf411
  custom:scripting/monoscript/fileName/RemotePlayerTestController.cs: 83176596b43ae79e65d8c3ccfd7c1c75 -> e65e7856c7b5238a13243fffbf64f7eb
  custom:scripting/monoscript/fileName/ConditionalIgnoreAttribute.cs: 507a506f130880469465e0381c429447 -> 9f2f3d4c6b56d5f470ccdd0e1820d51b
  custom:scripting/monoscript/fileName/TestMustExpectAllLogsAttribute.cs: f1224ac9ffb401dcd2c905e6a783da06 -> cdf1c75549affd080e0ddbde5bcb7c34
  custom:scripting/monoscript/fileName/TestBuildAssemblyFilter.cs: e3ae3b9dfa7b065b08d520845d4f070d -> 056870da734fd8ecf77d00737a22149f
  custom:scripting/monoscript/fileName/ITestRunnerListener.cs: 07f2f49d67775d1bad20bc1589a5769d -> d52675266925b8e603f210be3981d59b
  custom:scripting/monoscript/fileName/PerformInitialCheckin.cs: be22d181e456c0a8a5713675f29ac72a -> 8ef9a9f407b8b94b2b5fad9d24e61f79
  custom:scripting/monoscript/fileName/ConflictResolutionState.cs: d9394655856a9fc1a0b280bc997bac16 -> 74a230000ff2fd58c5a60ab4258207dc
  custom:scripting/monoscript/fileName/IEditorCompilationInterfaceProxy.cs: e8a39ed00046a7b93647d4de1a3e0e00 -> b1e49de3ac2ed1feea91c5f6846d6e49
  custom:scripting/monoscript/fileName/EnumerableRepeatedTestCommand.cs: 229b55de651d474bc2ca3733382eef36 -> dbdc4517e80e66a31f48ce40e06931f2
  custom:scripting/monoscript/fileName/FindWorkspace.cs: 39bbd18bfe6bf4a99f5c185dcda4dd4a -> 6af6c9e9382fef881c020ab184e6f7f5
  custom:scripting/monoscript/fileName/CommandLineOption.cs: f2f0dbe72e14e05a5259c3e6cb3ececc -> 211f73ad4421274a5a418608b74cc839
  custom:scripting/monoscript/fileName/IPostBuildCleanup.cs: 7bc004ae26b110cd32d3401b0981f815 -> 8d43f6dbc44addb43106f91d15047771
  custom:container-demuxer-ogg: 62fdf1f143b41e24485cea50d1cbac27 -> 
  custom:scripting/monoscript/fileName/TestListTreeViewDataSource.cs: 8b5a59ec2d06d36e63ce53a34e1d591e -> 153f0d5d9a6099f80f6d26e9c0ad6b7d
  custom:scripting/monoscript/fileName/CheckinConflictsDialog.cs: d3af1d70d3f60a9847d2942647274222 -> e13fa04a97fb675842c94586fc602871
  custom:scripting/monoscript/fileName/CommandLineOptionSet.cs: 6bb45bf9141d4fec50aae5aa4651fa84 -> 57b6c3812f217f48a5cedf066a216cfd
  custom:scripting/monoscript/fileName/ITestRunCallback.cs: 0ac8617cc2dc9780c575b6eb03f6d505 -> 7d90e4d27cccfe89ef24a93578e15a74
  custom:scripting/monoscript/fileName/AuthToken.cs: d22b2893825e943bc1389be142abd57e -> 0fba7e8eb1ec8b699f274cdc956451b2
  custom:scripting/monoscript/fileName/ProgressControlsForDialogs.cs: 6bf8e69ac7dc2163fe988e5d8181ce88 -> 7e6bd1727985204e3b64e1946e589b1c
  custom:scripting/monoscript/fileName/AssetStatusCache.cs: beede06d8a6d93e7907fd192ad653f2b -> 260d5f85663ac58b2a7e9553c453bc3e
  custom:scripting/monoscript/fileName/IEditorAssembliesProxy.cs: 81289fa7514ad1168ecb67afff27720d -> 8586f95fda82b1fa948b8ac0ebb50a9d
  custom:scripting/monoscript/fileName/AndroidPlatformSetup.cs: 56c28d48cf01b1b2c96f64a6827ffac4 -> 67d5fa212608c900d88b1544a5f49997
  custom:scripting/monoscript/fileName/OrganizationPanel.cs: d7ac1288bef1b15a05bb26d201a4d87f -> 57a57e6a345dbd536e91c348b70943a9
  custom:scripting/monoscript/fileName/ChangeCategoryTreeViewItem.cs: efd70108e1f6ff61ed2723220486adfc -> fd14db176fff061715c8ec88ced1902f
  custom:scripting/monoscript/fileName/CurrentUserAdminCheckResponse.cs: cec2f173fe8732108711c497674c6f66 -> d57c2dcace740834acd59fdfbc5023b8
  custom:scripting/monoscript/fileName/RenderingOptions.cs: a84cebfad0b53e3dbf0202be3cc1d6d3 -> 
  custom:scripting/monoscript/fileName/WorkItemFactory.cs: 9cd58300f748e3250316447e9d2a8d06 -> d8b2e380888ccc980a475a01f04d7a45
  custom:scripting/monoscript/fileName/UIElementsExtensions.cs: a191d7293be4538b0adb29dfe5b06a46 -> 52e0d612ab032e4d22e9558b90396b99
  custom:scripting/monoscript/fileName/PlayerLauncherContextSettings.cs: 89c041e42e3e6c336ae4ddeb40f2d12f -> 3c0a34dce28ade8f88b3e213fadb0738
  custom:scripting/monoscript/fileName/CreateBranchDialog.cs: c429477092287209232592c8cde1a615 -> 9eb29fda08033b4f847247136c412db6
  custom:scripting/monoscript/fileName/RunSettings.cs: c8ba576640d505c59ca4d995eb1b55e6 -> 6770f3fdaf287e73ff6c63f28a5a7e92
  custom:scripting/monoscript/fileName/UnhandledLogMessageException.cs: d6d6ca25090fc3eec22959040bde30f3 -> fa6ee6fe2a221a71f213304ae56898c7
  custom:scripting/monoscript/fileName/EnumerableApplyChangesToContextCommand.cs: 7e82e96f40f2bf4118aab6f6aef1d287 -> c2aa6cedc66892dd581c50a4d9b6a147
  custom:scripting/monoscript/fileName/RecompileScripts.cs: 33cdfe80e47d8b05e5ee4c6c33b4993e -> 73e345449efb1420f34aad9debcdf2bd
  custom:scripting/monoscript/fileName/DelayedCallback.cs: 4d96f98a05296a6e495fa9916bc0a91b -> e88c5396d33adcd6404b4cb8a051b2b1
  custom:scripting/monoscript/fileName/OrderedTestSuiteModifier.cs: ddbca70bf46f5e4ca706b058ef23253f -> 6a8006d91a7636d39c6731494060c3c2
  custom:scripting/monoscript/fileName/DrawCreateWorkspaceView.cs: 6422239d8f649480614f0dd4f018b7f2 -> c6039ac84d85ab3926aa94de163a9f7d
  custom:scripting/monoscript/fileName/ProjectPath.cs: 5634ebdbea8ca94089eb9622d1b60497 -> 2007f972d3a73eeb86dfe05e849c7f69
  custom:scripting/monoscript/fileName/SSOCredentialsDialog.cs: 8967ceae1bc195ea8dd32b23c42dd852 -> e140ede12a96f68f30062138385171c3
  custom:scripting/monoscript/fileName/DefaultTestWorkItem.cs: df6f5a85dcc29cabfe426927cfff8766 -> f906b4fb5b78cb9d23a07212620919d9
  custom:scripting/monoscript/fileName/TestRunnerApiMapper.cs: 213999ba10693518027e8ab0204d1885 -> 241489454095fad1d1d89166ee62820f
  custom:scripting/monoscript/fileName/LegacyPlayerRunTask.cs: 328c044124055242f6ddb7aa596ab1d3 -> 148e0500b0761261bc418d25c26e82b1
  custom:scripting/monoscript/fileName/Vector3ComparerWithEqualsOperator.cs: 6b9a33545ada02177d266ed1f5b19290 -> c497cde63ec72672e5f69e70b932688f
  custom:scripting/monoscript/fileName/IGuiHelper.cs: c60290192a780a358cb4d2eed657f7f8 -> da57d3fb0f8ace42d5b01eed25e9e3d5
  custom:scripting/monoscript/fileName/DownloadPlasticExeDialog.cs: 2dd40c53d0303d041a27a44a95c331cb -> 093cfe0607c2346a88cdfdfe1435614f
  custom:scripting/monoscript/fileName/GetOperationDelegate.cs: e719058321e4f2be94be212e42f097c8 -> 
  custom:scripting/monoscript/fileName/OutOfOrderExpectedLogMessageException.cs: 22c4a953865c583fd55d80a54c5d6c18 -> 4ff78bac16cc86124e588c20ad3ddba7
  custom:scripting/monoscript/fileName/IPlatformSetup.cs: 9a0668684da27d1ddefa88d99d869448 -> 6f20476898784a15f8b8eb28653a67fd
  custom:scripting/monoscript/fileName/TestTreeViewItem.cs: 3239fe248332ddd6a904d9cb0680e538 -> aae3d62f4daf680133c1c18c7814d15e
  custom:scripting/monoscript/fileName/AssemblyLoadProxy.cs: c6dff8352382292b9959041d98303a41 -> 0f3a4ee005eb8f7b33161c2ba6196e00
  custom:video-codec-MediaFoundation-h265: 746d11721c4dcdbdad8f713fa42b33f4 -> 
  custom:scripting/monoscript/fileName/SaveUndoIndexTask.cs: ab03f94eed1b9c2e86cabe91ffdb6ab8 -> 6e0bcd5f418cf8184993174ac732fff4
  custom:scripting/monoscript/fileName/TestResultRenderer.cs: 9bb52db8cdd7fbc7b27d62af73d00df8 -> 2e8123de6d2eea4d42efb7a87e150b27
  custom:scripting/monoscript/fileName/WaitForDomainReload.cs: ec74674e8cae527fdeb410a81a4658a3 -> b6033700f0adcf3b23782f04c42e269c
  custom:scripting/monoscript/fileName/PendingChangesTab_Operations.cs: c99065f3c85ec85c85ece2a1a30665af -> 15ae6787065f4af65778e981f418a60b
  custom:scripting/monoscript/fileName/LocksListViewItem.cs: cc9cd24c5be4f7363367cba72f12aad4 -> f4a19fabbec093eb3d6a7e1cd4f42611
  custom:scripting/monoscript/fileName/ITestSettingsDeserializer.cs: e43933e90cb98a9555f922952cdb833f -> 22e37de7af2cea07971d0ba87110dad7
  custom:scripting/monoscript/fileName/UnityTestAssemblyBuilder.cs: 9b6ef4c0578639ba943c8f65e1e8d74d -> fa151eb16842256647a2914b37e4bf9d
  custom:scripting/monoscript/fileName/PendingChangesViewPendingChangeMenu.cs: 561ad0f702e1db14300a4a5f810051f9 -> 9a6ef2277212bf26d647c7f12f946287
  custom:scripting/monoscript/fileName/SignInPanel.cs: f7e82045994d4eefe3b021faa87b55c6 -> bac0318ce35e37bed3a2cc8137452435
  custom:scripting/monoscript/fileName/DrawInspectorOperations.cs: 61c4a6a6507d8f84ef5bdf5cba3f0aee -> 8c94fe642e98309082411f46db89106b
  custom:scripting/monoscript/fileName/AnalyticsTestCallback.cs: 86b513e5c36f0343183de924372e6da6 -> 70c2658c96c40ebe349fda85c81dae6e
  custom:scripting/monoscript/fileName/TestTaskBase.cs: 4b3bfcc0ce488c09e9c983c955b234c0 -> 162ca0c58961a22b2d7f2a866ccb62df
  custom:scripting/monoscript/fileName/DrawDirectoryResolutionPanel.cs: b77d9918f02a8eac64394aaf99fa4b28 -> e4e3c9b4bc511687802b504b71016540
  custom:scripting/monoscript/fileName/CloseWindowIfOpened.cs: d820344e932a12600b5fe6fb7e9f1563 -> ce229ef3b7461ff17e2c1af0695a6657
  custom:scripting/monoscript/fileName/SaveAssets.cs: e472a52843752df7d7ad4ca6b2c8da98 -> b56abea3d51c742ac29e4aec958afad6
  custom:scripting/monoscript/fileName/TestLauncherBase.cs: 55b4d99610fbeb9ecb7ee6ead3251104 -> c78237b225a855d3af10df4cd8d6a1b2
  custom:scripting/monoscript/fileName/FloatEqualityComparer.cs: 4dac02b3f722be0497415c960455318c -> 6ddc5d5b0944c660e6b695f37c9febc8
  custom:scripting/monoscript/fileName/ResultSummarizer.cs: fcfdcb2adeeb82cb8f411b44b44abdb0 -> 
  custom:scripting/monoscript/fileName/MergeViewMenu.cs: 93bc40369a2f104c249cef1d685ad358 -> c1676e16bdcf215f6595ea9de7a1fc33
  custom:scripting/monoscript/fileName/RepositoriesListView.cs: 9f95c83dc460fb03fb0916472f14b8a7 -> 95287f65338ca0073ad04002a16eaaf7
  custom:scripting/monoscript/fileName/HandleMenuItem.cs: 740e54c5f6dca1acc88cad87af74b744 -> b4ad1ecc5243212c5967125ad5e41b1f
  custom:scripting/monoscript/fileName/CompositeWorkItem.cs: 77037823112276c67676f1e42edf1cd2 -> bc884a89fde61fa75209209a03bbd836
  custom:scripting/monoscript/fileName/ScreenResolution.cs: 5c975132cf4e36dcc261bd0acd604271 -> 7bb7bb5b955671820101b322f0a7bf3d
  custom:scripting/monoscript/fileName/RunFinishedData.cs: 35b8f95dad4fefe115ad61c2c01125ab -> a22f15c3a79d1f15ccc31ec29ab37874
  custom:scripting/monoscript/fileName/ApplicationDataPath.cs: 8e4094e28762fb76a1baecfe90c6b65e -> 3e8c4ea8debfda8013fed860ac233d22
  custom:scripting/monoscript/fileName/MergeSelection.cs: 6deb9bc55c10a7ac7c9f905a7b92dbe8 -> 630eecd27cae3311e65e09d9c63da8b7
  custom:scripting/monoscript/fileName/PlayModeTestListGUI.cs: 9528035223f9376ea8c5bf32da2d30c1 -> 
  custom:video-decoder-ogg-theora: a1e56fd34408186e4bbccfd4996cb3dc -> 
  custom:scripting/monoscript/fileName/RepaintInspector.cs: f134606300316994850c28a68d0cb5a3 -> 
  custom:scripting/monoscript/fileName/LockStatusCache.cs: 5e3725e03dc21c716034553589a67eae -> e99b3f34c5cd3eb73ec19439af1f7f80
  custom:scripting/monoscript/fileName/DiffTreeView.cs: 68195907d129ef826aa6b6df7202696d -> 49f46fd2a65ea674a218eead75f27aac
  custom:scripting/monoscript/fileName/UnityTestProtocolListener.cs: 031f67bcc950e88772c7e00661691db9 -> 0d4d2ab58d3a081f00c0f200ee8696be
  custom:scripting/monoscript/fileName/DependenciesDialog.cs: 82d30fc8d5e1a73ec0d1ee9acc00fbc2 -> c8902186ab2f4e6471b5dd147afb01b6
  custom:scripting/monoscript/fileName/ChangesetListViewItem.cs: 95a197949f1e777703db60eea8cc21b3 -> d742a4910e302777daa1ccb9c8e92cb9
  custom:scripting/monoscript/fileName/LocksViewMenu.cs: fda08381fa9abca53b6eaf3bf55f14f8 -> 186d8514e824865b191ba1829afe4b33
  custom:scripting/monoscript/fileName/MonoBehaviourTest.cs: 8f6297df34271fdb1ce2d9607ec6261d -> 90647cc400823b41df847a6cbfc29026
  custom:scripting/monoscript/fileName/IncomingChangesViewMenu.cs: 5f96afa82d3e2a8078206b7f6d3b0752 -> 13196979a03411533716f6775c9a624b
  custom:scripting/monoscript/fileName/QueryVisualElementsExtensions.cs: 75ea535788abf9c38ba9341c984a6241 -> a49740b6efbb934f55475cc70b864a4c
  custom:scripting/monoscript/fileName/DivergentMoveMenu.cs: 5b146ed65a6a030ab7d86a0d711244f7 -> 98d76b5791494212a0c25aa6a4af7288
  custom:scripting/monoscript/fileName/TestResultRendererCallback.cs: 11a504294abe84b81ed7535d2d6b52d7 -> 215106b260625bb3e26681b849d9307d
  custom:scripting/monoscript/fileName/PlatformSpecificSetup.cs: c7583018fa54cbb13353f07300f73380 -> 0a7f9c0b27ae370d8bd5d3df4916ae28
  custom:scripting/monoscript/fileName/EditModeLauncherContextSettings.cs: 716154923321c522b7f6492b24dc4629 -> d1e413330d98a9101237ccbe91f95dea
  custom:scripting/monoscript/fileName/PlayerQuitHandler.cs: b367910cee7b2e682885ab95e27ec0ea -> b4085dee8fd70ae04ac96945fafed489
  custom:scripting/monoscript/fileName/WriteLogConfiguration.cs: 1a8401f47b522f631a3dc005105719f5 -> 1589212d1638ae91a029ea3ddf9999f2
  custom:scripting/monoscript/fileName/PrebuildSetupTask.cs: c7a55bff004702e0146f0b7de9de0c32 -> a4e888a510b1441a257b12183e59237b
  custom:scripting/monoscript/fileName/UnexpectedLogMessageException.cs: eb4b453bac6ce1ffa84fa1fcbecd8818 -> a7bbf32861c66018271b093fc1d1061b
  custom:scripting/monoscript/fileName/FileSystemOperation.cs: c31a686e69e66801c204a11be56c950a -> f0ccbe91654279794a85bf6f1c034716
  custom:scripting/monoscript/fileName/RerunCallback.cs: ffe49cf602017087ffa7749d06513ace -> 
  custom:scripting/monoscript/fileName/MigrateCollabProject.cs: af93695e471d9c8e4ad014c4165f2c3c -> 9f3487f03a783b35518405572f20ac9e
  custom:framework-win-MediaFoundation: 216162199b28c13a410421893ffa2e32 -> 
  custom:scripting/monoscript/fileName/ITestListCache.cs: 530322f74ae4ee44bba33a2f253d3260 -> 93f202374a8dd6602503d990ab2feb72
  custom:scripting/monoscript/fileName/TestRunCallbackAttribute.cs: 0f465317bd2bfaae92f90a6ee84c0d18 -> c61459d4a70eab5bd767d5a1f82f55d8
  custom:scripting/monoscript/fileName/ProgressControlsForViews.cs: 7d677c6df38ab15cf390062b5b0bb854 -> a8a18a90f46aa63848e1e45d8d7ff9af
  custom:scripting/monoscript/fileName/DrawAssetOverlay.cs: 04a46044def089f0abcdafdd281e3646 -> 
  custom:scripting/monoscript/fileName/PrebuildSetupAttributeFinder.cs: 2bad1feb91972325181c65f0d7b65426 -> 1f975f3a70c8f9747da919735d84e6c3
  custom:scripting/monoscript/fileName/ProjectWindow.cs: c62567a3d71fd74636bc783de5162474 -> 
  custom:scripting/monoscript/fileName/TestExtensions.cs: 06f4dc0f3112fa2e5582ace2497b1b80 -> 8e47deac44d7b87eaa5df5d00556dc15
  custom:scripting/monoscript/fileName/TestEnumeratorWrapper.cs: 3f82598f123760f637b0f70a1f287d77 -> 3e969f8448dc5644f60fbcb6f1badbcb
  custom:scripting/monoscript/fileName/MergeLinksListView.cs: 826afb5fb5988163105086b4bf5027af -> c9488671ae9b14523680d0c19097baa0
  custom:scripting/monoscript/fileName/UnityCloudProjectLinkMonitor.cs: a6d5b729fcd63f578363f7929a986e8b -> 86b74508945daf368996ea82904ac8da
  custom:scripting/monoscript/fileName/LogWriter.cs: a4f5ec34386b4e23f87b43dd16f6db46 -> 89105d9cfbe59e79a996dde998b3e7ff
  custom:scripting/monoscript/fileName/AttributeHelper.cs: 9458f4b34c0ac14db5c169abc8e43f94 -> dcab3630cb119e1a5f7f9c7b24677e49
  custom:scripting/monoscript/fileName/TestRunCanceledException.cs: 95340416bb18b4fa3930cdab2cc1fc66 -> ff7dc6bce365deb50fafe94b823009cb
  custom:scripting/monoscript/fileName/ISettingsBuilder.cs: 519472d4601ec620807556de1c3db699 -> af84c62ea6a033820a24a2d04c70d5c3
  custom:scripting/monoscript/fileName/Vector4ComparerWithEqualsOperator.cs: 3cde4a46f80e6bcedaef4297c8060490 -> 982db4358832ddfb456522b96543f1da
  custom:scripting/monoscript/fileName/UnityTestExecutionContext.cs: eca56c04b69a8399029cc9730daae5fd -> 4c0ef8e8d96fc20b3ec58c9447d6ec92
  custom:scripting/monoscript/fileName/EditorProgressBar.cs: 7418be9b22aaea32732f8a5f49569d1c -> 08c2f2b90ef64df631d46389f0e22c8e
  custom:scripting/monoscript/fileName/MeasureMaxWidth.cs: cd9322680ae61d38397008451b7ed0ed -> 1569e3f1dad91a9b01cba66ab6aa30b0
  custom:scripting/monoscript/fileName/SaveModiedSceneTask.cs: 135adac13be698ff4439d6c6268aa5b8 -> 
  custom:scripting/monoscript/fileName/TestSettingsDeserializer.cs: a44271a81256da8d6d9195e1628af709 -> 2daa2d89ea5f024d33cb1e72a3d35d63
  custom:scripting/monoscript/fileName/ChangesetsListHeaderState.cs: 69fc4f1a2bc3782d7043ec48961a3616 -> fe1392f9b135da83e13fe8a5e5f39fc2
  custom:scripting/monoscript/fileName/EditModeTestListGUI.cs: 8831f0ca2dcd13614282b516af72c688 -> 
  custom:scripting/monoscript/fileName/TestResultSerializer.cs: 52a416bb91eef89cbb19dd3cf67adb65 -> b75c8de5ed0cf8b4071350488249260d
  custom:scripting/monoscript/fileName/PendingChangesTreeHeaderState.cs: 7d278b5569d28437d07554a3bbb56e1b -> 5d7f70d142c9ac67864ec14950523d62
  custom:scripting/monoscript/fileName/BeforeAfterTestCommandState.cs: ffd46073254dc1bdb5c1bca6005d67d9 -> 590f9af42d8f6706b758d6c33b25bf7d
  custom:scripting/monoscript/fileName/MissingEncryptionPasswordPromptHandler.cs: 7f5831fc8a41e9cadd84fcfd0e885072 -> 5d7b9646eb14a39b6d3d5bab19d266ff
  custom:scripting/monoscript/fileName/ChangelistMenu.cs: ca33bac56b3a337faa90a1b1bba632d6 -> c1bf5aeb760cc5eae584ea3944d6531b
  custom:scripting/monoscript/fileName/NotificationBar.cs: d1a4cf5e8103d80fd25347275f906aa8 -> 50f1a85fa18d94338418def78dcd8543
  custom:scripting/monoscript/fileName/EmptyCommentDialog.cs: c9c28ff22d24598d7e4856f434bb1b92 -> 99cc06133e502eab7998108e26fd5614
  custom:scripting/monoscript/fileName/UnityThreadWaiter.cs: dbd556f2802baab90a20da38c288d36c -> 99333406d92d10003984b4d1920de2f9
  custom:scripting/monoscript/fileName/CredentialsDialog.cs: 179b5e49656a1623c2e79d838f0f5876 -> c785d5e40f8d66b7ef7ba04ee7c324e0
  custom:scripting/monoscript/fileName/ProcessHubCommand.cs: 30630f626164e285c361aa64e681100e -> 8ab0fc63fa4d9d749198dd61b09d7e37
  custom:scripting/monoscript/fileName/GetRestorePathDialog.cs: e21eb9983f0b989125951478cd5e9b35 -> 353d1126ca2d2063d5bdbd06806ffc08
  custom:scripting/monoscript/fileName/UpdateReportListHeaderState.cs: 64a5bf775d221ad9a5ff8c78a1e0e1fa -> d6cbe54be2898ed2c96c2e79572c2e08
  custom:scripting/monoscript/fileName/LocksListView.cs: 8c6202774eebcf67be9c3b5a2926cc7c -> 7aa51ff93bcc98aa05dec8b46ec200c4
  custom:scripting/monoscript/fileName/DownloadAndInstallOperation.cs: b043b8d5921892e87f4566e00162cff6 -> 4f4065aeafda2af0ec272a3c228e27b2
  custom:scripting/monoscript/fileName/DiffTreeViewMenu.cs: 3e62bfc69ca7486976988e151b88922e -> 8039fc4ecf68b3e966e1f4822789e7fa
  custom:scripting/monoscript/fileName/ICommandLineOption.cs: 147751a92efc4c8cac91a9a528c2fb1c -> 58da599070a3bdab08afc8355de79ed5
  custom:scripting/monoscript/fileName/UnityStyles.cs: 1a176026ce9da8057f3ec90dfe0bac74 -> bbbba3cda37678cfc74d71ffebf36e7f
  custom:scripting/monoscript/fileName/EditModePCHelper.cs: fed3c3b34697ace66d06f26c80e9297a -> e16a214ddb2d161f4792170cb0c8e6aa
  custom:scripting/monoscript/fileName/HistoryTab.cs: 4d086984813cd90d6be245dd8e03a2ba -> d57f000c65fde42a2228c7a105a836e5
  custom:scripting/monoscript/fileName/AssemblyNameFilter.cs: 6517804d9019b844c3f33c3b43a18f84 -> ce7ef29746fb23841833950bb87cfa6a
  custom:scripting/monoscript/fileName/HistorySelection.cs: 7c3afcf345a55e8b77ea41ca0f570218 -> 3d07a3d1241e204b5420d71f1137eba4
  custom:scripting/monoscript/fileName/CreateWorkspace.cs: 7b3086384e5ddcd73cd5064a3ce31cd2 -> 5256205b5cf0570b6f698c7abe518f5a
  custom:scripting/monoscript/fileName/ShowWindow.cs: c731454122754eec192bc3c53fac3d95 -> a6bb1d20733c178256b38974418d7450
  custom:scripting/monoscript/fileName/LocksListHeaderState.cs: b80c5f044f18764adef2e9dbea5f0fb1 -> c7fe4d3b5f954615048f8e79925d29e3
  custom:scripting/monoscript/fileName/RemotePlayerLogController.cs: 6007c2a9667c47ca237ace4f2531438b -> 158b55f2a8781eb1cac7ac26acd42fc6
  custom:scripting/monoscript/fileName/EnumerableTestState.cs: 074d7b301977647491f399c62e52cbc1 -> 30e3efb82d3f99d65cdecdd2f0bc0194
  custom:scripting/monoscript/fileName/CreateRepositoryDialog.cs: 1e1c5399cf3d0b071c7982c565a710ce -> 5cec3e66b09e0dbe1f805953c5c64af9
  custom:scripting/monoscript/fileName/UnityTestAssemblyRunner.cs: 3816e248a2cfe06e2622e0204123f53a -> 6329fd25aa4b3ce344b8f9506a5c2047
  custom:scripting/monoscript/fileName/RenameBranchDialog.cs: a3111a345c6451ee64cd16f1989c2313 -> e5c89c05c87517babb3730e87196a494
  custom:scripting/monoscript/fileName/ITestPlayerBuildModifier.cs: 144d61bec4e604c687a559324e865570 -> fe113c86bde5fdad424c8cc5e51fe0a4
  custom:scripting/monoscript/fileName/EncryptionConfigurationDialog.cs: 6423045767c07e6360ff314ec741c601 -> 19e9c54aff6ffc68d60fe11f80578947
  custom:scripting/monoscript/fileName/RemoteTestResultDataFactory.cs: 82b227499ad613fb85cbd7542a960c8c -> 875f30f4d57949231d64836d9e348a72
  custom:scripting/monoscript/fileName/UnityTestAttribute.cs: f0f5f36d5b331df20c3357ff1637e397 -> a53f050fb661d50bb6c962963a554f8e
  custom:scripting/monoscript/fileName/TestListCache.cs: 8e95164bb40beaf2361efc98dc17a66b -> ff7c7e6ac29ad86c5fe33a64ed0d2f4f
  custom:scripting/monoscript/fileName/UnityTestMethodCommand.cs: adc652ef2db502396e2bc23b9d9a66f3 -> ccfa8ff8b49ded2664d646e8ee3d5ff4
  custom:scripting/monoscript/fileName/CheckinProgress.cs: 298ac58365579798eb3b4defc181ccaf -> 75b93dbc5ef307111f0647f735640420
  custom:scripting/monoscript/fileName/ITestRunnerApi.cs: 7ab503b15e3438e134c0702f000eb0a9 -> a476c74c9cbf5732bdfc8c88b9702476
  custom:scripting/monoscript/fileName/AssetCopyPathOperation.cs: 571ede78b6298606a236918df9df62d5 -> 633a9d130b72ba594756844b628f0ae2
  custom:scripting/monoscript/fileName/Vector4EqualityComparer.cs: 2b4abe9ea592b7513d6aeaf121d66f76 -> 998bf018f3e79a3b4501bebf13133ef3
  custom:scripting/monoscript/fileName/PendingChangesSelection.cs: 766664749a54eea9ecce5dff917430ef -> 1721ad72d074757364587c71b49d9382
  custom:scripting/monoscript/fileName/EditorLoadedTestAssemblyProvider.cs: 30976bb8f0671594f080cfda4f365c0a -> 406b39f61e53aa4b6c435e30af6b5276
  custom:scripting/monoscript/fileName/Utils.cs: 0d3272cd783b90f4eef2bf111d5a7b15 -> 38efaa10a2cec4e71a9eaf567c91a8a5
  custom:scripting/monoscript/fileName/LuminPlatformSetup.cs: a7bbd552cf00b6b349997b7d2e68359d -> e65a295a4e58fc042cc74afa9243a080
  custom:scripting/monoscript/fileName/ResultsWriter.cs: 45d4009781f259d024c859617b776a29 -> ccd0afcd43fc96f0f8be5313b60e6c07
  custom:scripting/monoscript/fileName/LoadAsset.cs: 9042eb334fc462cf466672445be1d4c2 -> 5e4e082aa5b21c13b80eb237fe94d00b
  custom:scripting/monoscript/fileName/EditorAssemblyWrapper.cs: 1da4fb3eb1b01bdabc7899984e06e2b2 -> 8682dbb48030d53c622cd194bfa9e87d
  custom:scripting/monoscript/fileName/Images.cs: 0b0c14141950fed99e3ef33199b3b4c9 -> fbdd1e600315d249327f3effde045c9d
  custom:scripting/monoscript/fileName/DrawLocksListViewItem.cs: ce3a3d64ec2d84c3556ffd4141efc4f7 -> 6201c4d50383e970d554210505562d37
  custom:scripting/monoscript/fileName/DrawProgressForOperations.cs: ea9179848be98ee7719316b39339ef29 -> b544f18e6532ba53bbd1b691fa5cd571
  custom:scripting/monoscript/fileName/RequireApiProfileAttribute.cs: 519035bad40b0361872a678d221fcd1e -> 4cce4894a0d08ef40fd237b8e50d1caa
  custom:scripting/monoscript/fileName/CleanupVerificationTask.cs: 66002b5b43bdce8f787c2d84fc03dc42 -> 12e81b196e7eac521f1ae8e0411b3d28
  custom:scripting/monoscript/fileName/ViewSwitcher.cs: bb22cc2814598bf2511f6c811c1dc194 -> dd1f6d6bc6ad5beda69b13cdb560799f
  custom:scripting/monoscript/fileName/RepositoryListViewItem.cs: 2f16ba7694ec7934685021093e722c4e -> 3cabcd81911a2500dcd9e2b6ffae3f00
  custom:scripting/monoscript/fileName/InspectorAssetSelection.cs: 71ba78e42827a9b22a9a6016733d756f -> 4b3c1ae4c44d88205aef26229acfe022
  custom:scripting/monoscript/fileName/UVCPackageVersion.cs: c4d95cb84d9d8dff4727eba6b0a64378 -> 
  custom:scripting/monoscript/fileName/IncomingChangesTreeHeaderState.cs: f578f4545f0afb1f0a2de9a25e26e33b -> 9fcb97ef2da44c66332f5c6800c2e6ed
  custom:scripting/monoscript/fileName/EnumerableSetUpTearDownCommand.cs: 6c84bee1095d71c3f496285ac7de29fb -> 16b603dbb9724508977696171a42991f
  custom:scripting/monoscript/fileName/DrawTextBlockWithLink.cs: d38f3ee197d9063693d0301d5157b32c -> 1d43814d810f0d56e2964ad3b72f271e
  custom:scripting/monoscript/fileName/EnumerableTestMethodCommand.cs: dfec1548954add0987599d6dd0f01df0 -> 9040b48595c4d63d6c1126d81d3f1105
  custom:scripting/monoscript/fileName/WorkspaceOperationsMonitor.cs: 5f05751fd4d94e02e79a5bf200f98f9a -> 43dcc435c252a54bdaaf4d6588b7d66e
  custom:scripting/monoscript/fileName/EditorCompilationInterfaceProxy.cs: e4c0c6a3551d03ebd5ce8bc0c8444c16 -> 12bc7b3dd0ab2ff83629d76ca37d0d4d
  custom:CustomObjectIndexerAttribute: 9a22284fe3817be447336de3de66b15e -> 
  custom:scripting/monoscript/fileName/TestResultAdaptor.cs: 39fb6e85727c0d47ffa8785f61586e3d -> fb4db3971d5379750cda884e7e44e3e4
  custom:scripting/monoscript/fileName/PostBuildCleanupAttribute.cs: 31fa08dd08b1105fe7a49dcbe5b1ac85 -> 71391ff444f943d9ad8dd0d42b7ac81f
  custom:scripting/monoscript/fileName/ShelvesSelection.cs: 05891c88858e4ac7776c0c0c49b5b74f -> 8a3e11e7cd7bbf10b24988c7bf636dea
  custom:scripting/monoscript/fileName/TestTreeData.cs: 0f4cb01478895c7c3d9e4409dc682c1d -> 1859d24be324d8fb87ab0c693d76d928
  custom:scripting/monoscript/fileName/Vector3EqualityComparer.cs: b5ef1af8e8222802b1e616dabbbf7eb3 -> 1c8652cac1f220d6409ab1ba3f211615
  custom:scripting/monoscript/fileName/ScriptingRuntimeProxy.cs: e5e5d36b9b276c8f6937a94b5dfabde5 -> 19d9ac4d844404a0464698120ed39275
  custom:scripting/monoscript/fileName/MacOSConfigWorkaround.cs: 8634a542fc5c45ea8cd9a8244bf2c871 -> 9fe61e763da506601651f6c451cecb0a
  custom:scripting/monoscript/fileName/IncomingChangesSelection.cs: a96a5a084d59fe3917a3831b68fa9479 -> d86f9f4463e6f9d99bb815e1f018ccf1
  custom:scripting/monoscript/fileName/AddMoveMenu.cs: 07e842d83dd343358454fef0a7927a0d -> e681c3341f01390e9c1d636ae93280df
  custom:scripting/monoscript/fileName/RestoreTestContextAfterDomainReload.cs: f915dc737a51db5619c0ddbc3d7e4801 -> 3f8ddcbc7c316ccf5012287995780eb2
  custom:scripting/monoscript/fileName/PlasticProjectSettingsProvider.cs: c126b47f9f934d48f0646c249a5bfcca -> 8c4ae1aeb34c51d2a5a8924265075ff2
  custom:scripting/monoscript/fileName/WindowResultUpdater.cs: 62ee47153c9bac0200ac618954dd51d8 -> 605812b0e2a9a0174e15ed86a3d5ac57
  custom:scripting/monoscript/fileName/Icons.cs: fab81a9d523e5a61e28f0f54bbcc88b3 -> abf089f96620a0dfa1fac77a06c6c48e
  custom:scripting/monoscript/fileName/AssetMenuItems.cs: 9ce81cedb8e568c6b7b646aa6263645b -> 
  custom:scripting/monoscript/fileName/ToolConstants.cs: a088b027c7b0922429c756f12b0507ea -> 3b0d2490617bc7f94a0bdab65a399e1d
  custom:scripting/monoscript/fileName/MergeTab.cs: f39dce5bbfdc053d284a55fc102a8be9 -> f0a9f00e065364eb63b070091ade67f8
  custom:scripting/monoscript/fileName/IAssemblyWrapper.cs: c5aecaa35bc67342edbe5a12fdcda610 -> 993dbd556e2f14ec6d4f6bce6cb00191
  custom:scripting/monoscript/fileName/UITestRunnerFilter.cs: 06335d4aeb6c8af701629dcac5fd648c -> a9e31eaec62dd508fa917eadb1c52808
  custom:scripting/monoscript/fileName/IUtpLogger.cs: ebcfd45287927053700f4f66ff35b501 -> 1b41334d9fc4fd5edb024e0bd2a6db56
  custom:scripting/monoscript/fileName/GetSelectedPaths.cs: 02423a81496d6c63598b5cdc203f4354 -> be35dd49dddd53fc840b9febf21b4d0d
  custom:scripting/monoscript/fileName/TokenExchangeResponse.cs: 0dd9138dbeab6f132711a5b608de5c13 -> f20183d4cf939766d3c1e15cc3bec2e3
  custom:scripting/monoscript/fileName/ChangesetsTab_Operations.cs: eca44847b108faefa69f8c525242c965 -> 3290c4c0cd248666e01a08ee6d621249
  custom:scripting/monoscript/fileName/ConfigurePartialWorkspace.cs: 309d4276b0164b05348aedbd51cc0b2f -> 10fcc6b6d43dd5ed36c43c6f7b5906c4
  custom:scripting/monoscript/fileName/OverlayRect.cs: 59d6887e4803f8a44ffaa0409470e410 -> 
  custom:scripting/monoscript/fileName/ValidRepositoryName.cs: 43c262be3f66a970816e3d3a3ee8872a -> 56bcf92a3678f6ad6215cae2e4914cfd
  custom:scripting/monoscript/fileName/OtherOptionsFoldout.cs: eea27b9873519c1ea7c35b8afc1b7947 -> cc8f3a7680050422963ebd2bf169a841
  custom:scripting/monoscript/fileName/BuildTestTreeTask.cs: 96cb982a37fe5925168754787bdebc15 -> ca4a5380bc07f43d0ad6bc5c2ca39b4b
  custom:scripting/monoscript/fileName/TestListGuiHelper.cs: 6d40eb061ebdba07e078b90b14eadffd -> 
  custom:container-demuxer-webm: 4f35f7cbe854078d1ac9338744f61a02 -> 
  custom:scripting/monoscript/fileName/TestResultExtensions.cs: f40703becc02ea8bc3b6c19d19f9d745 -> 1c512e213c49ce6d72b9d37b957b9372
  custom:scripting/monoscript/fileName/GetPlasticShortcut.cs: 2a84c035152261f00e7e66eb44cd0ffa -> 5c2b7bf07ddd2284efc64b09ef0f1f72
  custom:scripting/monoscript/fileName/LogMatch.cs: 3705a2877c87af4c4355c7933d389895 -> fed715ef044674dde53628d58d931b50
  custom:scripting/monoscript/fileName/TestCommandPcHelper.cs: acbadd8ac17c9074f1c7f1b037d57596 -> f958b2880473418011bc0cda18245d1e
  custom:scripting/monoscript/fileName/CallbacksDelegatorListener.cs: f80c4f45fed6816f24285f468af00026 -> 
  custom:scripting/monoscript/fileName/TestRunnerWindowSettings.cs: edf34156a2b1507caf7c6651f5ea4bc3 -> fb70b758f65d0605100dbd9482b7158e
  custom:scripting/monoscript/fileName/ApplyShelveWithConflictsQuestionerBuilder.cs: e109c624745dcc4304c557872b253808 -> 02e4256f31bc905362a382e31c3387eb
  custom:scripting/monoscript/fileName/GuiEnabled.cs: 1b1658fd7715b5cc664c10a130c6b629 -> 7bb13fcc8d8cbd392e00f7232841f086
  custom:scripting/monoscript/fileName/BuildPathDictionary.cs: 943911b84162d26cea47f964f9a0a399 -> 9fabc7cc73fcfc50b8a3307c6aa6ec4d
  custom:scripting/monoscript/fileName/FindEditorWindow.cs: 2bb64182aef631315344623cf583c78a -> 8c3c78bb7e82ac5008f8a2b8a0d68cff
  custom:scripting/monoscript/fileName/ShelvePendingChangesDialog.cs: 47aa4c07d31152c0c1eff64d2ba76cc6 -> 86b1f48b5fbaffa67e939e7f404062e6
  custom:scripting/monoscript/fileName/AnalyticsReporter.cs: c71b24da736c66608a20411bc3a519d2 -> 990f0ccd7dd9ebe56483e30a572c9394
  custom:scripting/monoscript/fileName/TestEnumerator.cs: bf6d1620a5c6bd3f28c72bbfed80e429 -> 26328e1622cb69ba0b1e01e906e7f65f
  custom:scripting/monoscript/fileName/DrawProgressForViews.cs: c153245b67af73b7ee03f693a1127796 -> 068a172cb549ad77d9873d721698bd0d
  custom:scripting/monoscript/fileName/EnumerableRetryTestCommand.cs: 73d6d5af06eff02f63f972c0d9d4ad7c -> b281084796eb91cc19de80f3f2b73a56
  custom:scripting/monoscript/fileName/UtpDebuglogger.cs: 06c62e7bf4b353d0d89b78258065c40a -> 2f96cd7ac1384aa23e8238df80ef8354
  custom:scripting/monoscript/fileName/UpdateReportDialog.cs: 706e7e86547c339cdb3a4462e3f7a54d -> 087837d8f73228f1a817d0de82c77260
  custom:scripting/monoscript/fileName/UnityMergeTree.cs: f81f2d7551ab855fe9dc724f3f2e2892 -> 59edaa0a4669bbcb540a261166adc144
  custom:scripting/monoscript/fileName/CycleMoveMenu.cs: 91c21a0be9b3727d7673f94321029c52 -> b3993a7306fc941f55ca963833965729
  custom:scripting/monoscript/fileName/HistoryListView.cs: 527da2d093462f1c4a278d6957e7d5ac -> 7b2d1d2c12ab43d9d244e35197127919
  custom:scripting/monoscript/fileName/ChangeTreeViewItem.cs: 506ed128854137d9f75f9e3d2576a06b -> b0a38ce0a620643c776a3db4fd91bc4c
  custom:scripting/monoscript/fileName/QuaternionEqualityComparer.cs: 1bf489e3042604f863689ba3c73f9e1b -> 0787e0a336d915c2829c2f55fd970a0d
  custom:scripting/monoscript/fileName/ITestAdaptor.cs: 2a73ddc53f1c7b5bf11396536f687ca4 -> 1f6228260995615097fc339d08bee2f4
  custom:scripting/monoscript/fileName/BringWindowToFront.cs: 88b20f2a2881db6a013f54923d68cdee -> a30c7c1ba746c6d277a5aedd3057d15e
  custom:scripting/monoscript/fileName/ShelvesViewMenu.cs: 947ea245959bf421539573511c3a0058 -> da5dc74b3444288f443961ecab7245d6
  custom:scripting/monoscript/fileName/ITestSuiteModifier.cs: 2c6fc66f35fdd1866881280ae909eaa5 -> 4374b14ce25f3e6c8b983b3d579e38b4
  custom:scripting/monoscript/fileName/LaunchCheckinConflictsDialog.cs: 4417eba1591eccb2221bfdce0106c1e0 -> e2c1e3f8f4e14a62e4363fe6259adbc2
  custom:scripting/monoscript/fileName/ParseArguments.cs: 03c1a4d7e357164ca313a0019713c3db -> ae915d9f5fe287ced40627c9ca8bfafd
  custom:scripting/monoscript/fileName/ExternalLink.cs: 685ff1dd6f55eb61a1fd8af84a2aa7f5 -> a8ff952d8c27d10f226ab92b7aa83b69
  custom:scripting/monoscript/fileName/WaitingSignInPanel.cs: 247680fcfc6a176b9fa28a3df600a754 -> 7585e1c7111b6b900784e6d1c9454258
  custom:scripting/monoscript/fileName/RemoteTestResultReciever.cs: 3396dcbdb7cfcd933b2182fbc1532e1a -> 
  custom:scripting/monoscript/fileName/OperationProgressData.cs: 0db72349eeecbe9449a517b1d79cc760 -> 15f68712baaea535af36d9e0333c0a6e
  custom:scripting/monoscript/fileName/ExitPlayMode.cs: 64d4ea6d596aecaf913f45e499564e88 -> f2eb63cb1a92bddb334eb5c2d75abc43
  custom:scripting/monoscript/fileName/IStateSerializer.cs: c5a3e7fac8482b2fe72d059b34fdea4b -> 2c22f7cb714163eee04bfe4b72ec4957
  custom:scripting/monoscript/fileName/UnityTestProtocolStarter.cs: d1e78341b65caa27eeb465ea61128aba -> e4b107bc354fd6dcbd62420da6500b7c
  custom:scripting/monoscript/fileName/RepositoriesListHeaderState.cs: c0353a1af15ae4fd3d5a2a3cac816423 -> fb71b961ab7c924511a6b0e8680b60ee
  custom:scripting/monoscript/fileName/ClientDiffTreeViewItem.cs: 56be9d3aa410e770e75de2d8b93be89d -> 43bdd7aa5bf1aa039a5b572c119c38d0
  custom:scripting/monoscript/fileName/CreateWorkspaceView.cs: c40bc4c8524ef3e2374ef997beb2e4a6 -> 9ae2295080d141c0f12d02a71014e11c
  custom:scripting/monoscript/fileName/CommandLineArguments.cs: 0d20ca25f94249586a7c1484c469d8a2 -> 48a62ad3f817c0269ea7fc4a53799594
  custom:scripting/monoscript/fileName/BuildActionTaskBase.cs: 8f6297df34271fdb1ce2d9607ec6261d -> 90647cc400823b41df847a6cbfc29026
  custom:scripting/monoscript/fileName/DownloadRepository.cs: 46fc68d9cc4da8e8ed765ff28b2dd438 -> 5bad8d3f76a3fcb41a94637e37c11ab0
  custom:scripting/monoscript/fileName/ParentWindow.cs: 2476d8a6ba9c3055f984ac9792cae61a -> d6aa079e592e01701c5baa3ab98898bc
  custom:scripting/monoscript/fileName/OperationParams.cs: 091a140b35535b91c773ddf98925322d -> 3312c7a4424a66ffbf2f88f056f329aa
  custom:scripting/monoscript/fileName/IEditModeTestYieldInstruction.cs: e4c6a749d843914165935ce080f657d8 -> ad49fb85f2d4ed0badb27552deac0771
  custom:scripting/monoscript/fileName/CachingTestListProvider.cs: cac67f32d723c8745a1f511390945781 -> bfcb79acce43a93633071168c814d063
  custom:scripting/monoscript/fileName/SignInWithEmailPanel.cs: a5823728eb62cf6dbd8c933c1cb26f53 -> 6e8957c0ed7609303e68389067e72d72
  custom:scripting/monoscript/fileName/UnityPlatformAttribute.cs: 05ff6a4a5828d32604e864a3b44f3fb8 -> e79555e200698f1b55c6c54851cd369e
  custom:scripting/monoscript/fileName/TestStarter.cs: e2d0587cebe915ea1c55ef726c6bd082 -> d1bc3fba65bb4735afc3828355ea6c72
  custom:scripting/monoscript/fileName/LaunchInstaller.cs: f9b7c99441bc32980ce9b95be066824b -> b75efdf5909b501e06cacd9c66f75981
  custom:scripting/monoscript/fileName/GetWindowIfOpened.cs: 84a2356c61155912908cf98a62600c22 -> fd8bfd1a9b371371ebbff48e377726f9
  custom:scripting/monoscript/fileName/TestPlayerBuildModifierAttribute.cs: e033609ef117a17dda08e3556f30bfa5 -> d4ffc53911ef24dec9dc901e0444a77b
  custom:scripting/monoscript/fileName/AvatarImages.cs: ea6dca998cf0ec5122553a9e010ef687 -> 3aa8c25a350843151ec4070c820c411a
  custom:scripting/monoscript/fileName/DrawUserIcon.cs: 2f65feb9bed897237f97fbf9c5479092 -> 7d5385bf780ae84e648a8b49f8fe0825
  custom:scripting/monoscript/fileName/ITestListCacheData.cs: 1c95486e8d67b5eedd3530759306c580 -> 09682e3e03141d9f43100cdaff3665eb
  custom:scripting/monoscript/fileName/TestListCacheData.cs: 1f5a847fa8b54233f179d3f9f5a719db -> 295232838ed90f85679b2d004562d59e
  custom:scripting/monoscript/fileName/TreeViewItemExtensions.cs: d22abf8de7a9ab0e852b869a652f100d -> 6849c47ffa8623d630ef12f76bd49905
  custom:scripting/monoscript/fileName/AssetStatus.cs: b9ea657347f2c22e8e401cdb256c516c -> e017010009bdb28bcb0d7d8ef05e7dd9
  custom:scripting/monoscript/fileName/BranchesListView.cs: 334a3fb302f855f71fb71520fb442a71 -> 3f5ed9fe5a1bca512014ae1600ee1666
  custom:scripting/monoscript/fileName/DrawGuiModeSwitcher.cs: 363adc150c5f1c5059a678f179906090 -> d3be34a3134d3fe80ef6b14d0d519128
  custom:scripting/monoscript/fileName/Is.cs: 0371baf7f4d4fda1df93e36baa3a7f7c -> 6922f89182cd28e32ba48e34cda7947d
  custom:scripting/monoscript/fileName/TestListGUIBase.cs: 3323ae02564bf80ecb144d790edf3454 -> a2b53f3d1923dc6fb3d7f4c9f9855104
  custom:scripting/monoscript/fileName/WindowResultUpdaterDataHolder.cs: e4b0333fa05c0f3ef2128a54294a2588 -> 2de8ba1615f5d28c30d54411d42e2524
  custom:scripting/monoscript/fileName/UnityMenuItem.cs: 5f445176ad3735e69769d93250663be7 -> 73f3c859f1b5092ad362c09e23b3a922
  custom:scripting/monoscript/fileName/WebRestApiClient.cs: 8ab6ae74a3793a3375cc48f328048a82 -> 746756fd499dddd02a4e7ccdbac48be3
  custom:scripting/monoscript/fileName/PlayerConnectionMessageIds.cs: a896cc1ebb022b48f652641f623e4c5c -> 2e4b7265f0eeb40e1260d00fe6e4614e
  custom:scripting/monoscript/fileName/ShelveListViewItem.cs: a37862556d04b25f75804d991e109d87 -> 373418f0ae11fc25a26ff7fe4f472006
  custom:scripting/monoscript/fileName/OpenPlasticProjectSettings.cs: 5a86fd454f7c9f74b62653e269818d3f -> 
  custom:scripting/monoscript/fileName/RemoteTestResultDataWithTestData.cs: 21f6a5ed6216bf99941b16dfe0613ec5 -> bcf701fb298ed6f8cab894b203300c37
  custom:scripting/monoscript/fileName/SwitchPlatformSetup.cs: 86e207190212b6666c14096ec0beb845 -> 576de741bbd585688af4b8aaf70f0708
  custom:scripting/monoscript/fileName/PendingChangesOptionsFoldout.cs: 2a2f5a0ba87bd75c4475236a9a012016 -> f9e651bcc5d4441496c88ab59a32f360
  custom:scripting/monoscript/fileName/IncomingChangesTreeView.cs: d8c19bc81b07c04d7721396d2821d297 -> 96479648d4498738733254eb4e4c6fb5
  custom:scripting/monoscript/fileName/GenericProgress.cs: 11287c7d038c487f32d0c8edc476a32d -> 8492ec26f01fc248d3eb3c2f5b3b6c0f
  custom:scripting/monoscript/fileName/ShelvesListView.cs: 0763e4076b11a683fa148282680085c0 -> 01c1f087b2f83b458da6b8ad18736606
  custom:scripting/monoscript/fileName/MergeCategoryTreeViewItem.cs: c1ecd9dc0cd73eb7eb129994dedc1a91 -> 6bd59fcbfeafe06987a54631991d755b
  custom:scripting/monoscript/fileName/CheckinDialog.cs: 1709b78fae1329cc05fd4f39334b25f5 -> 702fdb8d0a3b4bfcb9ba109e71325cad
  custom:scripting/monoscript/fileName/SortOrderComparer.cs: 8f6297df34271fdb1ce2d9607ec6261d -> 90647cc400823b41df847a6cbfc29026
  custom:scripting/monoscript/fileName/GUIActionRunner.cs: 69af7de0762ed6d085feb4cc4b5101b3 -> 4a0608de635b0d82868d57923d68eff7
  custom:scripting/monoscript/fileName/PlasticMenuItem.cs: 30c3a785b4c2607e2ae9aad693d5f604 -> 
  custom:scripting/monoscript/fileName/PendingChangesTreeView.cs: f3722f38014385705913f17dbe0f90c1 -> 17142d220a0a50a3f3d184c4718a0da7
  custom:scripting/monoscript/fileName/TestJobData.cs: 45c2452d3aa545742dc2b57ad55fa794 -> b5764cc21ae3016cae3c4ce5053458f7
  custom:scripting/monoscript/fileName/VCSPlugin.cs: 69c1b7249af35f35848ae707bd5e7113 -> 
  custom:scripting/monoscript/fileName/RuntimeTestRunnerFilter.cs: 230571a0569274dbd5e47e4595a3be33 -> 526247a6af82c71973a55c9c5be36280
  custom:scripting/monoscript/fileName/GetClientDiffInfos.cs: 4ae14b15e2cf5177a84735548a44cdc9 -> f8db8e637ded2d5e935a953a13b85ebe
  custom:scripting/monoscript/fileName/DrawActionButtonWithMenu.cs: d7f31944358aed2f3ed3982246fca039 -> 8d4f5edd02a1dd0f38c4f2baf5ee8a33
  custom:scripting/monoscript/fileName/ITestSettings.cs: 608b72c12786bbdd128c096353cc10e2 -> 7d6676128f469c2eefb2813ec592ab4f
  custom:scripting/monoscript/fileName/ErrorListViewItem.cs: 9bf59c82e9c9992a012a3eb2b6c2bfe5 -> 509edc26860f8be303ec97d68aabc30d
  custom:scripting/monoscript/fileName/RemoteTestResultSender.cs: 570055716108540c9c34e71343ce0f03 -> 2b6acbe484994dc310d0ac406904e742
  custom:container-muxer-webm: aa71ff27fc2769a1b78a27578f13a17b -> 
  custom:scripting/monoscript/fileName/AttributeFinderBase.cs: b09010f5776af2a4f3460127027ca105 -> 7e104530f871143fdb60a169114dd663
  custom:scripting/monoscript/fileName/EditorProgressControls.cs: b1f133fa38afd918d537a72574fc93a0 -> 2e606eb01a6e6a567f3de9a0379ed3ae
  custom:scripting/monoscript/fileName/PlaymodeLauncher.cs: 3a6fe823ef85e4189eb7e25bbb98798f -> 981dc587e53c0f0d21b816af7469156c
  custom:scripting/monoscript/fileName/BranchesListHeaderState.cs: d47f1164fa7093137db851c4c16ffba3 -> 82eab21603f4efc696334ee80641c2c9
  custom:scripting/monoscript/fileName/ExitCallbacksDataHolder.cs: 2a73f9623aa81becb5d8d11a43747b12 -> 
  custom:scripting/monoscript/fileName/DrawSearchField.cs: b11b864a92c7d76f85d4ec87d6faf61c -> 3de70beba9f4447205d50241d95b066a
  custom:scripting/monoscript/fileName/PendingChangesTab.cs: c99065f3c85ec85c85ece2a1a30665af -> 15ae6787065f4af65778e981f418a60b
  custom:scripting/monoscript/fileName/TestAdaptorFactory.cs: ac39772b57c14123c1a057d315d0217c -> b9e4d12260befcd688940e2c80db8ee8
  custom:scripting/monoscript/fileName/IEnumerableTestMethodCommand.cs: e89b2da6fd5c9e148c3a0687c618f62e -> 81260787415c187c9e413e476b816cd2
  custom:scripting/monoscript/fileName/MergeTreeHeaderState.cs: d266e9dd03ced7ec66ad3688e5f18f26 -> 6293ca7f65e9641fcbe12100e705a990
  custom:scripting/monoscript/fileName/BuildGetEventExtraInfoFunction.cs: 1308a6936e8051866a117b3b7c2c7b77 -> 74bfc8c01f931108a3c2b127aa04cc8d
  custom:scripting/monoscript/fileName/ShelvesTab.cs: 88e0da7511313c57d3f51ba183c4d3fc -> fca0a219bdad45e636bd34724e5dc89d
  custom:video-decoder-webm-vp8: 9c59270c3fd7afecdb556c50c9e8de78 -> 
  custom:scripting/monoscript/fileName/AssetsDatabaseHelper.cs: 3deb384d73768aa5a87c1835c3d7553a -> e690d63c7b932a5efaeaf8c476198e75
  custom:scripting/monoscript/fileName/WelcomeView.cs: 07e35bfe1faa2c52c049eb30958acd54 -> f06c185659ea2f4a75f9397861dc6096
  custom:scripting/monoscript/fileName/DeleteMoveMenu.cs: 39c593e854a9a8ae0e6d34ceb587fce1 -> 4d026cbabd8105e38661f97da078042a
  custom:scripting/monoscript/fileName/PlasticApp.cs: c440a0fb380601a77ad475d6c15d4fa1 -> c57de230d90beac7b586f10b9c7c6cb5
  custom:scripting/monoscript/fileName/PerformUndoTask.cs: a88080dc60788c59917e5a5da2beea27 -> f38e53873dc9c7e638622dda18102b41
  custom:scripting/monoscript/fileName/ChangesetsTab.cs: ef408d8aaf89e01b17643ed0c836680d -> 46dde8f7856048792ad2e75490bb8c5e
  custom:scripting/monoscript/fileName/DeleteBranchDialog.cs: efbbc070bfeda2b746e8b15a4380cb26 -> 8549b0fc52962c89115fd78724fee578
  custom:scripting/monoscript/fileName/IncomingChangesNotification.cs: d7ac4b8f9ea939309b8ceb7f729100a2 -> caa8ea2c7336b9227381f0971759e01a
  custom:scripting/monoscript/fileName/DrawTreeViewEmptyState.cs: d4c16fd6aad8161eda7d99fd74cbb08e -> 
  custom:scripting/monoscript/fileName/ErrorsListView.cs: cc3142391037796392fcd3fe860891dd -> cd35171982f17897dd5148dda46e0956
  custom:scripting/monoscript/fileName/UnityPendingChangesTree.cs: fd6f0a038401268983bd9328d10dec93 -> f391d9a00dc9e202cee4d4ebcf6d21c0
  custom:scripting/monoscript/fileName/RuntimeTestLauncherBase.cs: 545e0e1c1701551e51a349e0cfbf7e09 -> 9c570bd0d91da3e5211e4436ad92314b
  custom:scripting/monoscript/fileName/TestActionCommand.cs: 9d9a215c413c4354b3d31801a3312f5a -> 753f99c04dd69dc2a43030237870dd1f
  custom:scripting/monoscript/fileName/ClientConfiguration.cs: 5f5e47bfb7cedc7420d7e59c6d7ae6f0 -> 01b18b09a6dbb3756e1f42a5b64aab0f
  custom:scripting/monoscript/fileName/AssetVcsOperations.cs: 50ee89e011ba3d800b4e7a9a24aca7e1 -> 
  custom:scripting/monoscript/fileName/BaseDelegator.cs: 39f1c059498e3e1e37d5e631bbc24cc7 -> d270baecbc007d1328bc5c9991d1dea9
  custom:scripting/monoscript/fileName/TestRunCallbackListener.cs: 6d0e8c714fa72bff0fe809d3fbb8d587 -> 15fa13086a2949901b1e4a3584b83cd8
  custom:scripting/monoscript/fileName/IOuterUnityTestAction.cs: 1f62717facda0b560b4af9da3d21fc98 -> 58e7f8b884a5d88e319b8f448f29bfdb
  custom:scripting/monoscript/fileName/TestSettings.cs: df291dfe8fbaf1e1f1d4ae4925c14a92 -> d583ccee803a035f2d53ba29374aac19
  custom:scripting/monoscript/fileName/SynchronousFilter.cs: fb46e705a687283ca79c6357a2f78760 -> b84da53d6d10348793b3683f19a6d4b3
  custom:scripting/monoscript/fileName/PlasticDialog.cs: b0aae1bf1889af041741f324070b7b84 -> 63a17a2b696bc2a13c9046aa16f8cea4
  custom:scripting/monoscript/fileName/LegacyEditModeRunTask.cs: 2b5f09ef7f63773ca676d71969800516 -> 
  custom:SearchIndexIgnoredProperties: e643bd26f0fe6173181afceb89e7c659 -> 
  custom:scripting/monoscript/fileName/AutoRefresh.cs: 9d30d5d3f0e8985355be1ab597da1dbb -> 0a8afde180a876655ad16caa14493409
  custom:scripting/monoscript/fileName/PlasticPluginIsEnabledPreference.cs: 7953272c37f4a828a3d1096e7479f346 -> 
  custom:scripting/monoscript/fileName/GetRelativePath.cs: 9b16eb2de9e98b392077181cc34243c1 -> ab04ae5e0cafb93ebf5c96148bb52df0
  custom:scripting/monoscript/fileName/UnityEvents.cs: 253411328de37811883aded592b97268 -> c830e584565fcd66ca0d5a23ad8b9bd6
  custom:AudioImporter_EditorPlatform: d09bf68614088b80899f8185d706f6e7 -> 
  custom:scripting/monoscript/fileName/DeleteChangeMenu.cs: 540c783b689e4d6a4a383862455d5d39 -> bfa368dc06e11abcc107d6f80c7c19c5
  custom:scripting/monoscript/fileName/PlayerLauncherTestRunSettings.cs: 5d2b9db2556b475d527662dfc40538f1 -> ac04d6a6a9c6380f318071a2f4da8a2f
  custom:scripting/monoscript/fileName/SelectNewCodeReviewBehavior.cs: df6e8e132199ea6ec467c9bced11011d -> a16edf3a8c3e5ac26863e890f68fd937
  custom:scripting/monoscript/fileName/DockEditorWindow.cs: 581124d5e19667105f2446d6dfbf7982 -> a9e5e467234133af999283610b6e84e6
  custom:scripting/monoscript/fileName/ActionDelegator.cs: 0b37ded58104f18659a880de95881951 -> f2eb6c2fd33630cfdd6d3183b4a2ca3f
  custom:scripting/monoscript/fileName/ITestRunnerApiMapper.cs: 864c8f6cc3985f3365e8b5f02afeb230 -> 337d02b691c8103d2eedc6b52f4f76ab
  custom:scripting/monoscript/fileName/RerunCallbackInitializer.cs: a2ca4a4e4bb070fd30ec377e61ed66cb -> 
  custom:scripting/monoscript/fileName/ICallbacks.cs: e6fb4966887be0b97bef44d92d561a69 -> a9c5fd289272fce7e09c7f3e5f11b8a0
  custom:scripting/monoscript/fileName/ProjectPackages.cs: e247c98bd45807b228765f9a94d82145 -> 9e9e13e39b2e9718b602503b87245c18
  custom:scripting/monoscript/fileName/IEditorLoadedTestAssemblyProvider.cs: 0be7fc5fa38a5453fe58cce555760ed4 -> cbb3f715010afa8cd4f0f40294bb78ba
  custom:scripting/monoscript/fileName/BranchesSelection.cs: 7eb1fcb556f0fad697e4ec9d989be099 -> 33b36e7b03910960966036894ec90c7c
  custom:scripting/monoscript/fileName/TestListProvider.cs: 58a05dfe9100cc52adea57fc4a0b6c62 -> f8235933605b6a025c9638df0194bf97
  custom:scripting/monoscript/fileName/SaveAction.cs: b68fbb4319dbb368959c40781b39fdf8 -> 27c387bb58f3a69b0c9ff60d2209e18f
  custom:scripting/monoscript/fileName/AutoConfig.cs: 6c4e7f9dc55323aa1299debfe9723aa6 -> bf4bbd2f2e752464ef51dbf102faed17
  custom:scripting/monoscript/fileName/InvalidSignatureException.cs: 293ad969d76fdecf7dc5f86949047e54 -> f250eccc836ee674127ecdee41f7a4ea
  custom:scripting/monoscript/fileName/UnitySetUpAttribute.cs: 4ed69b5a4764c67bceaa6f04d0d8776f -> 78bcd37bf54751e70200df4ae24f405b
  custom:scripting/monoscript/fileName/DiffPanel.cs: 02288a38bd14cc2b52a25b302a6f154e -> 210366dab3631628227b9406f87a9b7f
  custom:scripting/monoscript/fileName/PlasticAssetsProcessor.cs: ff731c8aacf4a537dc74c7cf9eaeaed0 -> 
  custom:scripting/monoscript/fileName/PlayModeRunnerCallback.cs: 10f699e46ae6f3eea3e1c18bf2bc25ed -> 6cd874bc3032a6eaf4228f5877b27ba0
  custom:scripting/monoscript/fileName/DrawActionToolbar.cs: 52293cb82089e0370f52e257f41c0869 -> e05748a99799f26304c1bbafd90f703b
  custom:scripting/monoscript/fileName/TreeViewItemIds.cs: 7d654a2b5b3a10da3e7d8472196e96d1 -> 0cdf409b5aa8d4c25876d72b5c6a3b60
  custom:scripting/monoscript/fileName/EditorVersion.cs: 70953c9eccf7726f70c672a9a51619e9 -> 698aba075b19a52a056d67a7b809d179
  custom:scripting/monoscript/fileName/TeamEditionConfigurationWindow.cs: d06f049421c16e5927ec29f770917e09 -> e53b1ca5561894aaeff930afb696d001
  custom:scripting/monoscript/fileName/ProgressOperationHandler.cs: 5fbb4e0f656dcfaa4498bd2e492e4710 -> ec62666c0ca1649dd33cc6bc6834c6f7
  custom:scripting/monoscript/fileName/UnityPlasticTimer.cs: 961fdb6492c99b4a3eadbed28e78c4b0 -> 6c887e722e951c2964523825cad70c4c
  custom:scripting/monoscript/fileName/TreeHeaderColumns.cs: 9fc4a0396a421346b8aa3b7788860851 -> 316e5ea62e66b20fd6e687a6b9e5958e
  custom:scripting/monoscript/fileName/MergeOptionsDialog.cs: 25ac62df73845405e13f44e4dfdcf0d1 -> 9250ce23d260ab84f87bd5899c6cf983
  custom:scripting/monoscript/fileName/AssetFilesFilterPatternsMenuBuilder.cs: 8fe5de6e5dc3d42fb7e95de2aaedbf5a -> 0d99e7514c6a33cda8314deed8f34bc5
  custom:scripting/monoscript/fileName/ICallbacksDelegator.cs: 3824b8185f5cd32ad0de995dbcedd1e3 -> 2bfa822de05a601b9fbe2f79d4d317c0
  custom:scripting/monoscript/fileName/MergeTreeView.cs: 143a828a1a236483d3cdc1d010ce9d51 -> 3feb38cec50d3fc7576ddbf07a9a9ce8
  custom:scripting/monoscript/fileName/TestAdaptor.cs: 8d757a7cd1f19e6976312b3b884a590f -> 486cec8559bad7c56adc699f165feb67
  custom:scripting/monoscript/fileName/PlasticNotification.cs: 3629fdff9f054b2013702f5b131b2c47 -> 
  custom:scripting/monoscript/fileName/TestStartedMessage.cs: f3c1a94a591f54531913c8a032d9a4b8 -> ac38229ae4e3c67de75cf9d77c73b95e
  custom:scripting/monoscript/fileName/CallbacksDelegator.cs: c76e06d7a0a6084464f55a923795d8df -> e0dcdade48f633c0a7cebc925bd686c4
  custom:scripting/monoscript/fileName/ConfirmContinueWithPendingChangesDialog.cs: c0e147ff008a0b77c9337132a3ea70af -> 77462b1904ad8f6fee2f8da4523d59fe
  custom:scripting/monoscript/fileName/ShelvesListHeaderState.cs: d3cea237aa496a145829475430d90f29 -> 287f23cbe09ecb9b28ec8dd05ede8846
  custom:scripting/monoscript/fileName/ChangelistTreeViewItem.cs: a4a6f6169cdb3afe249e104e2b7b1a2c -> 87f69636be8bd1a264ec4eac1bffa701
  custom:scripting/monoscript/fileName/PlayerLauncherBuildOptions.cs: 1155187d1390024c0e84b222b67c4059 -> 39352f62028667e3cc8d13371f828f55
  custom:scripting/monoscript/fileName/CollabPlugin.cs: bda741ff77a19affbf276298e29313ec -> ca276d65e7cd77c5c99d9f119ffdb215
  custom:scripting/monoscript/fileName/TabButton.cs: 757146b89ed597b1d75c77241e5d5f63 -> 
  custom:scripting/monoscript/fileName/RegisterFilesForCleanupVerificationTask.cs: 89d04f0389116a1354de9cde88045aa7 -> f18fd2d946c9ea52b8232f47d6d70221
  custom:scripting/monoscript/fileName/LaunchTool.cs: 3ac53c8af1f56365aad9e1ae5366d98d -> 60773d78646dc188d4b2caca77f20b17
  custom:scripting/monoscript/fileName/RunModal.cs: 33b931100ee477e6812324eabaa2e837 -> c83ee2ef642c5d8b8dfd32f033bfc438
  custom:scripting/monoscript/fileName/TestRunnerStateSerializer.cs: 68058e60ab6d5d33b7935f4205c97bb2 -> 7206f4f1eb4c5991ea76b5c39830dba4
  custom:scripting/monoscript/fileName/BranchListViewItem.cs: 8fdaa5aa842f5a70237affa304b9d506 -> 55028f4aef24d6227589aaa95582b2ff
  custom:scripting/monoscript/fileName/LogEvent.cs: a1178cf4bd49345a2f924044f341effd -> 9bf386b9808c16608387e196f7a5e9d6
  custom:scripting/monoscript/fileName/GetAvatar.cs: 07c98163f75f0b7c672bd453fc82bf61 -> 04ffae2a9e5a4c32a119f93144f558d2
  custom:scripting/monoscript/fileName/PlaymodeTestsController.cs: 7726dd936e1c608c494987ba2754eb47 -> 59c9d4597d46ecf4c6fbc8f49c64d0b9
  custom:scripting/monoscript/fileName/MoveAddMenu.cs: 81d47caeb9f49803adfe1627c8ce5bf4 -> 1fbfab870b2e95fdd8a81f6019f764df
  custom:scripting/monoscript/fileName/FindTool.cs: fc3b0710b24078288fe829d0bb041dd0 -> 2f9d82566cfb01fb68fc30111fb47624
  custom:scripting/monoscript/fileName/ChannelCertificateUiImpl.cs: 75d7831ab5da75cc0082e28863abb142 -> cefccf1e13b7bcf15e3c9f2dd4cd2fc8
  custom:scripting/monoscript/fileName/ApplyCircleMask.cs: 02eb67e485278e7c9b719fee5ff90f4a -> b955b378d261fdcbd6272fe8711d1e4f
  custom:scripting/monoscript/fileName/TestListTreeViewGUI.cs: 5d4e7ac9fc0c5382f19d49599ef6cbd8 -> bf873c97e960a33b0be65a5b638e7ff5
  custom:scripting/monoscript/fileName/TestJobRunner.cs: e4deb98063838e020557c338e0bd4ebb -> 1c3d9f2bfcdac33a01c4bb25c392ab4f
  custom:scripting/monoscript/fileName/TestRunnerCallback.cs: 61231fce5590e38bfc5e9165e9803d8b -> 
  custom:scripting/monoscript/fileName/AssetMenuOperations.cs: 131bfc7279b97eba576abe13a47f8f91 -> ebcce67603e288b4a84d49287db6ef5a
  custom:scripting/monoscript/fileName/ShelveAndSwitchOptionsFoldout.cs: 676902ec49ff9c5abb2a832f067966e8 -> e7b216a23869eafb9aecd00a8905fafa
  custom:scripting/monoscript/fileName/VisualElementExtensions.cs: cd98f4a51563fccdfc39eed097290325 -> 0aad2728225c469038631668406aebb3
  custom:scripting/monoscript/fileName/FailCommand.cs: fba5f7b9c1e8d00f41e9076aac4a1d8d -> e0622be95cb9f4c04ff53066589d6d7e
  custom:scripting/monoscript/fileName/LocksSelector.cs: 70b046a562568fd78d093736e68a3a58 -> 7b0f4fc5552c1d92ba7f4648526ceb21
  custom:scripting/monoscript/fileName/ListViewItemIds.cs: 8f6297df34271fdb1ce2d9607ec6261d -> 90647cc400823b41df847a6cbfc29026
  custom:scripting/monoscript/fileName/CreateWorkspaceViewState.cs: 1deb37b3c17c224d9a7dca9c990ea191 -> 0fe23b7cca9336b31a27790c714de652
  custom:scripting/monoscript/fileName/MergeLinkListViewItem.cs: ebc1e6f9e3a3005d8f4c51a794adfdaa -> 3fa407d29597803190dd374d88ed170d
  custom:scripting/monoscript/fileName/DrawCommentTextArea.cs: ad5449f632fd412ac0f7ba0d171fd453 -> c58c26552f95f108a8d9610eaf001fbc
  custom:scripting/monoscript/fileName/TestRunnerApi.cs: b582e8d89da1ce04ff5e8605fa1b5a2e -> b5c17af6fa247dfc791b512a209021d3
  custom:scripting/monoscript/fileName/ErrorsListHeaderState.cs: 9141660c9776c5dac5f980fd03a672a8 -> b961336a4a43551eb826f97c57673007
  custom:scripting/monoscript/fileName/MergeViewDirectoryConflictMenu.cs: d45972e8b5f74223c607a4daa895ff3d -> fad8e1937fc14fd75ca21a68ee1037b8
  custom:scripting/monoscript/fileName/RefreshAsset.cs: 4479d2949a66a97f66d1e550067f3767 -> 5a15c606785f1f54a697bb0d0d846dfb
  custom:scripting/monoscript/fileName/IUtpMessageReporter.cs: 02b26b8c414970dd7d96e6dcfbe9a861 -> e8e6a62b6032a5642706a62156dd8314
  custom:scripting/monoscript/fileName/BoolSetting.cs: d67f952c3a5976591f3e9a9e7356bbab -> 12bf039ccd38b0f4ccfffbec3cbbf108
  custom:scripting/monoscript/fileName/IErrorCallbacks.cs: 525b2a3e515b976057d42e4abfcec602 -> fd7a49712e8a919d38dd0fddef8872df
  custom:scripting/monoscript/fileName/IScriptingRuntimeProxy.cs: 207c12828ef43f5ca31b3bcec485e9f7 -> c75af2a6ef439df9f19f151aeb5749ea
  custom:scripting/monoscript/fileName/ExitCallbacks.cs: 716173503afdef0ae4c4023adba1972e -> 
  custom:scripting/monoscript/fileName/CreateChangelistDialog.cs: 774371d4233cc1d394d98dc80507a1f8 -> 386b03e27c951c5f1d63daf7aae486ca
  custom:scripting/monoscript/fileName/ImmediateEnumerableCommand.cs: e79fd27a9b7f6505ae6a4aa7c72274db -> 89dd27d23dccf969b99d79611e8fed9a
  custom:scripting/monoscript/fileName/ApplePlatformSetup.cs: 4b442da1fea709240aeaf74bde720d3c -> 0ceeffeb4378c50fe08ff9b5d16a73f3
  custom:scripting/monoscript/fileName/HistoryListViewMenu.cs: 15a489e494f04a7ea37a587c7601070e -> 29770348599c8d5473b78d72e5741b40
  custom:scripting/monoscript/fileName/MergeViewFileConflictMenu.cs: d7362b83d6b320a0f0ceaf99dbe21727 -> 8fc0f292158abfa71c2c7b3b6f38d32a
  custom:scripting/monoscript/fileName/FilterRulesConfirmationDialog.cs: 5186d89f21d03764f0cca01c2a0122d7 -> 9c91c6c91f20e6d013a753f32343b327
  custom:scripting/monoscript/fileName/LogAssert.cs: 8c30e2367a22f747fb9a538551ddb198 -> 195ab501c85f741ece9ac8b49385dcce
  custom:scripting/monoscript/fileName/ChangesetsSelection.cs: d154d1782ed752b83834c54a0bde3df9 -> 8b9d539af9f7e269bac4e3d79e9ffab8
  custom:scripting/monoscript/fileName/ITestListProvider.cs: 4f1a13a1dbecabb9f7515cef8fe120ff -> 0169c532d74787e64cd4163cd55d4572
  custom:scripting/monoscript/fileName/AssetPostprocessor.cs: 96208057b904410715a8df295ba4f8f4 -> 
  custom:scripting/monoscript/fileName/AllocatingGCMemoryConstraint.cs: 2542b507c3de77a99c0db5c1357ffb65 -> 8b2ed7fbfb529ba318fb8425f7a81278
  custom:scripting/monoscript/fileName/LegacyPlayModeRunTask.cs: 8a159c990fea520d0af36b86d243e79e -> 
  custom:scripting/monoscript/fileName/IsResolved.cs: 67a72533af97b9ab7830798057ab806c -> f54a3e2c5134aa4306f9ad150b1911a9
  custom:scripting/monoscript/fileName/TestCommandBuilder.cs: 7c013615052dfed5e39b8bb914f01cb8 -> bf61faf29c0aea0c4e5d4ac76abaee13
  custom:scripting/monoscript/fileName/LocalStatusCache.cs: a558fcf5f34357bab4cfc7b75e2bb356 -> 30974ea30517fbfd1b93153f6c849a76
  custom:scripting/monoscript/fileName/ITestResultAdaptor.cs: 8d865eb70a8464f5288b9274d9abc979 -> bb9e1bbb2ff45e5a5f11e877a24721d7
  custom:scripting/monoscript/fileName/RepositoryExplorerDialog.cs: 143e7416b576681e1f2ea71288e530e6 -> eea34924da79ad7254f3e141a891c78d
  custom:scripting/monoscript/fileName/Vector2ComparerWithEqualsOperator.cs: b6f6b1f33f1b74ed974042f5e0303f0d -> 1851f392f974d4a42efb0de68a402e9b
  custom:scripting/monoscript/fileName/TestFinishedMessage.cs: 90745d8bb0dd1bfeebb724d118b2d483 -> ccd3538dc4059cd71acd9bfea48dbc80
  custom:scripting/monoscript/fileName/BeforeAfterTestCommandBase.cs: 8f6297df34271fdb1ce2d9607ec6261d -> 90647cc400823b41df847a6cbfc29026
  custom:scripting/monoscript/fileName/Vector2EqualityComparer.cs: c680a095e66b9bf90931050b8b145b65 -> 4ac8b0db10bbdb7ea68d4be944c5b941
  custom:scripting/monoscript/fileName/ITestTreeRebuildCallbacks.cs: c7090567546723c1f0a184a18f5ac1fe -> f952713f83d574a58f719696be7e52a3
  custom:scripting/monoscript/fileName/FileCleanupVerifierTaskBase.cs: 50c4fc5e4ffaa31cb467fc75616b7129 -> 8c0e90b329ac988e22429767c222f3c6
  custom:scripting/monoscript/fileName/UwpPlatformSetup.cs: c89362d564a60469ebbb75e8e12d340a -> b9f50f93de5f547a7eaf96f1bc58a80f
  custom:scripting/monoscript/fileName/WorkspaceWindow.cs: ff52e13cd29dacd66db0169e14f71a23 -> b042f06133312d3bfed176231d97d77c
  custom:scripting/monoscript/fileName/BranchesTab_Operations.cs: 764cb17e9337c58ad4f5304b60b2042e -> 57c33f76c527a5aba4d269245ffff188
  custom:scripting/monoscript/fileName/DiffAndMergeOptionsFoldout.cs: 080cbf9242c0571bafa2e45ef8932448 -> 2810bae564e92b04bc7ebe4e47a2880b
  custom:scripting/monoscript/fileName/PlasticShutdown.cs: a8df8eeeed98372d06e446171a192a6d -> 
  custom:scripting/monoscript/fileName/FilesFilterPatternsMenuBuilder.cs: 28072cd275c96994687e6d4d0d6e1dff -> cf716a8d336c8113475a9ca67a799ec1
  custom:scripting/monoscript/fileName/TestRunnerWindow.cs: beab6dc6591535c1b37ec310f1e15af0 -> 156fc89bab7bdd82ca70e07c9aa9ebbd
  custom:scripting/monoscript/fileName/HistoryListViewItem.cs: 2d3b1fc954b6bdbae298ec250ade0663 -> 96f2b67ec620b83e35d13f11877e1ac1
  custom:scripting/monoscript/fileName/RemoteStatusCache.cs: 00463e6b90cfe7da080d7c266f783980 -> 402d5663f3675e9324c129274b0c00f2
  custom:scripting/monoscript/fileName/EditorWindowFocus.cs: 1012e4e2e29e9b29bdcc03d8b92762a8 -> f258b0cf85078a7435d001e522d5e8e3
  custom:scripting/monoscript/fileName/EnumExtensions.cs: dbfa4dc82972125e904bf705c452c1b9 -> cda0742409c4e8ba02ffb7d89dff3e4b
  custom:scripting/monoscript/fileName/ColorEqualityComparer.cs: 9c477fa3f8fc3439b732377dad0e7a34 -> 9ae684bc4a6b608abc9f7f131bd7cb1d
  custom:scripting/monoscript/fileName/NewIncomingChanges.cs: fc48261878ef7e4b956e7172f5803aee -> 
  custom:scripting/monoscript/fileName/IAsyncTestAssemblyBuilder.cs: f88864ba85e2ec28df36a1a7af1974da -> d4bd9849c11964145b1082a4b1d477fa
  custom:scripting/monoscript/fileName/IsExeVersion.cs: 093723a3ef9cbad630dfdc60c764eff0 -> 9ef63354090e3419637bfe79e3489687
  custom:video-encoder-webm-vp8: eb34c28f22e8b96e1ab97ce403110664 -> 
  custom:scripting/monoscript/fileName/UnityIncomingChangesTree.cs: f774bb8bf0bd45a254894c795843c695 -> 42967773c43d3de5d23be4ddc6dfd9c4
  custom:scripting/monoscript/fileName/RunData.cs: 91eb6697698b63fe6764d1aca25f1f65 -> 772bee3d6504258eed6027a2ae076850
  custom:scripting/monoscript/fileName/ResultsSavingCallbacks.cs: aaf02a1e7a92c3896802c1deb489aa0f -> 96b4b28711ac58ce3dc199f3f7371922
  custom:scripting/monoscript/fileName/RerunCallbackData.cs: 4e0f854372c4476a9269ddc9aa7c8edb -> 
  custom:scripting/monoscript/fileName/UnityDiffTree.cs: 447fc3a8922f56330f4bae8c9dc9a8be -> 1029ffd567bc0e646e6b119719dcb2ff
  custom:scripting/monoscript/fileName/TreeHeaderSettings.cs: 114eb9e27124403e8e111494b8eaf987 -> 662b1714c0fce36da72bbfe60201987a
  custom:scripting/monoscript/fileName/PostbuildCleanupAttributeFinder.cs: 23c3a89f1d3b5b5defeaa7555afa30b6 -> a060814a414a9bab17671800d815861d
  custom:scripting/monoscript/fileName/UnityConstants.cs: 323df5e3c80d05e06517581c776fde34 -> e3d3c3e11a194da9e5bbbfb97087a7bd
  custom:scripting/monoscript/fileName/IsExeAvailable.cs: 3e4283303610c884e542b8f6d3e922d4 -> 4a3dbc5ded94087064afd97407f26631
  custom:scripting/monoscript/fileName/LoadedTwiceMenu.cs: 961f9b82936caa7937046ac23d323c2c -> b54aa2e14eb740621bb6f926af7cb8ef
  custom:scripting/monoscript/fileName/IRemoteTestResultDataFactory.cs: c24506e6d6305475bf6a430f77ac582f -> 75d430448dca0118dc834f9aa964be1e
  custom:scripting/monoscript/fileName/TestRunnerUIFilter.cs: d43f81399e97649a77164015894ec5cc -> 15cddad256d0a7abe9cb58af110bbb72
  custom:scripting/monoscript/fileName/AutoLogin.cs: e67ed70aada38469aeb667115929c368 -> b4cb98371fc38cca00d7123b7e649e12
  custom:scripting/monoscript/fileName/DrawMergeOverview.cs: 1db93bf179b38015949e3a3cb6ef1bd3 -> 49e0e525c3c170f79c20dc6779b7ead8
  custom:audio-decoder-ogg-vorbis: bf7c407c2cedff20999df2af8eb42d56 -> 
  custom:scripting/monoscript/fileName/UpdateReportLineListViewItem.cs: a101f0ba5292fc139445870b3f4af838 -> 9f63395e1ea590dbbab4d59cd0032ac4
  custom:scripting/monoscript/fileName/DrawSplitter.cs: ec7e8739eacabcca3e2946d9833eea0f -> d2f114a8e8e4167f7762d835a83b2f55
  custom:scripting/monoscript/fileName/IAssemblyLoadProxy.cs: df5d93b09382b84c770bb8c70be641c2 -> 10a2bd4f9f1d29ac107ff7e510533c16
  custom:scripting/monoscript/fileName/LaunchDependenciesDialog.cs: e1c527862a66e73f0417ae177d7fdfb5 -> 2cabf22eb95430074b6c730a84e03493
  custom:scripting/monoscript/fileName/EditModeLauncher.cs: 9a2b5bcdc6140673378e5f8105411606 -> 
  custom:scripting/monoscript/fileName/CredentialsResponse.cs: 96b135ae1c4ea541dc762170ea524fa9 -> 3dd2507693e56dac75ee7783f598cbb9
  custom:scripting/monoscript/fileName/GuiHelper.cs: ce709a7d3615bce262722b2ac52d710b -> 7bbb51d455f8994ae6185c7dee04068a
  custom:scripting/monoscript/fileName/LaunchDiffOperations.cs: aeae601320588a70eea7590a2f7e0f69 -> 871a0804a9fe2d9f2ad088303a89a63e
  custom:scripting/monoscript/fileName/PlasticSplitterGUILayout.cs: 111849f67dfbfea65ad2a9298ad1654d -> 
  custom:scripting/monoscript/fileName/TestFilterSettings.cs: 5275be823d4854688aedadf9bf48dfa8 -> 
  custom:scripting/monoscript/fileName/PlaymodeTestsControllerSettings.cs: e4d6c3f42e8f4d17c80242b34c68fd06 -> 90cec9ec9d50d9e797d7b80fa88b49ed
  custom:scripting/monoscript/fileName/CheckinDialogOperations.cs: 0b2a2cd4c41cf1865a29cf91b2a96a48 -> d032d69e8060311c06b88286e8f22ddd
  custom:scripting/monoscript/fileName/StacktraceFilter.cs: 0a3b08d5dc42e75c1d72e2851ec00d95 -> 2f4728b5b8f653bd2197ec8c4b722e7d
  custom:scripting/monoscript/fileName/PendingChangesViewMenu.cs: 68fab310addfd7068cfd7920070496ff -> 9b0019b6df6bb14eb3a2dbafa53fb54b
  custom:scripting/monoscript/fileName/SettingsBuilder.cs: 2166bdf8e77dc5f252cf6909a9196c25 -> 9aeeee75a181ed82e0343a1fb6b9cead
  custom:scripting/monoscript/fileName/SetupException.cs: fa81854dd78d6f47fd79d813aacdb097 -> 38724dd55c58f65b09d9fda4b6161021
  custom:scripting/monoscript/fileName/AssetsSelection.cs: 35cec24e81f0cb1de51daeb356abc4ff -> 0227d7ff4d5687932d10967a945a9b06
  custom:scripting/monoscript/fileName/EnumPopupSetting.cs: 8f6297df34271fdb1ce2d9607ec6261d -> 90647cc400823b41df847a6cbfc29026
  custom:scripting/monoscript/fileName/PlasticConnectionMonitor.cs: 920e8e381bfc94da8bb69d336dda57ca -> 
  custom:scripting/monoscript/fileName/HistoryListHeaderState.cs: 6226ef13a567fa81584864f8698be331 -> a87e0364d14866c369ad50d669bdfa85
  custom:scripting/monoscript/fileName/EnableSwitchAndShelveFeatureDialog.cs: 2cb9334d072aaff777efab2d72a2583e -> 03bdf2f298649e7c429ac90c7a3c461a
  custom:scripting/monoscript/fileName/CloudEditionWelcomeWindow.cs: c886fdb39f4b8787e6ea3701a8f88f4a -> b1721e471183956468462f6b64901640
  custom:scripting/monoscript/fileName/AssetsPath.cs: 367269acf8f676d2cdd30fdc387b3920 -> e0e986124adc46d913f0683c34b88c9f
  custom:scripting/monoscript/fileName/LogSavingCallbacks.cs: 273a5ca581d39891e634ebf18363d22c -> 8eb93b3e2c76ea1a8acb6e2d0b5c5f91
  custom:scripting/monoscript/fileName/ITestAdaptorFactory.cs: bdc8323a65aed17f1190c56e7c6cfc5f -> 0cef1125679c38dd172e82c8aed26eb9
  custom:scripting/monoscript/fileName/MetaPath.cs: 1f80313a7ce6ec6ece505285578f5745 -> 417a84eb354831f828a6752b26c8592d
  custom:scripting/monoscript/fileName/TestListJob.cs: 12fc4e0dee9c9032467b6469e3bed3a6 -> 3a58b9c1d09f7f4ecb41254c8497b5c7
  custom:scripting/monoscript/fileName/AssemblyWrapper.cs: 27441573157e5964a8aeb7d356d13908 -> 888ba979193ec837feef9add74101219
  custom:scripting/monoscript/fileName/CredentialsUIImpl.cs: 90e9c2de8d7bdd8424e0d89c415108ae -> dbacf67c37819fd95562fe169e706732
  custom:scripting/monoscript/fileName/Executer.cs: 115c3fa08937a7411c01dd40a690d19e -> 3f667ef14fa1c500658713b8aa31fd85
  custom:scripting/monoscript/fileName/FullNameFilter.cs: 03e8efaa11fd7332f02cf89719dd5868 -> 7c49c279cb0d631ca64d8b7d70065d9c
  custom:scripting/monoscript/fileName/PlayerTestAssemblyProvider.cs: 4e1569ec89688dc213248db31fc5f2f8 -> cbdd04f669e4e0054bad4f9d3133a10c
  custom:scripting/monoscript/fileName/ChangesetsViewMenu.cs: b720f0168f4ce1b1e0d358a6d5ec9a42 -> 7d1a2de81910b5990e71a0bfff26fdca
  custom:scripting/monoscript/fileName/AssetPipelineIgnore.cs: 0d6998b45aa259f19df735cf43f30691 -> 09786e27e9aef22fa608d3ec356f88ff
  custom:scripting/monoscript/fileName/UnityPlasticGuiMessage.cs: 2a7f71f59c0d7dc731fd345a3713957c -> 24eef0792e3802809607a7f9d04b8f1d
  custom:scripting/monoscript/fileName/OrganizationCredentials.cs: ee462057b3bd23cc3dab953ac4d656e2 -> 0b123406cadd651e9adc01c85fab5124
  custom:scripting/monoscript/fileName/PrebuildSceneSetupAttribute.cs: ab58680b1420f8e2f2a2597e848d8216 -> 7863da9f66129a3cef8eac0a1f19b990
  custom:scripting/monoscript/fileName/StatusBar.cs: 2c8c488a8bbfe924f6b53b202ff6aadd -> 
  custom:scripting/monoscript/fileName/IsCurrent.cs: 7343ceec4312304bb8b398eeb6c375fa -> cf1fd01890d0fd9f011c1a1a491e2cf0
  custom:scripting/monoscript/fileName/Message.cs: 6525f110369b368a724db9468ed4c271 -> 671a789acb2c7a93d0b620fe02979957
  custom:scripting/monoscript/fileName/TestTreeViewBuilder.cs: 8dcd834c64e4c5915b417a6eadea3b2a -> 6e6e33e8d70cf17e89715badfaf4fed5
  custom:scripting/monoscript/fileName/EditmodeWorkItemFactory.cs: 59e0f470d3c4d6fcf2997a182c89bbcb -> e9c8ba8d2a4b7d9a886e64626b2e6205
  custom:scripting/monoscript/fileName/TestListenerWrapper.cs: d3b4dda00570273ec0c1794249fac5d6 -> 9bd83ba3a6a675f3c605795064caa62b
  custom:scripting/monoscript/fileName/ChangesetFromCollabCommitResponse.cs: b986ab8b1acd322b0367812e2d541734 -> ba336e4117e1b7ee28e4c17197bc3d0e
  custom:scripting/monoscript/fileName/MoveToChangelistMenuBuilder.cs: 3a2ef8cb0baf69e5dadeafc731fe32a9 -> a90b3e388d3e1316fa104d4c9a03e2d1
  custom:scripting/monoscript/fileName/LoadingSpinner.cs: b3299af90b664a9f42123e7df43fae24 -> 6aff0ac022d117a8e24a7b5e4b11904c
  custom:scripting/monoscript/fileName/LocksTab.cs: 134c512484ae73354c15c06a6dc69f9f -> 00ffb5a39c16fdc2d733c7e53471a3a9
  custom:scripting/monoscript/fileName/BranchesTab.cs: 764cb17e9337c58ad4f5304b60b2042e -> 57c33f76c527a5aba4d269245ffff188
  custom:scripting/monoscript/fileName/ExecutionSettings.cs: 3e46076abe70bbfac850fc39d98561b1 -> bbd5f229f5dcda0d2d7d6fe8eb266a59
  custom:scripting/monoscript/fileName/ToolConfig.cs: 18b1ea271ce5e7b6deea7b4e8e175269 -> fcffc3165b047f54ed6ccafa4c8760dd
  custom:scripting/monoscript/fileName/DropDownTextField.cs: e66e7314096900597993d2b353757d8d -> c8fc484ce140049ff31ebc2c6cbebf28
  custom:scripting/monoscript/fileName/CallbacksHolder.cs: 064e7d359062664728ef608c9f03a07c -> 8b4255bb9b31589c4c3dd9303007381d
  custom:scripting/monoscript/fileName/AssetsProcessor.cs: 47679a6e15b70f4fef48eb1b2df31b19 -> 18737889e95cd4088e8dfd4153fa8f40
  custom:scripting/monoscript/fileName/DrawActionButton.cs: d847a7d82ac92cab2b3d0ae268cefb3d -> 81e6708d2b8fa199354e53f85db731a8
  custom:scripting/monoscript/fileName/TableViewOperations.cs: ddc7b903e0dbd6bd109f2bd709b95f0e -> bef3a31deb1fe794a90f767d16e4c868
  custom:scripting/monoscript/fileName/CategoryFilterExtended.cs: 4662b13a61207dc88937c796423baa70 -> fc9bf6f795e045112c18a4c1343c1ae1
  custom:scripting/monoscript/fileName/UpdateProgress.cs: 5b04f01bf199310f09ab9522f89c78f4 -> 281e1e05168d6a30be1d8d2f6200bef8
  custom:scripting/monoscript/fileName/RequirePlatformSupportAttribute.cs: 7ce6733bee18de599a69cb974c92fdb6 -> 6918694e41aa1ffd5ee72bd04646d4bb
  custom:scripting/monoscript/fileName/OrganizationsInformation.cs: b3f0758c6655b2dad1161792812992fa -> 5f067ea8d90fc79055a3dcfd58ae6dca
  custom:scripting/monoscript/fileName/ChangeDeleteMenu.cs: 652dcd6f863c509bfa0376b6d95ab1ec -> 4fefe66d6e279ce0ac2fdc57d409f232
  custom:scripting/monoscript/fileName/SubscriptionDetailsResponse.cs: e10e0299ef716630c63b8cf5f792cda0 -> e5121cec860a6d1097cc809217b3d8fe
  custom:scripting/monoscript/fileName/ToolbarButton.cs: 47dc767626bbd94d66707af31ddc5eb6 -> 
  custom:scripting/monoscript/fileName/DrawProgressForDialogs.cs: 5f8d39e3ea7c4a42148c6b1a7b4ca061 -> a5f2abd8875e7a6afbc171fabfbae81f
  custom:scripting/monoscript/fileName/TestPlatform.cs: 1e3283087fad58204285b5e9c2e16b4e -> 63c69f9b78d9a1c2cdf167569fd572b6
  custom:scripting/monoscript/fileName/ProjectViewAssetSelection.cs: 349dc288d32791de51156d4e59000b7b -> 2560eadaf6a13a74a46a4a207cd5a8b6
  custom:scripting/monoscript/fileName/DrawTreeViewItem.cs: cceebc4f1185658619e40964f29acb08 -> 0921a62a588ab864253743d1f07afb5a
  custom:scripting/monoscript/fileName/RemoteTestResultData.cs: ff93ebb056d1cf8fdc7e897597b04ef6 -> 68a2b51f8872b9ef697b2155d9835735
  custom:scripting/monoscript/fileName/DrawSceneOperations.cs: 2426c0c2ee58cd28be59874f6425940c -> d87f46f9fb97181a2f51490ea2e1efc3
  custom:scripting/monoscript/fileName/IMonoBehaviourTest.cs: 272926e14fa72b11b0070eae8b5853ef -> 93dca3fac2d68012529173d3e7bc10a2
  custom:scripting/monoscript/fileName/CoroutineTestWorkItem.cs: 8fab9934b84f896f44392a777ae472de -> 8a69ee5c1adc29acc0a66cb7df14cbcf
  custom:audio-encoder-webm-vorbis: bf7c407c2cedff20999df2af8eb42d56 -> 
  custom:scripting/monoscript/fileName/DrawActionHelpBox.cs: dcd6ec2e7fb1b44f22c4a79ff87b70cd -> c8f6be9dab1e6f8d71e0c63c29679186
  custom:scripting/monoscript/fileName/PendingChangesMultiColumnHeader.cs: 21802cc6929e0e180fb4f0be8e34d9d0 -> 722de7d6e07a79981d750438e6febb8f
  custom:scripting/monoscript/fileName/EditorDispatcher.cs: c739e073a8c38dbcf59192f45d1004c5 -> 3c402eae57d73cc54863f3f6a13096ae
  custom:scripting/monoscript/fileName/MovedEvilTwinMenu.cs: ce111941dc7264d29598ce7fd2770927 -> d480b839850d28c1c9526cb587fc752d
  custom:scripting/monoscript/fileName/UnityWorkItemDataHolder.cs: 5e123fac5cc49e9acfe91048eee308ae -> 94e44d74f673f889418b2b9926b6615c
  custom:scripting/monoscript/fileName/ICallbacksHolder.cs: e330f681a4da017eb82339063a410722 -> 790e89a97c8150c3044e584386d3ba9a
  custom:scripting/monoscript/fileName/PlayerLauncher.cs: 7004f613ecfe1e179e7b362c88c3ddb7 -> c1129f48ad00377c128c470482bb7e8e
  custom:scripting/monoscript/fileName/UnityCombinatorialStrategy.cs: bd44b85caa82e1f08c977cc9d9157c40 -> e857e6faada8b59173cb249a8a6be6fa
  custom:scripting/monoscript/fileName/IIncomingChangesTab.cs: d4ceabdc48d8a1872bbe87f04d89a4ff -> 40644cd18074db84684b9e437bf8fa77
  custom:scripting/monoscript/fileName/CoroutineRunner.cs: bb2107d11619bb60075736a2632662be -> 06bef19f6905915189ed09a2db9f2885
  custom:scripting/monoscript/fileName/ConstructDelegator.cs: 7526886647893577a45527c0f6393600 -> c271ca33e5434ac87e82546dd149c303
  custom:scripting/monoscript/fileName/UnityLogCheckDelegatingCommand.cs: 109adc74b3ab14d952109f6ed35bdacf -> 410acedf83a5c4e9d5a212b5635d0c88
  custom:scripting/monoscript/fileName/GetChangesOverlayIcon.cs: f00e4b795697c6cf3092760f3b6fc49d -> d599d6efdee28305661bc0cf6683858a
  custom:scripting/monoscript/fileName/ShelvedChangesNotification.cs: 13b6a2ccd8b4ac1f5ee30c8404cea3b0 -> a27e9e7b242b904f41fc1b16d3a1b3fd
  custom:scripting/monoscript/fileName/ILogScope.cs: dd29c4b8ed4c54280ca787c474cdd843 -> e99dd640a2ac2c8b1c0c97725f23440d
  custom:scripting/monoscript/fileName/EvilTwinMenu.cs: 475a88947051822ca4915306469f9bcc -> 919e4faae0573e49949f6dfbb5a733da
  custom:scripting/monoscript/fileName/ChangesetsListView.cs: caae0aefb36c869f50691482a5cd0944 -> 87b74e0d80cf59010f55e2baaeb6679d
  custom:scripting/monoscript/fileName/UnityWorkItem.cs: 03c602cd83845fe6265dc83816099666 -> ce02ef2c77c866afeb6c04a89a364a8a
  custom:scripting/monoscript/fileName/UpdateReportListView.cs: 2d8fccdaad50bbd7454b52cf9cb4a0f9 -> 08d26df1ab6c3a7628addc5e54e50b08
  custom:scripting/monoscript/fileName/IAssetsDatabaseHelper.cs: 8bbb0e39e3cfde6c5b6c11074d90971a -> 4f8027cddf715e38f75ab454f20fe051
  custom:scripting/monoscript/fileName/UnityConfigurationChecker.cs: 59a8f0715a7c89a752351bf42f94abbd -> 874cd65cce0384fef4b60e71fb08a429
  custom:scripting/monoscript/fileName/EditModeRunner.cs: 0c2c70d0e910f1733ef8492efbf3dda1 -> f1ceb581ae48e42ca32e80f796ce45bc
  custom:scripting/monoscript/fileName/ConstraintsExtensions.cs: 19d048a2938a4b2b178e7e91279126b7 -> 89e01f1f8de15d891db3bad70117d924
  custom:scripting/monoscript/fileName/UnityTestTimeoutException.cs: 7c70971bbddd1caf6485b8c5b935d369 -> b7ec28ea102309dc20886c45fff1e1b5
  custom:scripting/monoscript/fileName/TestRunnerResult.cs: 2b3fdbda67626b6faa7139ccea15b17a -> 613fb3e1dfef14aa9d5aea2cd635ffff
  custom:scripting/monoscript/fileName/UtpMessageReporter.cs: 6f35c7d2ea8786c1fd8fe557180d6c38 -> 1ce82c57220e51532d6b3e5da0cecc24
  custom:scripting/monoscript/fileName/EnumeratorStepHelper.cs: a2fa98a2f974f377b9c2905ce60dea0f -> 05022a723dcf173476ccb43403871168
  custom:scripting/monoscript/fileName/PlaymodeWorkItemFactory.cs: a61a7bf2d749182a50c049a0ad4afb89 -> 8bb2d7c0ad22b08cf17b1748007ae8c3
  custom:scripting/monoscript/fileName/CheckWorkspaceTreeNodeStatus.cs: 5e11ff64963669981115eb58dc2b6e8b -> 1e1255b803bf7cbc935bb804bf0dbe7b
  custom:scripting/monoscript/fileName/RemoteTestData.cs: 5baf4798e5344c86aa4ccafb41b2624c -> 51ba1ddd57fb71948e60067806b9cfcd
  custom:scripting/monoscript/fileName/TreeViewSessionState.cs: 8333273b312d475b653610e2871c20a5 -> 9f39a2ca55a7481b8ba078d3a2b6815e
  custom:scripting/monoscript/fileName/StadiaPlatformSetup.cs: 589eaf4f5c2f63a79deb4c2735e3b746 -> 27e00e91e04b4888c1d6354fa4baa6a5
  custom:scripting/monoscript/fileName/ErrorsPanel.cs: 21fc210ee17d5e95782397ef8c7dafab -> 515b7ba9af5e7885ba3068b1d63c6104
  custom:scripting/monoscript/fileName/PlasticPlugin.cs: a57c142b98ca3d4daad221737fd72924 -> c64561980f26020cc3206ae8b1047268
  custom:scripting/monoscript/fileName/SwitchModeConfirmationDialog.cs: 4d9c02587760213784bfe53d012122b4 -> 30cd71d0b3ee4b2689cde689908d301e
  custom:scripting/monoscript/fileName/PlasticWindow.cs: fc467478941f610919bc69526ba2c215 -> 
  custom:scripting/monoscript/fileName/LogScope.cs: 51679d4f7708329af3d47e56656f8988 -> a032a8edefa3a04276b9f24e5047f2ac
  custom:scripting/monoscript/fileName/PlasticExeLauncher.cs: caa0b5dda5df50c85bb19d27252d16b9 -> f1da27253760250030952f02cb54965a
  custom:scripting/monoscript/fileName/TestPlanMessage.cs: 15cf5225dc1e7b1718be35fb09144b5b -> 6199b0505360321c39d00a607adaaf8d
  custom:scripting/monoscript/fileName/ITestRunSettings.cs: 7462715f6a540bde0acfd50948410d32 -> a5342276210c7f86635118880184dc77
  custom:scripting/monoscript/fileName/BranchesViewMenu.cs: 8089f11c30784e2e57775dd6cdbae898 -> 7bfc83e917c9b0b5aa423bb947ce2a38
  custom:scripting/monoscript/fileName/CooldownWindowDelayer.cs: 7816cfcad485500dbac9993c4502ea69 -> 4c95e39c8dd4cfa1bca106097fdb6524
  custom:scripting/monoscript/fileName/SetUpTearDownCommand.cs: 2a0e8cc178919ce84c52af1a4ddfce30 -> 684e5d1c75373405f8a6c9575324286f
  custom:scripting/monoscript/fileName/EditorEnumeratorTestWorkItem.cs: 7bf37d3cd666bc3e840f63f05aae4d05 -> b8f886476b7c18f3c1cdeae30ec0c8ea
  custom:scripting/monoscript/fileName/GetInstallerTmpFileName.cs: fa7bda723ac795b48e38504727f44981 -> d09e0b5c7a9af5874530e17ef23025f0
  custom:scripting/monoscript/fileName/AssetModificationProcessor.cs: a602c9e59e7db185e3a0d68d986e6fef -> 
  custom:scripting/monoscript/fileName/IsCollabProjectMigratedResponse.cs: 4c3294c6a51e6f42161d191230692016 -> af2b76c693935deee55cfcaed2aa7568
========================================================================
Received Prepare
Caller must complete domain reload
Begin MonoManager ReloadAssembly
- Loaded All Assemblies, in  2.338 seconds
Native extension for WindowsStandalone target not found
Native extension for Android target not found
Mono: successfully reloaded assembly
[Package Manager] Server::EnsureServerProcessIsRunning -- launch failed, reason: Unity was launched with the -noUpm command-line argument
[Package Manager] UpmClient::Send -- Unable to send message (not connected to UPM process).
[Package Manager] Cannot connect to Unity Package Manager local server
- Finished resetting the current domain, in  4.920 seconds
Domain Reload Profiling: 7177ms
	BeginReloadAssembly (712ms)
		ExecutionOrderSort (0ms)
		DisableScriptedObjects (8ms)
		BackupInstance (0ms)
		ReleaseScriptingObjects (0ms)
		CreateAndSetChildDomain (93ms)
	RebuildCommonClasses (440ms)
	RebuildNativeTypeToScriptingClass (48ms)
	initialDomainReloadingComplete (206ms)
	LoadAllAssembliesAndSetupDomain (850ms)
		LoadAssemblies (1316ms)
		RebuildTransferFunctionScriptingTraits (0ms)
		AnalyzeDomain (36ms)
			TypeCache.Refresh (17ms)
				TypeCache.ScanAssembly (0ms)
			ScanForSourceGeneratedMonoScriptInfo (0ms)
			ResolveRequiredComponents (14ms)
	FinalizeReload (4921ms)
		ReleaseScriptCaches (0ms)
		RebuildScriptCaches (0ms)
		SetupLoadedEditorAssemblies (1108ms)
			LogAssemblyErrors (0ms)
			InitializePlatformSupportModulesInManaged (55ms)
			SetLoadedEditorAssemblies (10ms)
			RefreshPlugins (0ms)
			BeforeProcessingInitializeOnLoad (289ms)
			ProcessInitializeOnLoadAttributes (684ms)
			ProcessInitializeOnLoadMethodAttributes (51ms)
			AfterProcessingInitializeOnLoad (18ms)
			EditorAssembliesLoaded (0ms)
		ExecutionOrderSort2 (0ms)
		AwakeInstancesAfterBackupRestoration (13ms)
Refreshing native plugins compatible for Editor in 17.56 ms, found 4 plugins.
Preloading 0 native plugins for Editor in 0.00 ms.
Unloading 4474 Unused Serialized files (Serialized files now loaded: 0)
Unloading 15 unused Assets / (29.5 KB). Loaded Objects now: 4955.
Memory consumption went from 146.2 MB to 146.2 MB.
Total: 3.982500 ms (FindLiveObjects: 0.482000 ms CreateObjectMapping: 0.398300 ms MarkObjects: 3.047000 ms  DeleteObjects: 0.053500 ms)

Prepare: number of updated asset objects reloaded= 0
AssetImportParameters requested are different than current active one (requested -> active):
  custom:scripting/monoscript/fileName/IPrebuildSceneSetup.cs: 086a540b86c9ccf5ce0a23935a64c98d -> c89711320cb5af11897ec50fd61d4419
  custom:scripting/monoscript/fileName/BuildMergeTabParameters.cs: 2c923f29302a39560b4301c3fd163a7b -> 
  custom:scripting/monoscript/fileName/IncomingChangesTab.cs: 8a20aca125f6d4b837670edb6e36bc05 -> 82bff1d960538992d4e618d909869d2e
  custom:scripting/monoscript/fileName/EditorAssembliesProxy.cs: 23426c61d1cfec53ec65b1ed2f77c773 -> ef0f2d44f3e723650bf58ba30866667b
  custom:scripting/monoscript/fileName/OuterUnityTestActionCommand.cs: eacf156fb6f74d2f6b697bf47e9a72eb -> 36c13d7d2a2c5c2f372e7b1c0cc06d4d
  custom:scripting/monoscript/fileName/TestJobDataHolder.cs: 1e3b4dec54d5610ff8a852c0a9fccf2b -> 2c9edeeac80ff44e86cac8087411d260
  custom:scripting/monoscript/fileName/DiffSelection.cs: 34faf7c86f7e0c9a01162e930679d82f -> 1460aaba4240ef35322cb9c198487990
  custom:scripting/monoscript/fileName/EditModeRunnerCallback.cs: 8a8dedaa2bec26f26744df4ec8e2f191 -> 
  custom:scripting/monoscript/fileName/EnterPlayMode.cs: 3cb26e64a9bc927aa1556d517c8e8a78 -> c730bf9ff77514bb260ba9933378e49c
  custom:scripting/monoscript/fileName/Filter.cs: 18ef22850e69a0e3e97548ae5b255f92 -> 935824dbebf762a19f2d4c4751625fe2
  custom:scripting/monoscript/fileName/DrawStaticElement.cs: 6cbd346d4a1be2ee84c9ebe55a7f9f79 -> 5765d84d60602f16f5577bf0b7fc6b96
  custom:scripting/monoscript/fileName/MoveDeleteMenu.cs: f1a7b8a8be76c035d934c51863f3b934 -> c4ad4528e772c33a6167006886a8d1da
  custom:scripting/monoscript/fileName/DialogWithCheckBox.cs: 738e3e0af97e826e16805dda77e5f009 -> 
  custom:scripting/monoscript/fileName/UnityTearDownAttribute.cs: 4a3d30720366843ca221fd554845c187 -> d90d4ba0821a80f48bd6cec8eab8964f
  custom:scripting/monoscript/fileName/DateFilter.cs: de3aab0283a2b4a1d4d64145b14132d5 -> 3a6cb8c2e3ffbb5a9052e322ee5bf411
  custom:scripting/monoscript/fileName/RemotePlayerTestController.cs: 83176596b43ae79e65d8c3ccfd7c1c75 -> e65e7856c7b5238a13243fffbf64f7eb
  custom:scripting/monoscript/fileName/ConditionalIgnoreAttribute.cs: 507a506f130880469465e0381c429447 -> 9f2f3d4c6b56d5f470ccdd0e1820d51b
  custom:scripting/monoscript/fileName/TestMustExpectAllLogsAttribute.cs: f1224ac9ffb401dcd2c905e6a783da06 -> cdf1c75549affd080e0ddbde5bcb7c34
  custom:scripting/monoscript/fileName/TestBuildAssemblyFilter.cs: e3ae3b9dfa7b065b08d520845d4f070d -> 056870da734fd8ecf77d00737a22149f
  custom:scripting/monoscript/fileName/ITestRunnerListener.cs: 07f2f49d67775d1bad20bc1589a5769d -> d52675266925b8e603f210be3981d59b
  custom:scripting/monoscript/fileName/PerformInitialCheckin.cs: be22d181e456c0a8a5713675f29ac72a -> 8ef9a9f407b8b94b2b5fad9d24e61f79
  custom:scripting/monoscript/fileName/ConflictResolutionState.cs: d9394655856a9fc1a0b280bc997bac16 -> 74a230000ff2fd58c5a60ab4258207dc
  custom:scripting/monoscript/fileName/IEditorCompilationInterfaceProxy.cs: e8a39ed00046a7b93647d4de1a3e0e00 -> b1e49de3ac2ed1feea91c5f6846d6e49
  custom:scripting/monoscript/fileName/EnumerableRepeatedTestCommand.cs: 229b55de651d474bc2ca3733382eef36 -> dbdc4517e80e66a31f48ce40e06931f2
  custom:scripting/monoscript/fileName/FindWorkspace.cs: 39bbd18bfe6bf4a99f5c185dcda4dd4a -> 6af6c9e9382fef881c020ab184e6f7f5
  custom:scripting/monoscript/fileName/CommandLineOption.cs: f2f0dbe72e14e05a5259c3e6cb3ececc -> 211f73ad4421274a5a418608b74cc839
  custom:scripting/monoscript/fileName/IPostBuildCleanup.cs: 7bc004ae26b110cd32d3401b0981f815 -> 8d43f6dbc44addb43106f91d15047771
  custom:container-demuxer-ogg: 62fdf1f143b41e24485cea50d1cbac27 -> 
  custom:scripting/monoscript/fileName/TestListTreeViewDataSource.cs: 8b5a59ec2d06d36e63ce53a34e1d591e -> 153f0d5d9a6099f80f6d26e9c0ad6b7d
  custom:scripting/monoscript/fileName/CheckinConflictsDialog.cs: d3af1d70d3f60a9847d2942647274222 -> e13fa04a97fb675842c94586fc602871
  custom:scripting/monoscript/fileName/CommandLineOptionSet.cs: 6bb45bf9141d4fec50aae5aa4651fa84 -> 57b6c3812f217f48a5cedf066a216cfd
  custom:scripting/monoscript/fileName/ITestRunCallback.cs: 0ac8617cc2dc9780c575b6eb03f6d505 -> 7d90e4d27cccfe89ef24a93578e15a74
  custom:scripting/monoscript/fileName/AuthToken.cs: d22b2893825e943bc1389be142abd57e -> 0fba7e8eb1ec8b699f274cdc956451b2
  custom:scripting/monoscript/fileName/ProgressControlsForDialogs.cs: 6bf8e69ac7dc2163fe988e5d8181ce88 -> 7e6bd1727985204e3b64e1946e589b1c
  custom:scripting/monoscript/fileName/AssetStatusCache.cs: beede06d8a6d93e7907fd192ad653f2b -> 260d5f85663ac58b2a7e9553c453bc3e
  custom:scripting/monoscript/fileName/IEditorAssembliesProxy.cs: 81289fa7514ad1168ecb67afff27720d -> 8586f95fda82b1fa948b8ac0ebb50a9d
  custom:scripting/monoscript/fileName/AndroidPlatformSetup.cs: 56c28d48cf01b1b2c96f64a6827ffac4 -> 67d5fa212608c900d88b1544a5f49997
  custom:scripting/monoscript/fileName/OrganizationPanel.cs: d7ac1288bef1b15a05bb26d201a4d87f -> 57a57e6a345dbd536e91c348b70943a9
  custom:scripting/monoscript/fileName/ChangeCategoryTreeViewItem.cs: efd70108e1f6ff61ed2723220486adfc -> fd14db176fff061715c8ec88ced1902f
  custom:scripting/monoscript/fileName/CurrentUserAdminCheckResponse.cs: cec2f173fe8732108711c497674c6f66 -> d57c2dcace740834acd59fdfbc5023b8
  custom:scripting/monoscript/fileName/RenderingOptions.cs: a84cebfad0b53e3dbf0202be3cc1d6d3 -> 
  custom:scripting/monoscript/fileName/WorkItemFactory.cs: 9cd58300f748e3250316447e9d2a8d06 -> d8b2e380888ccc980a475a01f04d7a45
  custom:scripting/monoscript/fileName/UIElementsExtensions.cs: a191d7293be4538b0adb29dfe5b06a46 -> 52e0d612ab032e4d22e9558b90396b99
  custom:scripting/monoscript/fileName/PlayerLauncherContextSettings.cs: 89c041e42e3e6c336ae4ddeb40f2d12f -> 3c0a34dce28ade8f88b3e213fadb0738
  custom:scripting/monoscript/fileName/CreateBranchDialog.cs: c429477092287209232592c8cde1a615 -> 9eb29fda08033b4f847247136c412db6
  custom:scripting/monoscript/fileName/RunSettings.cs: c8ba576640d505c59ca4d995eb1b55e6 -> 6770f3fdaf287e73ff6c63f28a5a7e92
  custom:scripting/monoscript/fileName/UnhandledLogMessageException.cs: d6d6ca25090fc3eec22959040bde30f3 -> fa6ee6fe2a221a71f213304ae56898c7
  custom:scripting/monoscript/fileName/EnumerableApplyChangesToContextCommand.cs: 7e82e96f40f2bf4118aab6f6aef1d287 -> c2aa6cedc66892dd581c50a4d9b6a147
  custom:scripting/monoscript/fileName/RecompileScripts.cs: 33cdfe80e47d8b05e5ee4c6c33b4993e -> 73e345449efb1420f34aad9debcdf2bd
  custom:scripting/monoscript/fileName/DelayedCallback.cs: 4d96f98a05296a6e495fa9916bc0a91b -> e88c5396d33adcd6404b4cb8a051b2b1
  custom:scripting/monoscript/fileName/OrderedTestSuiteModifier.cs: ddbca70bf46f5e4ca706b058ef23253f -> 6a8006d91a7636d39c6731494060c3c2
  custom:scripting/monoscript/fileName/DrawCreateWorkspaceView.cs: 6422239d8f649480614f0dd4f018b7f2 -> c6039ac84d85ab3926aa94de163a9f7d
  custom:scripting/monoscript/fileName/ProjectPath.cs: 5634ebdbea8ca94089eb9622d1b60497 -> 2007f972d3a73eeb86dfe05e849c7f69
  custom:scripting/monoscript/fileName/SSOCredentialsDialog.cs: 8967ceae1bc195ea8dd32b23c42dd852 -> e140ede12a96f68f30062138385171c3
  custom:scripting/monoscript/fileName/DefaultTestWorkItem.cs: df6f5a85dcc29cabfe426927cfff8766 -> f906b4fb5b78cb9d23a07212620919d9
  custom:scripting/monoscript/fileName/TestRunnerApiMapper.cs: 213999ba10693518027e8ab0204d1885 -> 241489454095fad1d1d89166ee62820f
  custom:scripting/monoscript/fileName/LegacyPlayerRunTask.cs: 328c044124055242f6ddb7aa596ab1d3 -> 148e0500b0761261bc418d25c26e82b1
  custom:scripting/monoscript/fileName/Vector3ComparerWithEqualsOperator.cs: 6b9a33545ada02177d266ed1f5b19290 -> c497cde63ec72672e5f69e70b932688f
  custom:scripting/monoscript/fileName/IGuiHelper.cs: c60290192a780a358cb4d2eed657f7f8 -> da57d3fb0f8ace42d5b01eed25e9e3d5
  custom:scripting/monoscript/fileName/DownloadPlasticExeDialog.cs: 2dd40c53d0303d041a27a44a95c331cb -> 093cfe0607c2346a88cdfdfe1435614f
  custom:scripting/monoscript/fileName/GetOperationDelegate.cs: e719058321e4f2be94be212e42f097c8 -> 
  custom:scripting/monoscript/fileName/OutOfOrderExpectedLogMessageException.cs: 22c4a953865c583fd55d80a54c5d6c18 -> 4ff78bac16cc86124e588c20ad3ddba7
  custom:scripting/monoscript/fileName/IPlatformSetup.cs: 9a0668684da27d1ddefa88d99d869448 -> 6f20476898784a15f8b8eb28653a67fd
  custom:scripting/monoscript/fileName/TestTreeViewItem.cs: 3239fe248332ddd6a904d9cb0680e538 -> aae3d62f4daf680133c1c18c7814d15e
  custom:scripting/monoscript/fileName/AssemblyLoadProxy.cs: c6dff8352382292b9959041d98303a41 -> 0f3a4ee005eb8f7b33161c2ba6196e00
  custom:video-codec-MediaFoundation-h265: 746d11721c4dcdbdad8f713fa42b33f4 -> 
  custom:scripting/monoscript/fileName/SaveUndoIndexTask.cs: ab03f94eed1b9c2e86cabe91ffdb6ab8 -> 6e0bcd5f418cf8184993174ac732fff4
  custom:scripting/monoscript/fileName/TestResultRenderer.cs: 9bb52db8cdd7fbc7b27d62af73d00df8 -> 2e8123de6d2eea4d42efb7a87e150b27
  custom:scripting/monoscript/fileName/WaitForDomainReload.cs: ec74674e8cae527fdeb410a81a4658a3 -> b6033700f0adcf3b23782f04c42e269c
  custom:scripting/monoscript/fileName/PendingChangesTab_Operations.cs: c99065f3c85ec85c85ece2a1a30665af -> 15ae6787065f4af65778e981f418a60b
  custom:scripting/monoscript/fileName/LocksListViewItem.cs: cc9cd24c5be4f7363367cba72f12aad4 -> f4a19fabbec093eb3d6a7e1cd4f42611
  custom:scripting/monoscript/fileName/ITestSettingsDeserializer.cs: e43933e90cb98a9555f922952cdb833f -> 22e37de7af2cea07971d0ba87110dad7
  custom:scripting/monoscript/fileName/UnityTestAssemblyBuilder.cs: 9b6ef4c0578639ba943c8f65e1e8d74d -> fa151eb16842256647a2914b37e4bf9d
  custom:scripting/monoscript/fileName/PendingChangesViewPendingChangeMenu.cs: 561ad0f702e1db14300a4a5f810051f9 -> 9a6ef2277212bf26d647c7f12f946287
  custom:scripting/monoscript/fileName/SignInPanel.cs: f7e82045994d4eefe3b021faa87b55c6 -> bac0318ce35e37bed3a2cc8137452435
  custom:scripting/monoscript/fileName/DrawInspectorOperations.cs: 61c4a6a6507d8f84ef5bdf5cba3f0aee -> 8c94fe642e98309082411f46db89106b
  custom:scripting/monoscript/fileName/AnalyticsTestCallback.cs: 86b513e5c36f0343183de924372e6da6 -> 70c2658c96c40ebe349fda85c81dae6e
  custom:scripting/monoscript/fileName/TestTaskBase.cs: 4b3bfcc0ce488c09e9c983c955b234c0 -> 162ca0c58961a22b2d7f2a866ccb62df
  custom:scripting/monoscript/fileName/DrawDirectoryResolutionPanel.cs: b77d9918f02a8eac64394aaf99fa4b28 -> e4e3c9b4bc511687802b504b71016540
  custom:scripting/monoscript/fileName/CloseWindowIfOpened.cs: d820344e932a12600b5fe6fb7e9f1563 -> ce229ef3b7461ff17e2c1af0695a6657
  custom:scripting/monoscript/fileName/SaveAssets.cs: e472a52843752df7d7ad4ca6b2c8da98 -> b56abea3d51c742ac29e4aec958afad6
  custom:scripting/monoscript/fileName/TestLauncherBase.cs: 55b4d99610fbeb9ecb7ee6ead3251104 -> c78237b225a855d3af10df4cd8d6a1b2
  custom:scripting/monoscript/fileName/FloatEqualityComparer.cs: 4dac02b3f722be0497415c960455318c -> 6ddc5d5b0944c660e6b695f37c9febc8
  custom:scripting/monoscript/fileName/ResultSummarizer.cs: fcfdcb2adeeb82cb8f411b44b44abdb0 -> 
  custom:scripting/monoscript/fileName/MergeViewMenu.cs: 93bc40369a2f104c249cef1d685ad358 -> c1676e16bdcf215f6595ea9de7a1fc33
  custom:scripting/monoscript/fileName/RepositoriesListView.cs: 9f95c83dc460fb03fb0916472f14b8a7 -> 95287f65338ca0073ad04002a16eaaf7
  custom:scripting/monoscript/fileName/HandleMenuItem.cs: 740e54c5f6dca1acc88cad87af74b744 -> b4ad1ecc5243212c5967125ad5e41b1f
  custom:scripting/monoscript/fileName/CompositeWorkItem.cs: 77037823112276c67676f1e42edf1cd2 -> bc884a89fde61fa75209209a03bbd836
  custom:scripting/monoscript/fileName/ScreenResolution.cs: 5c975132cf4e36dcc261bd0acd604271 -> 7bb7bb5b955671820101b322f0a7bf3d
  custom:scripting/monoscript/fileName/RunFinishedData.cs: 35b8f95dad4fefe115ad61c2c01125ab -> a22f15c3a79d1f15ccc31ec29ab37874
  custom:scripting/monoscript/fileName/ApplicationDataPath.cs: 8e4094e28762fb76a1baecfe90c6b65e -> 3e8c4ea8debfda8013fed860ac233d22
  custom:scripting/monoscript/fileName/MergeSelection.cs: 6deb9bc55c10a7ac7c9f905a7b92dbe8 -> 630eecd27cae3311e65e09d9c63da8b7
  custom:scripting/monoscript/fileName/PlayModeTestListGUI.cs: 9528035223f9376ea8c5bf32da2d30c1 -> 
  custom:video-decoder-ogg-theora: a1e56fd34408186e4bbccfd4996cb3dc -> 
  custom:scripting/monoscript/fileName/RepaintInspector.cs: f134606300316994850c28a68d0cb5a3 -> 
  custom:scripting/monoscript/fileName/LockStatusCache.cs: 5e3725e03dc21c716034553589a67eae -> e99b3f34c5cd3eb73ec19439af1f7f80
  custom:scripting/monoscript/fileName/DiffTreeView.cs: 68195907d129ef826aa6b6df7202696d -> 49f46fd2a65ea674a218eead75f27aac
  custom:scripting/monoscript/fileName/UnityTestProtocolListener.cs: 031f67bcc950e88772c7e00661691db9 -> 0d4d2ab58d3a081f00c0f200ee8696be
  custom:scripting/monoscript/fileName/DependenciesDialog.cs: 82d30fc8d5e1a73ec0d1ee9acc00fbc2 -> c8902186ab2f4e6471b5dd147afb01b6
  custom:scripting/monoscript/fileName/ChangesetListViewItem.cs: 95a197949f1e777703db60eea8cc21b3 -> d742a4910e302777daa1ccb9c8e92cb9
  custom:scripting/monoscript/fileName/LocksViewMenu.cs: fda08381fa9abca53b6eaf3bf55f14f8 -> 186d8514e824865b191ba1829afe4b33
  custom:scripting/monoscript/fileName/MonoBehaviourTest.cs: 8f6297df34271fdb1ce2d9607ec6261d -> 90647cc400823b41df847a6cbfc29026
  custom:scripting/monoscript/fileName/IncomingChangesViewMenu.cs: 5f96afa82d3e2a8078206b7f6d3b0752 -> 13196979a03411533716f6775c9a624b
  custom:scripting/monoscript/fileName/QueryVisualElementsExtensions.cs: 75ea535788abf9c38ba9341c984a6241 -> a49740b6efbb934f55475cc70b864a4c
  custom:scripting/monoscript/fileName/DivergentMoveMenu.cs: 5b146ed65a6a030ab7d86a0d711244f7 -> 98d76b5791494212a0c25aa6a4af7288
  custom:scripting/monoscript/fileName/TestResultRendererCallback.cs: 11a504294abe84b81ed7535d2d6b52d7 -> 215106b260625bb3e26681b849d9307d
  custom:scripting/monoscript/fileName/PlatformSpecificSetup.cs: c7583018fa54cbb13353f07300f73380 -> 0a7f9c0b27ae370d8bd5d3df4916ae28
  custom:scripting/monoscript/fileName/EditModeLauncherContextSettings.cs: 716154923321c522b7f6492b24dc4629 -> d1e413330d98a9101237ccbe91f95dea
  custom:scripting/monoscript/fileName/PlayerQuitHandler.cs: b367910cee7b2e682885ab95e27ec0ea -> b4085dee8fd70ae04ac96945fafed489
  custom:scripting/monoscript/fileName/WriteLogConfiguration.cs: 1a8401f47b522f631a3dc005105719f5 -> 1589212d1638ae91a029ea3ddf9999f2
  custom:scripting/monoscript/fileName/PrebuildSetupTask.cs: c7a55bff004702e0146f0b7de9de0c32 -> a4e888a510b1441a257b12183e59237b
  custom:scripting/monoscript/fileName/UnexpectedLogMessageException.cs: eb4b453bac6ce1ffa84fa1fcbecd8818 -> a7bbf32861c66018271b093fc1d1061b
  custom:scripting/monoscript/fileName/FileSystemOperation.cs: c31a686e69e66801c204a11be56c950a -> f0ccbe91654279794a85bf6f1c034716
  custom:scripting/monoscript/fileName/RerunCallback.cs: ffe49cf602017087ffa7749d06513ace -> 
  custom:scripting/monoscript/fileName/MigrateCollabProject.cs: af93695e471d9c8e4ad014c4165f2c3c -> 9f3487f03a783b35518405572f20ac9e
  custom:framework-win-MediaFoundation: 216162199b28c13a410421893ffa2e32 -> 
  custom:scripting/monoscript/fileName/ITestListCache.cs: 530322f74ae4ee44bba33a2f253d3260 -> 93f202374a8dd6602503d990ab2feb72
  custom:scripting/monoscript/fileName/TestRunCallbackAttribute.cs: 0f465317bd2bfaae92f90a6ee84c0d18 -> c61459d4a70eab5bd767d5a1f82f55d8
  custom:scripting/monoscript/fileName/ProgressControlsForViews.cs: 7d677c6df38ab15cf390062b5b0bb854 -> a8a18a90f46aa63848e1e45d8d7ff9af
  custom:scripting/monoscript/fileName/DrawAssetOverlay.cs: 04a46044def089f0abcdafdd281e3646 -> 
  custom:scripting/monoscript/fileName/PrebuildSetupAttributeFinder.cs: 2bad1feb91972325181c65f0d7b65426 -> 1f975f3a70c8f9747da919735d84e6c3
  custom:scripting/monoscript/fileName/ProjectWindow.cs: c62567a3d71fd74636bc783de5162474 -> 
  custom:scripting/monoscript/fileName/TestExtensions.cs: 06f4dc0f3112fa2e5582ace2497b1b80 -> 8e47deac44d7b87eaa5df5d00556dc15
  custom:scripting/monoscript/fileName/TestEnumeratorWrapper.cs: 3f82598f123760f637b0f70a1f287d77 -> 3e969f8448dc5644f60fbcb6f1badbcb
  custom:scripting/monoscript/fileName/MergeLinksListView.cs: 826afb5fb5988163105086b4bf5027af -> c9488671ae9b14523680d0c19097baa0
  custom:scripting/monoscript/fileName/UnityCloudProjectLinkMonitor.cs: a6d5b729fcd63f578363f7929a986e8b -> 86b74508945daf368996ea82904ac8da
  custom:scripting/monoscript/fileName/LogWriter.cs: a4f5ec34386b4e23f87b43dd16f6db46 -> 89105d9cfbe59e79a996dde998b3e7ff
  custom:scripting/monoscript/fileName/AttributeHelper.cs: 9458f4b34c0ac14db5c169abc8e43f94 -> dcab3630cb119e1a5f7f9c7b24677e49
  custom:scripting/monoscript/fileName/TestRunCanceledException.cs: 95340416bb18b4fa3930cdab2cc1fc66 -> ff7dc6bce365deb50fafe94b823009cb
  custom:scripting/monoscript/fileName/ISettingsBuilder.cs: 519472d4601ec620807556de1c3db699 -> af84c62ea6a033820a24a2d04c70d5c3
  custom:scripting/monoscript/fileName/Vector4ComparerWithEqualsOperator.cs: 3cde4a46f80e6bcedaef4297c8060490 -> 982db4358832ddfb456522b96543f1da
  custom:scripting/monoscript/fileName/UnityTestExecutionContext.cs: eca56c04b69a8399029cc9730daae5fd -> 4c0ef8e8d96fc20b3ec58c9447d6ec92
  custom:scripting/monoscript/fileName/EditorProgressBar.cs: 7418be9b22aaea32732f8a5f49569d1c -> 08c2f2b90ef64df631d46389f0e22c8e
  custom:scripting/monoscript/fileName/MeasureMaxWidth.cs: cd9322680ae61d38397008451b7ed0ed -> 1569e3f1dad91a9b01cba66ab6aa30b0
  custom:scripting/monoscript/fileName/SaveModiedSceneTask.cs: 135adac13be698ff4439d6c6268aa5b8 -> 
  custom:scripting/monoscript/fileName/TestSettingsDeserializer.cs: a44271a81256da8d6d9195e1628af709 -> 2daa2d89ea5f024d33cb1e72a3d35d63
  custom:scripting/monoscript/fileName/ChangesetsListHeaderState.cs: 69fc4f1a2bc3782d7043ec48961a3616 -> fe1392f9b135da83e13fe8a5e5f39fc2
  custom:scripting/monoscript/fileName/EditModeTestListGUI.cs: 8831f0ca2dcd13614282b516af72c688 -> 
  custom:scripting/monoscript/fileName/TestResultSerializer.cs: 52a416bb91eef89cbb19dd3cf67adb65 -> b75c8de5ed0cf8b4071350488249260d
  custom:scripting/monoscript/fileName/PendingChangesTreeHeaderState.cs: 7d278b5569d28437d07554a3bbb56e1b -> 5d7f70d142c9ac67864ec14950523d62
  custom:scripting/monoscript/fileName/BeforeAfterTestCommandState.cs: ffd46073254dc1bdb5c1bca6005d67d9 -> 590f9af42d8f6706b758d6c33b25bf7d
  custom:scripting/monoscript/fileName/MissingEncryptionPasswordPromptHandler.cs: 7f5831fc8a41e9cadd84fcfd0e885072 -> 5d7b9646eb14a39b6d3d5bab19d266ff
  custom:scripting/monoscript/fileName/ChangelistMenu.cs: ca33bac56b3a337faa90a1b1bba632d6 -> c1bf5aeb760cc5eae584ea3944d6531b
  custom:scripting/monoscript/fileName/NotificationBar.cs: d1a4cf5e8103d80fd25347275f906aa8 -> 50f1a85fa18d94338418def78dcd8543
  custom:scripting/monoscript/fileName/EmptyCommentDialog.cs: c9c28ff22d24598d7e4856f434bb1b92 -> 99cc06133e502eab7998108e26fd5614
  custom:scripting/monoscript/fileName/UnityThreadWaiter.cs: dbd556f2802baab90a20da38c288d36c -> 99333406d92d10003984b4d1920de2f9
  custom:scripting/monoscript/fileName/CredentialsDialog.cs: 179b5e49656a1623c2e79d838f0f5876 -> c785d5e40f8d66b7ef7ba04ee7c324e0
  custom:scripting/monoscript/fileName/ProcessHubCommand.cs: 30630f626164e285c361aa64e681100e -> 8ab0fc63fa4d9d749198dd61b09d7e37
  custom:scripting/monoscript/fileName/GetRestorePathDialog.cs: e21eb9983f0b989125951478cd5e9b35 -> 353d1126ca2d2063d5bdbd06806ffc08
  custom:scripting/monoscript/fileName/UpdateReportListHeaderState.cs: 64a5bf775d221ad9a5ff8c78a1e0e1fa -> d6cbe54be2898ed2c96c2e79572c2e08
  custom:scripting/monoscript/fileName/LocksListView.cs: 8c6202774eebcf67be9c3b5a2926cc7c -> 7aa51ff93bcc98aa05dec8b46ec200c4
  custom:scripting/monoscript/fileName/DownloadAndInstallOperation.cs: b043b8d5921892e87f4566e00162cff6 -> 4f4065aeafda2af0ec272a3c228e27b2
  custom:scripting/monoscript/fileName/DiffTreeViewMenu.cs: 3e62bfc69ca7486976988e151b88922e -> 8039fc4ecf68b3e966e1f4822789e7fa
  custom:scripting/monoscript/fileName/ICommandLineOption.cs: 147751a92efc4c8cac91a9a528c2fb1c -> 58da599070a3bdab08afc8355de79ed5
  custom:scripting/monoscript/fileName/UnityStyles.cs: 1a176026ce9da8057f3ec90dfe0bac74 -> bbbba3cda37678cfc74d71ffebf36e7f
  custom:scripting/monoscript/fileName/EditModePCHelper.cs: fed3c3b34697ace66d06f26c80e9297a -> e16a214ddb2d161f4792170cb0c8e6aa
  custom:scripting/monoscript/fileName/HistoryTab.cs: 4d086984813cd90d6be245dd8e03a2ba -> d57f000c65fde42a2228c7a105a836e5
  custom:scripting/monoscript/fileName/AssemblyNameFilter.cs: 6517804d9019b844c3f33c3b43a18f84 -> ce7ef29746fb23841833950bb87cfa6a
  custom:scripting/monoscript/fileName/HistorySelection.cs: 7c3afcf345a55e8b77ea41ca0f570218 -> 3d07a3d1241e204b5420d71f1137eba4
  custom:scripting/monoscript/fileName/CreateWorkspace.cs: 7b3086384e5ddcd73cd5064a3ce31cd2 -> 5256205b5cf0570b6f698c7abe518f5a
  custom:scripting/monoscript/fileName/ShowWindow.cs: c731454122754eec192bc3c53fac3d95 -> a6bb1d20733c178256b38974418d7450
  custom:scripting/monoscript/fileName/LocksListHeaderState.cs: b80c5f044f18764adef2e9dbea5f0fb1 -> c7fe4d3b5f954615048f8e79925d29e3
  custom:scripting/monoscript/fileName/RemotePlayerLogController.cs: 6007c2a9667c47ca237ace4f2531438b -> 158b55f2a8781eb1cac7ac26acd42fc6
  custom:scripting/monoscript/fileName/EnumerableTestState.cs: 074d7b301977647491f399c62e52cbc1 -> 30e3efb82d3f99d65cdecdd2f0bc0194
  custom:scripting/monoscript/fileName/CreateRepositoryDialog.cs: 1e1c5399cf3d0b071c7982c565a710ce -> 5cec3e66b09e0dbe1f805953c5c64af9
  custom:scripting/monoscript/fileName/UnityTestAssemblyRunner.cs: 3816e248a2cfe06e2622e0204123f53a -> 6329fd25aa4b3ce344b8f9506a5c2047
  custom:scripting/monoscript/fileName/RenameBranchDialog.cs: a3111a345c6451ee64cd16f1989c2313 -> e5c89c05c87517babb3730e87196a494
  custom:scripting/monoscript/fileName/ITestPlayerBuildModifier.cs: 144d61bec4e604c687a559324e865570 -> fe113c86bde5fdad424c8cc5e51fe0a4
  custom:scripting/monoscript/fileName/EncryptionConfigurationDialog.cs: 6423045767c07e6360ff314ec741c601 -> 19e9c54aff6ffc68d60fe11f80578947
  custom:scripting/monoscript/fileName/RemoteTestResultDataFactory.cs: 82b227499ad613fb85cbd7542a960c8c -> 875f30f4d57949231d64836d9e348a72
  custom:scripting/monoscript/fileName/UnityTestAttribute.cs: f0f5f36d5b331df20c3357ff1637e397 -> a53f050fb661d50bb6c962963a554f8e
  custom:scripting/monoscript/fileName/TestListCache.cs: 8e95164bb40beaf2361efc98dc17a66b -> ff7c7e6ac29ad86c5fe33a64ed0d2f4f
  custom:scripting/monoscript/fileName/UnityTestMethodCommand.cs: adc652ef2db502396e2bc23b9d9a66f3 -> ccfa8ff8b49ded2664d646e8ee3d5ff4
  custom:scripting/monoscript/fileName/CheckinProgress.cs: 298ac58365579798eb3b4defc181ccaf -> 75b93dbc5ef307111f0647f735640420
  custom:scripting/monoscript/fileName/ITestRunnerApi.cs: 7ab503b15e3438e134c0702f000eb0a9 -> a476c74c9cbf5732bdfc8c88b9702476
  custom:scripting/monoscript/fileName/AssetCopyPathOperation.cs: 571ede78b6298606a236918df9df62d5 -> 633a9d130b72ba594756844b628f0ae2
  custom:scripting/monoscript/fileName/Vector4EqualityComparer.cs: 2b4abe9ea592b7513d6aeaf121d66f76 -> 998bf018f3e79a3b4501bebf13133ef3
  custom:scripting/monoscript/fileName/PendingChangesSelection.cs: 766664749a54eea9ecce5dff917430ef -> 1721ad72d074757364587c71b49d9382
  custom:scripting/monoscript/fileName/EditorLoadedTestAssemblyProvider.cs: 30976bb8f0671594f080cfda4f365c0a -> 406b39f61e53aa4b6c435e30af6b5276
  custom:scripting/monoscript/fileName/Utils.cs: 0d3272cd783b90f4eef2bf111d5a7b15 -> 38efaa10a2cec4e71a9eaf567c91a8a5
  custom:scripting/monoscript/fileName/LuminPlatformSetup.cs: a7bbd552cf00b6b349997b7d2e68359d -> e65a295a4e58fc042cc74afa9243a080
  custom:scripting/monoscript/fileName/ResultsWriter.cs: 45d4009781f259d024c859617b776a29 -> ccd0afcd43fc96f0f8be5313b60e6c07
  custom:scripting/monoscript/fileName/LoadAsset.cs: 9042eb334fc462cf466672445be1d4c2 -> 5e4e082aa5b21c13b80eb237fe94d00b
  custom:scripting/monoscript/fileName/EditorAssemblyWrapper.cs: 1da4fb3eb1b01bdabc7899984e06e2b2 -> 8682dbb48030d53c622cd194bfa9e87d
  custom:scripting/monoscript/fileName/Images.cs: 0b0c14141950fed99e3ef33199b3b4c9 -> fbdd1e600315d249327f3effde045c9d
  custom:scripting/monoscript/fileName/DrawLocksListViewItem.cs: ce3a3d64ec2d84c3556ffd4141efc4f7 -> 6201c4d50383e970d554210505562d37
  custom:scripting/monoscript/fileName/DrawProgressForOperations.cs: ea9179848be98ee7719316b39339ef29 -> b544f18e6532ba53bbd1b691fa5cd571
  custom:scripting/monoscript/fileName/RequireApiProfileAttribute.cs: 519035bad40b0361872a678d221fcd1e -> 4cce4894a0d08ef40fd237b8e50d1caa
  custom:scripting/monoscript/fileName/CleanupVerificationTask.cs: 66002b5b43bdce8f787c2d84fc03dc42 -> 12e81b196e7eac521f1ae8e0411b3d28
  custom:scripting/monoscript/fileName/ViewSwitcher.cs: bb22cc2814598bf2511f6c811c1dc194 -> dd1f6d6bc6ad5beda69b13cdb560799f
  custom:scripting/monoscript/fileName/RepositoryListViewItem.cs: 2f16ba7694ec7934685021093e722c4e -> 3cabcd81911a2500dcd9e2b6ffae3f00
  custom:scripting/monoscript/fileName/InspectorAssetSelection.cs: 71ba78e42827a9b22a9a6016733d756f -> 4b3c1ae4c44d88205aef26229acfe022
  custom:scripting/monoscript/fileName/UVCPackageVersion.cs: c4d95cb84d9d8dff4727eba6b0a64378 -> 
  custom:scripting/monoscript/fileName/IncomingChangesTreeHeaderState.cs: f578f4545f0afb1f0a2de9a25e26e33b -> 9fcb97ef2da44c66332f5c6800c2e6ed
  custom:scripting/monoscript/fileName/EnumerableSetUpTearDownCommand.cs: 6c84bee1095d71c3f496285ac7de29fb -> 16b603dbb9724508977696171a42991f
  custom:scripting/monoscript/fileName/DrawTextBlockWithLink.cs: d38f3ee197d9063693d0301d5157b32c -> 1d43814d810f0d56e2964ad3b72f271e
  custom:scripting/monoscript/fileName/EnumerableTestMethodCommand.cs: dfec1548954add0987599d6dd0f01df0 -> 9040b48595c4d63d6c1126d81d3f1105
  custom:scripting/monoscript/fileName/WorkspaceOperationsMonitor.cs: 5f05751fd4d94e02e79a5bf200f98f9a -> 43dcc435c252a54bdaaf4d6588b7d66e
  custom:scripting/monoscript/fileName/EditorCompilationInterfaceProxy.cs: e4c0c6a3551d03ebd5ce8bc0c8444c16 -> 12bc7b3dd0ab2ff83629d76ca37d0d4d
  custom:CustomObjectIndexerAttribute: 9a22284fe3817be447336de3de66b15e -> 
  custom:scripting/monoscript/fileName/TestResultAdaptor.cs: 39fb6e85727c0d47ffa8785f61586e3d -> fb4db3971d5379750cda884e7e44e3e4
  custom:scripting/monoscript/fileName/PostBuildCleanupAttribute.cs: 31fa08dd08b1105fe7a49dcbe5b1ac85 -> 71391ff444f943d9ad8dd0d42b7ac81f
  custom:scripting/monoscript/fileName/ShelvesSelection.cs: 05891c88858e4ac7776c0c0c49b5b74f -> 8a3e11e7cd7bbf10b24988c7bf636dea
  custom:scripting/monoscript/fileName/TestTreeData.cs: 0f4cb01478895c7c3d9e4409dc682c1d -> 1859d24be324d8fb87ab0c693d76d928
  custom:scripting/monoscript/fileName/Vector3EqualityComparer.cs: b5ef1af8e8222802b1e616dabbbf7eb3 -> 1c8652cac1f220d6409ab1ba3f211615
  custom:scripting/monoscript/fileName/ScriptingRuntimeProxy.cs: e5e5d36b9b276c8f6937a94b5dfabde5 -> 19d9ac4d844404a0464698120ed39275
  custom:scripting/monoscript/fileName/MacOSConfigWorkaround.cs: 8634a542fc5c45ea8cd9a8244bf2c871 -> 9fe61e763da506601651f6c451cecb0a
  custom:scripting/monoscript/fileName/IncomingChangesSelection.cs: a96a5a084d59fe3917a3831b68fa9479 -> d86f9f4463e6f9d99bb815e1f018ccf1
  custom:scripting/monoscript/fileName/AddMoveMenu.cs: 07e842d83dd343358454fef0a7927a0d -> e681c3341f01390e9c1d636ae93280df
  custom:scripting/monoscript/fileName/RestoreTestContextAfterDomainReload.cs: f915dc737a51db5619c0ddbc3d7e4801 -> 3f8ddcbc7c316ccf5012287995780eb2
  custom:scripting/monoscript/fileName/PlasticProjectSettingsProvider.cs: c126b47f9f934d48f0646c249a5bfcca -> 8c4ae1aeb34c51d2a5a8924265075ff2
  custom:scripting/monoscript/fileName/WindowResultUpdater.cs: 62ee47153c9bac0200ac618954dd51d8 -> 605812b0e2a9a0174e15ed86a3d5ac57
  custom:scripting/monoscript/fileName/Icons.cs: fab81a9d523e5a61e28f0f54bbcc88b3 -> abf089f96620a0dfa1fac77a06c6c48e
  custom:scripting/monoscript/fileName/AssetMenuItems.cs: 9ce81cedb8e568c6b7b646aa6263645b -> 
  custom:scripting/monoscript/fileName/ToolConstants.cs: a088b027c7b0922429c756f12b0507ea -> 3b0d2490617bc7f94a0bdab65a399e1d
  custom:scripting/monoscript/fileName/MergeTab.cs: f39dce5bbfdc053d284a55fc102a8be9 -> f0a9f00e065364eb63b070091ade67f8
  custom:scripting/monoscript/fileName/IAssemblyWrapper.cs: c5aecaa35bc67342edbe5a12fdcda610 -> 993dbd556e2f14ec6d4f6bce6cb00191
  custom:scripting/monoscript/fileName/UITestRunnerFilter.cs: 06335d4aeb6c8af701629dcac5fd648c -> a9e31eaec62dd508fa917eadb1c52808
  custom:scripting/monoscript/fileName/IUtpLogger.cs: ebcfd45287927053700f4f66ff35b501 -> 1b41334d9fc4fd5edb024e0bd2a6db56
  custom:scripting/monoscript/fileName/GetSelectedPaths.cs: 02423a81496d6c63598b5cdc203f4354 -> be35dd49dddd53fc840b9febf21b4d0d
  custom:scripting/monoscript/fileName/TokenExchangeResponse.cs: 0dd9138dbeab6f132711a5b608de5c13 -> f20183d4cf939766d3c1e15cc3bec2e3
  custom:scripting/monoscript/fileName/ChangesetsTab_Operations.cs: eca44847b108faefa69f8c525242c965 -> 3290c4c0cd248666e01a08ee6d621249
  custom:scripting/monoscript/fileName/ConfigurePartialWorkspace.cs: 309d4276b0164b05348aedbd51cc0b2f -> 10fcc6b6d43dd5ed36c43c6f7b5906c4
  custom:scripting/monoscript/fileName/OverlayRect.cs: 59d6887e4803f8a44ffaa0409470e410 -> 
  custom:scripting/monoscript/fileName/ValidRepositoryName.cs: 43c262be3f66a970816e3d3a3ee8872a -> 56bcf92a3678f6ad6215cae2e4914cfd
  custom:scripting/monoscript/fileName/OtherOptionsFoldout.cs: eea27b9873519c1ea7c35b8afc1b7947 -> cc8f3a7680050422963ebd2bf169a841
  custom:scripting/monoscript/fileName/BuildTestTreeTask.cs: 96cb982a37fe5925168754787bdebc15 -> ca4a5380bc07f43d0ad6bc5c2ca39b4b
  custom:scripting/monoscript/fileName/TestListGuiHelper.cs: 6d40eb061ebdba07e078b90b14eadffd -> 
  custom:container-demuxer-webm: 4f35f7cbe854078d1ac9338744f61a02 -> 
  custom:scripting/monoscript/fileName/TestResultExtensions.cs: f40703becc02ea8bc3b6c19d19f9d745 -> 1c512e213c49ce6d72b9d37b957b9372
  custom:scripting/monoscript/fileName/GetPlasticShortcut.cs: 2a84c035152261f00e7e66eb44cd0ffa -> 5c2b7bf07ddd2284efc64b09ef0f1f72
  custom:scripting/monoscript/fileName/LogMatch.cs: 3705a2877c87af4c4355c7933d389895 -> fed715ef044674dde53628d58d931b50
  custom:scripting/monoscript/fileName/TestCommandPcHelper.cs: acbadd8ac17c9074f1c7f1b037d57596 -> f958b2880473418011bc0cda18245d1e
  custom:scripting/monoscript/fileName/CallbacksDelegatorListener.cs: f80c4f45fed6816f24285f468af00026 -> 
  custom:scripting/monoscript/fileName/TestRunnerWindowSettings.cs: edf34156a2b1507caf7c6651f5ea4bc3 -> fb70b758f65d0605100dbd9482b7158e
  custom:scripting/monoscript/fileName/ApplyShelveWithConflictsQuestionerBuilder.cs: e109c624745dcc4304c557872b253808 -> 02e4256f31bc905362a382e31c3387eb
  custom:scripting/monoscript/fileName/GuiEnabled.cs: 1b1658fd7715b5cc664c10a130c6b629 -> 7bb13fcc8d8cbd392e00f7232841f086
  custom:scripting/monoscript/fileName/BuildPathDictionary.cs: 943911b84162d26cea47f964f9a0a399 -> 9fabc7cc73fcfc50b8a3307c6aa6ec4d
  custom:scripting/monoscript/fileName/FindEditorWindow.cs: 2bb64182aef631315344623cf583c78a -> 8c3c78bb7e82ac5008f8a2b8a0d68cff
  custom:scripting/monoscript/fileName/ShelvePendingChangesDialog.cs: 47aa4c07d31152c0c1eff64d2ba76cc6 -> 86b1f48b5fbaffa67e939e7f404062e6
  custom:scripting/monoscript/fileName/AnalyticsReporter.cs: c71b24da736c66608a20411bc3a519d2 -> 990f0ccd7dd9ebe56483e30a572c9394
  custom:scripting/monoscript/fileName/TestEnumerator.cs: bf6d1620a5c6bd3f28c72bbfed80e429 -> 26328e1622cb69ba0b1e01e906e7f65f
  custom:scripting/monoscript/fileName/DrawProgressForViews.cs: c153245b67af73b7ee03f693a1127796 -> 068a172cb549ad77d9873d721698bd0d
  custom:scripting/monoscript/fileName/EnumerableRetryTestCommand.cs: 73d6d5af06eff02f63f972c0d9d4ad7c -> b281084796eb91cc19de80f3f2b73a56
  custom:scripting/monoscript/fileName/UtpDebuglogger.cs: 06c62e7bf4b353d0d89b78258065c40a -> 2f96cd7ac1384aa23e8238df80ef8354
  custom:scripting/monoscript/fileName/UpdateReportDialog.cs: 706e7e86547c339cdb3a4462e3f7a54d -> 087837d8f73228f1a817d0de82c77260
  custom:scripting/monoscript/fileName/UnityMergeTree.cs: f81f2d7551ab855fe9dc724f3f2e2892 -> 59edaa0a4669bbcb540a261166adc144
  custom:scripting/monoscript/fileName/CycleMoveMenu.cs: 91c21a0be9b3727d7673f94321029c52 -> b3993a7306fc941f55ca963833965729
  custom:scripting/monoscript/fileName/HistoryListView.cs: 527da2d093462f1c4a278d6957e7d5ac -> 7b2d1d2c12ab43d9d244e35197127919
  custom:scripting/monoscript/fileName/ChangeTreeViewItem.cs: 506ed128854137d9f75f9e3d2576a06b -> b0a38ce0a620643c776a3db4fd91bc4c
  custom:scripting/monoscript/fileName/QuaternionEqualityComparer.cs: 1bf489e3042604f863689ba3c73f9e1b -> 0787e0a336d915c2829c2f55fd970a0d
  custom:scripting/monoscript/fileName/ITestAdaptor.cs: 2a73ddc53f1c7b5bf11396536f687ca4 -> 1f6228260995615097fc339d08bee2f4
  custom:scripting/monoscript/fileName/BringWindowToFront.cs: 88b20f2a2881db6a013f54923d68cdee -> a30c7c1ba746c6d277a5aedd3057d15e
  custom:scripting/monoscript/fileName/ShelvesViewMenu.cs: 947ea245959bf421539573511c3a0058 -> da5dc74b3444288f443961ecab7245d6
  custom:scripting/monoscript/fileName/ITestSuiteModifier.cs: 2c6fc66f35fdd1866881280ae909eaa5 -> 4374b14ce25f3e6c8b983b3d579e38b4
  custom:scripting/monoscript/fileName/LaunchCheckinConflictsDialog.cs: 4417eba1591eccb2221bfdce0106c1e0 -> e2c1e3f8f4e14a62e4363fe6259adbc2
  custom:scripting/monoscript/fileName/ParseArguments.cs: 03c1a4d7e357164ca313a0019713c3db -> ae915d9f5fe287ced40627c9ca8bfafd
  custom:scripting/monoscript/fileName/ExternalLink.cs: 685ff1dd6f55eb61a1fd8af84a2aa7f5 -> a8ff952d8c27d10f226ab92b7aa83b69
  custom:scripting/monoscript/fileName/WaitingSignInPanel.cs: 247680fcfc6a176b9fa28a3df600a754 -> 7585e1c7111b6b900784e6d1c9454258
  custom:scripting/monoscript/fileName/RemoteTestResultReciever.cs: 3396dcbdb7cfcd933b2182fbc1532e1a -> 
  custom:scripting/monoscript/fileName/OperationProgressData.cs: 0db72349eeecbe9449a517b1d79cc760 -> 15f68712baaea535af36d9e0333c0a6e
  custom:scripting/monoscript/fileName/ExitPlayMode.cs: 64d4ea6d596aecaf913f45e499564e88 -> f2eb63cb1a92bddb334eb5c2d75abc43
  custom:scripting/monoscript/fileName/IStateSerializer.cs: c5a3e7fac8482b2fe72d059b34fdea4b -> 2c22f7cb714163eee04bfe4b72ec4957
  custom:scripting/monoscript/fileName/UnityTestProtocolStarter.cs: d1e78341b65caa27eeb465ea61128aba -> e4b107bc354fd6dcbd62420da6500b7c
  custom:scripting/monoscript/fileName/RepositoriesListHeaderState.cs: c0353a1af15ae4fd3d5a2a3cac816423 -> fb71b961ab7c924511a6b0e8680b60ee
  custom:scripting/monoscript/fileName/ClientDiffTreeViewItem.cs: 56be9d3aa410e770e75de2d8b93be89d -> 43bdd7aa5bf1aa039a5b572c119c38d0
  custom:scripting/monoscript/fileName/CreateWorkspaceView.cs: c40bc4c8524ef3e2374ef997beb2e4a6 -> 9ae2295080d141c0f12d02a71014e11c
  custom:scripting/monoscript/fileName/CommandLineArguments.cs: 0d20ca25f94249586a7c1484c469d8a2 -> 48a62ad3f817c0269ea7fc4a53799594
  custom:scripting/monoscript/fileName/BuildActionTaskBase.cs: 8f6297df34271fdb1ce2d9607ec6261d -> 90647cc400823b41df847a6cbfc29026
  custom:scripting/monoscript/fileName/DownloadRepository.cs: 46fc68d9cc4da8e8ed765ff28b2dd438 -> 5bad8d3f76a3fcb41a94637e37c11ab0
  custom:scripting/monoscript/fileName/ParentWindow.cs: 2476d8a6ba9c3055f984ac9792cae61a -> d6aa079e592e01701c5baa3ab98898bc
  custom:scripting/monoscript/fileName/OperationParams.cs: 091a140b35535b91c773ddf98925322d -> 3312c7a4424a66ffbf2f88f056f329aa
  custom:scripting/monoscript/fileName/IEditModeTestYieldInstruction.cs: e4c6a749d843914165935ce080f657d8 -> ad49fb85f2d4ed0badb27552deac0771
  custom:scripting/monoscript/fileName/CachingTestListProvider.cs: cac67f32d723c8745a1f511390945781 -> bfcb79acce43a93633071168c814d063
  custom:scripting/monoscript/fileName/SignInWithEmailPanel.cs: a5823728eb62cf6dbd8c933c1cb26f53 -> 6e8957c0ed7609303e68389067e72d72
  custom:scripting/monoscript/fileName/UnityPlatformAttribute.cs: 05ff6a4a5828d32604e864a3b44f3fb8 -> e79555e200698f1b55c6c54851cd369e
  custom:scripting/monoscript/fileName/TestStarter.cs: e2d0587cebe915ea1c55ef726c6bd082 -> d1bc3fba65bb4735afc3828355ea6c72
  custom:scripting/monoscript/fileName/LaunchInstaller.cs: f9b7c99441bc32980ce9b95be066824b -> b75efdf5909b501e06cacd9c66f75981
  custom:scripting/monoscript/fileName/GetWindowIfOpened.cs: 84a2356c61155912908cf98a62600c22 -> fd8bfd1a9b371371ebbff48e377726f9
  custom:scripting/monoscript/fileName/TestPlayerBuildModifierAttribute.cs: e033609ef117a17dda08e3556f30bfa5 -> d4ffc53911ef24dec9dc901e0444a77b
  custom:scripting/monoscript/fileName/AvatarImages.cs: ea6dca998cf0ec5122553a9e010ef687 -> 3aa8c25a350843151ec4070c820c411a
  custom:scripting/monoscript/fileName/DrawUserIcon.cs: 2f65feb9bed897237f97fbf9c5479092 -> 7d5385bf780ae84e648a8b49f8fe0825
  custom:scripting/monoscript/fileName/ITestListCacheData.cs: 1c95486e8d67b5eedd3530759306c580 -> 09682e3e03141d9f43100cdaff3665eb
  custom:scripting/monoscript/fileName/TestListCacheData.cs: 1f5a847fa8b54233f179d3f9f5a719db -> 295232838ed90f85679b2d004562d59e
  custom:scripting/monoscript/fileName/TreeViewItemExtensions.cs: d22abf8de7a9ab0e852b869a652f100d -> 6849c47ffa8623d630ef12f76bd49905
  custom:scripting/monoscript/fileName/AssetStatus.cs: b9ea657347f2c22e8e401cdb256c516c -> e017010009bdb28bcb0d7d8ef05e7dd9
  custom:scripting/monoscript/fileName/BranchesListView.cs: 334a3fb302f855f71fb71520fb442a71 -> 3f5ed9fe5a1bca512014ae1600ee1666
  custom:scripting/monoscript/fileName/DrawGuiModeSwitcher.cs: 363adc150c5f1c5059a678f179906090 -> d3be34a3134d3fe80ef6b14d0d519128
  custom:scripting/monoscript/fileName/Is.cs: 0371baf7f4d4fda1df93e36baa3a7f7c -> 6922f89182cd28e32ba48e34cda7947d
  custom:scripting/monoscript/fileName/TestListGUIBase.cs: 3323ae02564bf80ecb144d790edf3454 -> a2b53f3d1923dc6fb3d7f4c9f9855104
  custom:scripting/monoscript/fileName/WindowResultUpdaterDataHolder.cs: e4b0333fa05c0f3ef2128a54294a2588 -> 2de8ba1615f5d28c30d54411d42e2524
  custom:scripting/monoscript/fileName/UnityMenuItem.cs: 5f445176ad3735e69769d93250663be7 -> 73f3c859f1b5092ad362c09e23b3a922
  custom:scripting/monoscript/fileName/WebRestApiClient.cs: 8ab6ae74a3793a3375cc48f328048a82 -> 746756fd499dddd02a4e7ccdbac48be3
  custom:scripting/monoscript/fileName/PlayerConnectionMessageIds.cs: a896cc1ebb022b48f652641f623e4c5c -> 2e4b7265f0eeb40e1260d00fe6e4614e
  custom:scripting/monoscript/fileName/ShelveListViewItem.cs: a37862556d04b25f75804d991e109d87 -> 373418f0ae11fc25a26ff7fe4f472006
  custom:scripting/monoscript/fileName/OpenPlasticProjectSettings.cs: 5a86fd454f7c9f74b62653e269818d3f -> 
  custom:scripting/monoscript/fileName/RemoteTestResultDataWithTestData.cs: 21f6a5ed6216bf99941b16dfe0613ec5 -> bcf701fb298ed6f8cab894b203300c37
  custom:scripting/monoscript/fileName/SwitchPlatformSetup.cs: 86e207190212b6666c14096ec0beb845 -> 576de741bbd585688af4b8aaf70f0708
  custom:scripting/monoscript/fileName/PendingChangesOptionsFoldout.cs: 2a2f5a0ba87bd75c4475236a9a012016 -> f9e651bcc5d4441496c88ab59a32f360
  custom:scripting/monoscript/fileName/IncomingChangesTreeView.cs: d8c19bc81b07c04d7721396d2821d297 -> 96479648d4498738733254eb4e4c6fb5
  custom:scripting/monoscript/fileName/GenericProgress.cs: 11287c7d038c487f32d0c8edc476a32d -> 8492ec26f01fc248d3eb3c2f5b3b6c0f
  custom:scripting/monoscript/fileName/ShelvesListView.cs: 0763e4076b11a683fa148282680085c0 -> 01c1f087b2f83b458da6b8ad18736606
  custom:scripting/monoscript/fileName/MergeCategoryTreeViewItem.cs: c1ecd9dc0cd73eb7eb129994dedc1a91 -> 6bd59fcbfeafe06987a54631991d755b
  custom:scripting/monoscript/fileName/CheckinDialog.cs: 1709b78fae1329cc05fd4f39334b25f5 -> 702fdb8d0a3b4bfcb9ba109e71325cad
  custom:scripting/monoscript/fileName/SortOrderComparer.cs: 8f6297df34271fdb1ce2d9607ec6261d -> 90647cc400823b41df847a6cbfc29026
  custom:scripting/monoscript/fileName/GUIActionRunner.cs: 69af7de0762ed6d085feb4cc4b5101b3 -> 4a0608de635b0d82868d57923d68eff7
  custom:scripting/monoscript/fileName/PlasticMenuItem.cs: 30c3a785b4c2607e2ae9aad693d5f604 -> 
  custom:scripting/monoscript/fileName/PendingChangesTreeView.cs: f3722f38014385705913f17dbe0f90c1 -> 17142d220a0a50a3f3d184c4718a0da7
  custom:scripting/monoscript/fileName/TestJobData.cs: 45c2452d3aa545742dc2b57ad55fa794 -> b5764cc21ae3016cae3c4ce5053458f7
  custom:scripting/monoscript/fileName/VCSPlugin.cs: 69c1b7249af35f35848ae707bd5e7113 -> 
  custom:scripting/monoscript/fileName/RuntimeTestRunnerFilter.cs: 230571a0569274dbd5e47e4595a3be33 -> 526247a6af82c71973a55c9c5be36280
  custom:scripting/monoscript/fileName/GetClientDiffInfos.cs: 4ae14b15e2cf5177a84735548a44cdc9 -> f8db8e637ded2d5e935a953a13b85ebe
  custom:scripting/monoscript/fileName/DrawActionButtonWithMenu.cs: d7f31944358aed2f3ed3982246fca039 -> 8d4f5edd02a1dd0f38c4f2baf5ee8a33
  custom:scripting/monoscript/fileName/ITestSettings.cs: 608b72c12786bbdd128c096353cc10e2 -> 7d6676128f469c2eefb2813ec592ab4f
  custom:scripting/monoscript/fileName/ErrorListViewItem.cs: 9bf59c82e9c9992a012a3eb2b6c2bfe5 -> 509edc26860f8be303ec97d68aabc30d
  custom:scripting/monoscript/fileName/RemoteTestResultSender.cs: 570055716108540c9c34e71343ce0f03 -> 2b6acbe484994dc310d0ac406904e742
  custom:container-muxer-webm: aa71ff27fc2769a1b78a27578f13a17b -> 
  custom:scripting/monoscript/fileName/AttributeFinderBase.cs: b09010f5776af2a4f3460127027ca105 -> 7e104530f871143fdb60a169114dd663
  custom:scripting/monoscript/fileName/EditorProgressControls.cs: b1f133fa38afd918d537a72574fc93a0 -> 2e606eb01a6e6a567f3de9a0379ed3ae
  custom:scripting/monoscript/fileName/PlaymodeLauncher.cs: 3a6fe823ef85e4189eb7e25bbb98798f -> 981dc587e53c0f0d21b816af7469156c
  custom:scripting/monoscript/fileName/BranchesListHeaderState.cs: d47f1164fa7093137db851c4c16ffba3 -> 82eab21603f4efc696334ee80641c2c9
  custom:scripting/monoscript/fileName/ExitCallbacksDataHolder.cs: 2a73f9623aa81becb5d8d11a43747b12 -> 
  custom:scripting/monoscript/fileName/DrawSearchField.cs: b11b864a92c7d76f85d4ec87d6faf61c -> 3de70beba9f4447205d50241d95b066a
  custom:scripting/monoscript/fileName/PendingChangesTab.cs: c99065f3c85ec85c85ece2a1a30665af -> 15ae6787065f4af65778e981f418a60b
  custom:scripting/monoscript/fileName/TestAdaptorFactory.cs: ac39772b57c14123c1a057d315d0217c -> b9e4d12260befcd688940e2c80db8ee8
  custom:scripting/monoscript/fileName/IEnumerableTestMethodCommand.cs: e89b2da6fd5c9e148c3a0687c618f62e -> 81260787415c187c9e413e476b816cd2
  custom:scripting/monoscript/fileName/MergeTreeHeaderState.cs: d266e9dd03ced7ec66ad3688e5f18f26 -> 6293ca7f65e9641fcbe12100e705a990
  custom:scripting/monoscript/fileName/BuildGetEventExtraInfoFunction.cs: 1308a6936e8051866a117b3b7c2c7b77 -> 74bfc8c01f931108a3c2b127aa04cc8d
  custom:scripting/monoscript/fileName/ShelvesTab.cs: 88e0da7511313c57d3f51ba183c4d3fc -> fca0a219bdad45e636bd34724e5dc89d
  custom:video-decoder-webm-vp8: 9c59270c3fd7afecdb556c50c9e8de78 -> 
  custom:scripting/monoscript/fileName/AssetsDatabaseHelper.cs: 3deb384d73768aa5a87c1835c3d7553a -> e690d63c7b932a5efaeaf8c476198e75
  custom:scripting/monoscript/fileName/WelcomeView.cs: 07e35bfe1faa2c52c049eb30958acd54 -> f06c185659ea2f4a75f9397861dc6096
  custom:scripting/monoscript/fileName/DeleteMoveMenu.cs: 39c593e854a9a8ae0e6d34ceb587fce1 -> 4d026cbabd8105e38661f97da078042a
  custom:scripting/monoscript/fileName/PlasticApp.cs: c440a0fb380601a77ad475d6c15d4fa1 -> c57de230d90beac7b586f10b9c7c6cb5
  custom:scripting/monoscript/fileName/PerformUndoTask.cs: a88080dc60788c59917e5a5da2beea27 -> f38e53873dc9c7e638622dda18102b41
  custom:scripting/monoscript/fileName/ChangesetsTab.cs: ef408d8aaf89e01b17643ed0c836680d -> 46dde8f7856048792ad2e75490bb8c5e
  custom:scripting/monoscript/fileName/DeleteBranchDialog.cs: efbbc070bfeda2b746e8b15a4380cb26 -> 8549b0fc52962c89115fd78724fee578
  custom:scripting/monoscript/fileName/IncomingChangesNotification.cs: d7ac4b8f9ea939309b8ceb7f729100a2 -> caa8ea2c7336b9227381f0971759e01a
  custom:scripting/monoscript/fileName/DrawTreeViewEmptyState.cs: d4c16fd6aad8161eda7d99fd74cbb08e -> 
  custom:scripting/monoscript/fileName/ErrorsListView.cs: cc3142391037796392fcd3fe860891dd -> cd35171982f17897dd5148dda46e0956
  custom:scripting/monoscript/fileName/UnityPendingChangesTree.cs: fd6f0a038401268983bd9328d10dec93 -> f391d9a00dc9e202cee4d4ebcf6d21c0
  custom:scripting/monoscript/fileName/RuntimeTestLauncherBase.cs: 545e0e1c1701551e51a349e0cfbf7e09 -> 9c570bd0d91da3e5211e4436ad92314b
  custom:scripting/monoscript/fileName/TestActionCommand.cs: 9d9a215c413c4354b3d31801a3312f5a -> 753f99c04dd69dc2a43030237870dd1f
  custom:scripting/monoscript/fileName/ClientConfiguration.cs: 5f5e47bfb7cedc7420d7e59c6d7ae6f0 -> 01b18b09a6dbb3756e1f42a5b64aab0f
  custom:scripting/monoscript/fileName/AssetVcsOperations.cs: 50ee89e011ba3d800b4e7a9a24aca7e1 -> 
  custom:scripting/monoscript/fileName/BaseDelegator.cs: 39f1c059498e3e1e37d5e631bbc24cc7 -> d270baecbc007d1328bc5c9991d1dea9
  custom:scripting/monoscript/fileName/TestRunCallbackListener.cs: 6d0e8c714fa72bff0fe809d3fbb8d587 -> 15fa13086a2949901b1e4a3584b83cd8
  custom:scripting/monoscript/fileName/IOuterUnityTestAction.cs: 1f62717facda0b560b4af9da3d21fc98 -> 58e7f8b884a5d88e319b8f448f29bfdb
  custom:scripting/monoscript/fileName/TestSettings.cs: df291dfe8fbaf1e1f1d4ae4925c14a92 -> d583ccee803a035f2d53ba29374aac19
  custom:scripting/monoscript/fileName/SynchronousFilter.cs: fb46e705a687283ca79c6357a2f78760 -> b84da53d6d10348793b3683f19a6d4b3
  custom:scripting/monoscript/fileName/PlasticDialog.cs: b0aae1bf1889af041741f324070b7b84 -> 63a17a2b696bc2a13c9046aa16f8cea4
  custom:scripting/monoscript/fileName/LegacyEditModeRunTask.cs: 2b5f09ef7f63773ca676d71969800516 -> 
  custom:SearchIndexIgnoredProperties: e643bd26f0fe6173181afceb89e7c659 -> 
  custom:scripting/monoscript/fileName/AutoRefresh.cs: 9d30d5d3f0e8985355be1ab597da1dbb -> 0a8afde180a876655ad16caa14493409
  custom:scripting/monoscript/fileName/PlasticPluginIsEnabledPreference.cs: 7953272c37f4a828a3d1096e7479f346 -> 
  custom:scripting/monoscript/fileName/GetRelativePath.cs: 9b16eb2de9e98b392077181cc34243c1 -> ab04ae5e0cafb93ebf5c96148bb52df0
  custom:scripting/monoscript/fileName/UnityEvents.cs: 253411328de37811883aded592b97268 -> c830e584565fcd66ca0d5a23ad8b9bd6
  custom:AudioImporter_EditorPlatform: d09bf68614088b80899f8185d706f6e7 -> 
  custom:scripting/monoscript/fileName/DeleteChangeMenu.cs: 540c783b689e4d6a4a383862455d5d39 -> bfa368dc06e11abcc107d6f80c7c19c5
  custom:scripting/monoscript/fileName/PlayerLauncherTestRunSettings.cs: 5d2b9db2556b475d527662dfc40538f1 -> ac04d6a6a9c6380f318071a2f4da8a2f
  custom:scripting/monoscript/fileName/SelectNewCodeReviewBehavior.cs: df6e8e132199ea6ec467c9bced11011d -> a16edf3a8c3e5ac26863e890f68fd937
  custom:scripting/monoscript/fileName/DockEditorWindow.cs: 581124d5e19667105f2446d6dfbf7982 -> a9e5e467234133af999283610b6e84e6
  custom:scripting/monoscript/fileName/ActionDelegator.cs: 0b37ded58104f18659a880de95881951 -> f2eb6c2fd33630cfdd6d3183b4a2ca3f
  custom:scripting/monoscript/fileName/ITestRunnerApiMapper.cs: 864c8f6cc3985f3365e8b5f02afeb230 -> 337d02b691c8103d2eedc6b52f4f76ab
  custom:scripting/monoscript/fileName/RerunCallbackInitializer.cs: a2ca4a4e4bb070fd30ec377e61ed66cb -> 
  custom:scripting/monoscript/fileName/ICallbacks.cs: e6fb4966887be0b97bef44d92d561a69 -> a9c5fd289272fce7e09c7f3e5f11b8a0
  custom:scripting/monoscript/fileName/ProjectPackages.cs: e247c98bd45807b228765f9a94d82145 -> 9e9e13e39b2e9718b602503b87245c18
  custom:scripting/monoscript/fileName/IEditorLoadedTestAssemblyProvider.cs: 0be7fc5fa38a5453fe58cce555760ed4 -> cbb3f715010afa8cd4f0f40294bb78ba
  custom:scripting/monoscript/fileName/BranchesSelection.cs: 7eb1fcb556f0fad697e4ec9d989be099 -> 33b36e7b03910960966036894ec90c7c
  custom:scripting/monoscript/fileName/TestListProvider.cs: 58a05dfe9100cc52adea57fc4a0b6c62 -> f8235933605b6a025c9638df0194bf97
  custom:scripting/monoscript/fileName/SaveAction.cs: b68fbb4319dbb368959c40781b39fdf8 -> 27c387bb58f3a69b0c9ff60d2209e18f
  custom:scripting/monoscript/fileName/AutoConfig.cs: 6c4e7f9dc55323aa1299debfe9723aa6 -> bf4bbd2f2e752464ef51dbf102faed17
  custom:scripting/monoscript/fileName/InvalidSignatureException.cs: 293ad969d76fdecf7dc5f86949047e54 -> f250eccc836ee674127ecdee41f7a4ea
  custom:scripting/monoscript/fileName/UnitySetUpAttribute.cs: 4ed69b5a4764c67bceaa6f04d0d8776f -> 78bcd37bf54751e70200df4ae24f405b
  custom:scripting/monoscript/fileName/DiffPanel.cs: 02288a38bd14cc2b52a25b302a6f154e -> 210366dab3631628227b9406f87a9b7f
  custom:scripting/monoscript/fileName/PlasticAssetsProcessor.cs: ff731c8aacf4a537dc74c7cf9eaeaed0 -> 
  custom:scripting/monoscript/fileName/PlayModeRunnerCallback.cs: 10f699e46ae6f3eea3e1c18bf2bc25ed -> 6cd874bc3032a6eaf4228f5877b27ba0
  custom:scripting/monoscript/fileName/DrawActionToolbar.cs: 52293cb82089e0370f52e257f41c0869 -> e05748a99799f26304c1bbafd90f703b
  custom:scripting/monoscript/fileName/TreeViewItemIds.cs: 7d654a2b5b3a10da3e7d8472196e96d1 -> 0cdf409b5aa8d4c25876d72b5c6a3b60
  custom:scripting/monoscript/fileName/EditorVersion.cs: 70953c9eccf7726f70c672a9a51619e9 -> 698aba075b19a52a056d67a7b809d179
  custom:scripting/monoscript/fileName/TeamEditionConfigurationWindow.cs: d06f049421c16e5927ec29f770917e09 -> e53b1ca5561894aaeff930afb696d001
  custom:scripting/monoscript/fileName/ProgressOperationHandler.cs: 5fbb4e0f656dcfaa4498bd2e492e4710 -> ec62666c0ca1649dd33cc6bc6834c6f7
  custom:scripting/monoscript/fileName/UnityPlasticTimer.cs: 961fdb6492c99b4a3eadbed28e78c4b0 -> 6c887e722e951c2964523825cad70c4c
  custom:scripting/monoscript/fileName/TreeHeaderColumns.cs: 9fc4a0396a421346b8aa3b7788860851 -> 316e5ea62e66b20fd6e687a6b9e5958e
  custom:scripting/monoscript/fileName/MergeOptionsDialog.cs: 25ac62df73845405e13f44e4dfdcf0d1 -> 9250ce23d260ab84f87bd5899c6cf983
  custom:scripting/monoscript/fileName/AssetFilesFilterPatternsMenuBuilder.cs: 8fe5de6e5dc3d42fb7e95de2aaedbf5a -> 0d99e7514c6a33cda8314deed8f34bc5
  custom:scripting/monoscript/fileName/ICallbacksDelegator.cs: 3824b8185f5cd32ad0de995dbcedd1e3 -> 2bfa822de05a601b9fbe2f79d4d317c0
  custom:scripting/monoscript/fileName/MergeTreeView.cs: 143a828a1a236483d3cdc1d010ce9d51 -> 3feb38cec50d3fc7576ddbf07a9a9ce8
  custom:scripting/monoscript/fileName/TestAdaptor.cs: 8d757a7cd1f19e6976312b3b884a590f -> 486cec8559bad7c56adc699f165feb67
  custom:scripting/monoscript/fileName/PlasticNotification.cs: 3629fdff9f054b2013702f5b131b2c47 -> 
  custom:scripting/monoscript/fileName/TestStartedMessage.cs: f3c1a94a591f54531913c8a032d9a4b8 -> ac38229ae4e3c67de75cf9d77c73b95e
  custom:scripting/monoscript/fileName/CallbacksDelegator.cs: c76e06d7a0a6084464f55a923795d8df -> e0dcdade48f633c0a7cebc925bd686c4
  custom:scripting/monoscript/fileName/ConfirmContinueWithPendingChangesDialog.cs: c0e147ff008a0b77c9337132a3ea70af -> 77462b1904ad8f6fee2f8da4523d59fe
  custom:scripting/monoscript/fileName/ShelvesListHeaderState.cs: d3cea237aa496a145829475430d90f29 -> 287f23cbe09ecb9b28ec8dd05ede8846
  custom:scripting/monoscript/fileName/ChangelistTreeViewItem.cs: a4a6f6169cdb3afe249e104e2b7b1a2c -> 87f69636be8bd1a264ec4eac1bffa701
  custom:scripting/monoscript/fileName/PlayerLauncherBuildOptions.cs: 1155187d1390024c0e84b222b67c4059 -> 39352f62028667e3cc8d13371f828f55
  custom:scripting/monoscript/fileName/CollabPlugin.cs: bda741ff77a19affbf276298e29313ec -> ca276d65e7cd77c5c99d9f119ffdb215
  custom:scripting/monoscript/fileName/TabButton.cs: 757146b89ed597b1d75c77241e5d5f63 -> 
  custom:scripting/monoscript/fileName/RegisterFilesForCleanupVerificationTask.cs: 89d04f0389116a1354de9cde88045aa7 -> f18fd2d946c9ea52b8232f47d6d70221
  custom:scripting/monoscript/fileName/LaunchTool.cs: 3ac53c8af1f56365aad9e1ae5366d98d -> 60773d78646dc188d4b2caca77f20b17
  custom:scripting/monoscript/fileName/RunModal.cs: 33b931100ee477e6812324eabaa2e837 -> c83ee2ef642c5d8b8dfd32f033bfc438
  custom:scripting/monoscript/fileName/TestRunnerStateSerializer.cs: 68058e60ab6d5d33b7935f4205c97bb2 -> 7206f4f1eb4c5991ea76b5c39830dba4
  custom:scripting/monoscript/fileName/BranchListViewItem.cs: 8fdaa5aa842f5a70237affa304b9d506 -> 55028f4aef24d6227589aaa95582b2ff
  custom:scripting/monoscript/fileName/LogEvent.cs: a1178cf4bd49345a2f924044f341effd -> 9bf386b9808c16608387e196f7a5e9d6
  custom:scripting/monoscript/fileName/GetAvatar.cs: 07c98163f75f0b7c672bd453fc82bf61 -> 04ffae2a9e5a4c32a119f93144f558d2
  custom:scripting/monoscript/fileName/PlaymodeTestsController.cs: 7726dd936e1c608c494987ba2754eb47 -> 59c9d4597d46ecf4c6fbc8f49c64d0b9
  custom:scripting/monoscript/fileName/MoveAddMenu.cs: 81d47caeb9f49803adfe1627c8ce5bf4 -> 1fbfab870b2e95fdd8a81f6019f764df
  custom:scripting/monoscript/fileName/FindTool.cs: fc3b0710b24078288fe829d0bb041dd0 -> 2f9d82566cfb01fb68fc30111fb47624
  custom:scripting/monoscript/fileName/ChannelCertificateUiImpl.cs: 75d7831ab5da75cc0082e28863abb142 -> cefccf1e13b7bcf15e3c9f2dd4cd2fc8
  custom:scripting/monoscript/fileName/ApplyCircleMask.cs: 02eb67e485278e7c9b719fee5ff90f4a -> b955b378d261fdcbd6272fe8711d1e4f
  custom:scripting/monoscript/fileName/TestListTreeViewGUI.cs: 5d4e7ac9fc0c5382f19d49599ef6cbd8 -> bf873c97e960a33b0be65a5b638e7ff5
  custom:scripting/monoscript/fileName/TestJobRunner.cs: e4deb98063838e020557c338e0bd4ebb -> 1c3d9f2bfcdac33a01c4bb25c392ab4f
  custom:scripting/monoscript/fileName/TestRunnerCallback.cs: 61231fce5590e38bfc5e9165e9803d8b -> 
  custom:scripting/monoscript/fileName/AssetMenuOperations.cs: 131bfc7279b97eba576abe13a47f8f91 -> ebcce67603e288b4a84d49287db6ef5a
  custom:scripting/monoscript/fileName/ShelveAndSwitchOptionsFoldout.cs: 676902ec49ff9c5abb2a832f067966e8 -> e7b216a23869eafb9aecd00a8905fafa
  custom:scripting/monoscript/fileName/VisualElementExtensions.cs: cd98f4a51563fccdfc39eed097290325 -> 0aad2728225c469038631668406aebb3
  custom:scripting/monoscript/fileName/FailCommand.cs: fba5f7b9c1e8d00f41e9076aac4a1d8d -> e0622be95cb9f4c04ff53066589d6d7e
  custom:scripting/monoscript/fileName/LocksSelector.cs: 70b046a562568fd78d093736e68a3a58 -> 7b0f4fc5552c1d92ba7f4648526ceb21
  custom:scripting/monoscript/fileName/ListViewItemIds.cs: 8f6297df34271fdb1ce2d9607ec6261d -> 90647cc400823b41df847a6cbfc29026
  custom:scripting/monoscript/fileName/CreateWorkspaceViewState.cs: 1deb37b3c17c224d9a7dca9c990ea191 -> 0fe23b7cca9336b31a27790c714de652
  custom:scripting/monoscript/fileName/MergeLinkListViewItem.cs: ebc1e6f9e3a3005d8f4c51a794adfdaa -> 3fa407d29597803190dd374d88ed170d
  custom:scripting/monoscript/fileName/DrawCommentTextArea.cs: ad5449f632fd412ac0f7ba0d171fd453 -> c58c26552f95f108a8d9610eaf001fbc
  custom:scripting/monoscript/fileName/TestRunnerApi.cs: b582e8d89da1ce04ff5e8605fa1b5a2e -> b5c17af6fa247dfc791b512a209021d3
  custom:scripting/monoscript/fileName/ErrorsListHeaderState.cs: 9141660c9776c5dac5f980fd03a672a8 -> b961336a4a43551eb826f97c57673007
  custom:scripting/monoscript/fileName/MergeViewDirectoryConflictMenu.cs: d45972e8b5f74223c607a4daa895ff3d -> fad8e1937fc14fd75ca21a68ee1037b8
  custom:scripting/monoscript/fileName/RefreshAsset.cs: 4479d2949a66a97f66d1e550067f3767 -> 5a15c606785f1f54a697bb0d0d846dfb
  custom:scripting/monoscript/fileName/IUtpMessageReporter.cs: 02b26b8c414970dd7d96e6dcfbe9a861 -> e8e6a62b6032a5642706a62156dd8314
  custom:scripting/monoscript/fileName/BoolSetting.cs: d67f952c3a5976591f3e9a9e7356bbab -> 12bf039ccd38b0f4ccfffbec3cbbf108
  custom:scripting/monoscript/fileName/IErrorCallbacks.cs: 525b2a3e515b976057d42e4abfcec602 -> fd7a49712e8a919d38dd0fddef8872df
  custom:scripting/monoscript/fileName/IScriptingRuntimeProxy.cs: 207c12828ef43f5ca31b3bcec485e9f7 -> c75af2a6ef439df9f19f151aeb5749ea
  custom:scripting/monoscript/fileName/ExitCallbacks.cs: 716173503afdef0ae4c4023adba1972e -> 
  custom:scripting/monoscript/fileName/CreateChangelistDialog.cs: 774371d4233cc1d394d98dc80507a1f8 -> 386b03e27c951c5f1d63daf7aae486ca
  custom:scripting/monoscript/fileName/ImmediateEnumerableCommand.cs: e79fd27a9b7f6505ae6a4aa7c72274db -> 89dd27d23dccf969b99d79611e8fed9a
  custom:scripting/monoscript/fileName/ApplePlatformSetup.cs: 4b442da1fea709240aeaf74bde720d3c -> 0ceeffeb4378c50fe08ff9b5d16a73f3
  custom:scripting/monoscript/fileName/HistoryListViewMenu.cs: 15a489e494f04a7ea37a587c7601070e -> 29770348599c8d5473b78d72e5741b40
  custom:scripting/monoscript/fileName/MergeViewFileConflictMenu.cs: d7362b83d6b320a0f0ceaf99dbe21727 -> 8fc0f292158abfa71c2c7b3b6f38d32a
  custom:scripting/monoscript/fileName/FilterRulesConfirmationDialog.cs: 5186d89f21d03764f0cca01c2a0122d7 -> 9c91c6c91f20e6d013a753f32343b327
  custom:scripting/monoscript/fileName/LogAssert.cs: 8c30e2367a22f747fb9a538551ddb198 -> 195ab501c85f741ece9ac8b49385dcce
  custom:scripting/monoscript/fileName/ChangesetsSelection.cs: d154d1782ed752b83834c54a0bde3df9 -> 8b9d539af9f7e269bac4e3d79e9ffab8
  custom:scripting/monoscript/fileName/ITestListProvider.cs: 4f1a13a1dbecabb9f7515cef8fe120ff -> 0169c532d74787e64cd4163cd55d4572
  custom:scripting/monoscript/fileName/AssetPostprocessor.cs: 96208057b904410715a8df295ba4f8f4 -> 
  custom:scripting/monoscript/fileName/AllocatingGCMemoryConstraint.cs: 2542b507c3de77a99c0db5c1357ffb65 -> 8b2ed7fbfb529ba318fb8425f7a81278
  custom:scripting/monoscript/fileName/LegacyPlayModeRunTask.cs: 8a159c990fea520d0af36b86d243e79e -> 
  custom:scripting/monoscript/fileName/IsResolved.cs: 67a72533af97b9ab7830798057ab806c -> f54a3e2c5134aa4306f9ad150b1911a9
  custom:scripting/monoscript/fileName/TestCommandBuilder.cs: 7c013615052dfed5e39b8bb914f01cb8 -> bf61faf29c0aea0c4e5d4ac76abaee13
  custom:scripting/monoscript/fileName/LocalStatusCache.cs: a558fcf5f34357bab4cfc7b75e2bb356 -> 30974ea30517fbfd1b93153f6c849a76
  custom:scripting/monoscript/fileName/ITestResultAdaptor.cs: 8d865eb70a8464f5288b9274d9abc979 -> bb9e1bbb2ff45e5a5f11e877a24721d7
  custom:scripting/monoscript/fileName/RepositoryExplorerDialog.cs: 143e7416b576681e1f2ea71288e530e6 -> eea34924da79ad7254f3e141a891c78d
  custom:scripting/monoscript/fileName/Vector2ComparerWithEqualsOperator.cs: b6f6b1f33f1b74ed974042f5e0303f0d -> 1851f392f974d4a42efb0de68a402e9b
  custom:scripting/monoscript/fileName/TestFinishedMessage.cs: 90745d8bb0dd1bfeebb724d118b2d483 -> ccd3538dc4059cd71acd9bfea48dbc80
  custom:scripting/monoscript/fileName/BeforeAfterTestCommandBase.cs: 8f6297df34271fdb1ce2d9607ec6261d -> 90647cc400823b41df847a6cbfc29026
  custom:scripting/monoscript/fileName/Vector2EqualityComparer.cs: c680a095e66b9bf90931050b8b145b65 -> 4ac8b0db10bbdb7ea68d4be944c5b941
  custom:scripting/monoscript/fileName/ITestTreeRebuildCallbacks.cs: c7090567546723c1f0a184a18f5ac1fe -> f952713f83d574a58f719696be7e52a3
  custom:scripting/monoscript/fileName/FileCleanupVerifierTaskBase.cs: 50c4fc5e4ffaa31cb467fc75616b7129 -> 8c0e90b329ac988e22429767c222f3c6
  custom:scripting/monoscript/fileName/UwpPlatformSetup.cs: c89362d564a60469ebbb75e8e12d340a -> b9f50f93de5f547a7eaf96f1bc58a80f
  custom:scripting/monoscript/fileName/WorkspaceWindow.cs: ff52e13cd29dacd66db0169e14f71a23 -> b042f06133312d3bfed176231d97d77c
  custom:scripting/monoscript/fileName/BranchesTab_Operations.cs: 764cb17e9337c58ad4f5304b60b2042e -> 57c33f76c527a5aba4d269245ffff188
  custom:scripting/monoscript/fileName/DiffAndMergeOptionsFoldout.cs: 080cbf9242c0571bafa2e45ef8932448 -> 2810bae564e92b04bc7ebe4e47a2880b
  custom:scripting/monoscript/fileName/PlasticShutdown.cs: a8df8eeeed98372d06e446171a192a6d -> 
  custom:scripting/monoscript/fileName/FilesFilterPatternsMenuBuilder.cs: 28072cd275c96994687e6d4d0d6e1dff -> cf716a8d336c8113475a9ca67a799ec1
  custom:scripting/monoscript/fileName/TestRunnerWindow.cs: beab6dc6591535c1b37ec310f1e15af0 -> 156fc89bab7bdd82ca70e07c9aa9ebbd
  custom:scripting/monoscript/fileName/HistoryListViewItem.cs: 2d3b1fc954b6bdbae298ec250ade0663 -> 96f2b67ec620b83e35d13f11877e1ac1
  custom:scripting/monoscript/fileName/RemoteStatusCache.cs: 00463e6b90cfe7da080d7c266f783980 -> 402d5663f3675e9324c129274b0c00f2
  custom:scripting/monoscript/fileName/EditorWindowFocus.cs: 1012e4e2e29e9b29bdcc03d8b92762a8 -> f258b0cf85078a7435d001e522d5e8e3
  custom:scripting/monoscript/fileName/EnumExtensions.cs: dbfa4dc82972125e904bf705c452c1b9 -> cda0742409c4e8ba02ffb7d89dff3e4b
  custom:scripting/monoscript/fileName/ColorEqualityComparer.cs: 9c477fa3f8fc3439b732377dad0e7a34 -> 9ae684bc4a6b608abc9f7f131bd7cb1d
  custom:scripting/monoscript/fileName/NewIncomingChanges.cs: fc48261878ef7e4b956e7172f5803aee -> 
  custom:scripting/monoscript/fileName/IAsyncTestAssemblyBuilder.cs: f88864ba85e2ec28df36a1a7af1974da -> d4bd9849c11964145b1082a4b1d477fa
  custom:scripting/monoscript/fileName/IsExeVersion.cs: 093723a3ef9cbad630dfdc60c764eff0 -> 9ef63354090e3419637bfe79e3489687
  custom:video-encoder-webm-vp8: eb34c28f22e8b96e1ab97ce403110664 -> 
  custom:scripting/monoscript/fileName/UnityIncomingChangesTree.cs: f774bb8bf0bd45a254894c795843c695 -> 42967773c43d3de5d23be4ddc6dfd9c4
  custom:scripting/monoscript/fileName/RunData.cs: 91eb6697698b63fe6764d1aca25f1f65 -> 772bee3d6504258eed6027a2ae076850
  custom:scripting/monoscript/fileName/ResultsSavingCallbacks.cs: aaf02a1e7a92c3896802c1deb489aa0f -> 96b4b28711ac58ce3dc199f3f7371922
  custom:scripting/monoscript/fileName/RerunCallbackData.cs: 4e0f854372c4476a9269ddc9aa7c8edb -> 
  custom:scripting/monoscript/fileName/UnityDiffTree.cs: 447fc3a8922f56330f4bae8c9dc9a8be -> 1029ffd567bc0e646e6b119719dcb2ff
  custom:scripting/monoscript/fileName/TreeHeaderSettings.cs: 114eb9e27124403e8e111494b8eaf987 -> 662b1714c0fce36da72bbfe60201987a
  custom:scripting/monoscript/fileName/PostbuildCleanupAttributeFinder.cs: 23c3a89f1d3b5b5defeaa7555afa30b6 -> a060814a414a9bab17671800d815861d
  custom:scripting/monoscript/fileName/UnityConstants.cs: 323df5e3c80d05e06517581c776fde34 -> e3d3c3e11a194da9e5bbbfb97087a7bd
  custom:scripting/monoscript/fileName/IsExeAvailable.cs: 3e4283303610c884e542b8f6d3e922d4 -> 4a3dbc5ded94087064afd97407f26631
  custom:scripting/monoscript/fileName/LoadedTwiceMenu.cs: 961f9b82936caa7937046ac23d323c2c -> b54aa2e14eb740621bb6f926af7cb8ef
  custom:scripting/monoscript/fileName/IRemoteTestResultDataFactory.cs: c24506e6d6305475bf6a430f77ac582f -> 75d430448dca0118dc834f9aa964be1e
  custom:scripting/monoscript/fileName/TestRunnerUIFilter.cs: d43f81399e97649a77164015894ec5cc -> 15cddad256d0a7abe9cb58af110bbb72
  custom:scripting/monoscript/fileName/AutoLogin.cs: e67ed70aada38469aeb667115929c368 -> b4cb98371fc38cca00d7123b7e649e12
  custom:scripting/monoscript/fileName/DrawMergeOverview.cs: 1db93bf179b38015949e3a3cb6ef1bd3 -> 49e0e525c3c170f79c20dc6779b7ead8
  custom:audio-decoder-ogg-vorbis: bf7c407c2cedff20999df2af8eb42d56 -> 
  custom:scripting/monoscript/fileName/UpdateReportLineListViewItem.cs: a101f0ba5292fc139445870b3f4af838 -> 9f63395e1ea590dbbab4d59cd0032ac4
  custom:scripting/monoscript/fileName/DrawSplitter.cs: ec7e8739eacabcca3e2946d9833eea0f -> d2f114a8e8e4167f7762d835a83b2f55
  custom:scripting/monoscript/fileName/IAssemblyLoadProxy.cs: df5d93b09382b84c770bb8c70be641c2 -> 10a2bd4f9f1d29ac107ff7e510533c16
  custom:scripting/monoscript/fileName/LaunchDependenciesDialog.cs: e1c527862a66e73f0417ae177d7fdfb5 -> 2cabf22eb95430074b6c730a84e03493
  custom:scripting/monoscript/fileName/EditModeLauncher.cs: 9a2b5bcdc6140673378e5f8105411606 -> 
  custom:scripting/monoscript/fileName/CredentialsResponse.cs: 96b135ae1c4ea541dc762170ea524fa9 -> 3dd2507693e56dac75ee7783f598cbb9
  custom:scripting/monoscript/fileName/GuiHelper.cs: ce709a7d3615bce262722b2ac52d710b -> 7bbb51d455f8994ae6185c7dee04068a
  custom:scripting/monoscript/fileName/LaunchDiffOperations.cs: aeae601320588a70eea7590a2f7e0f69 -> 871a0804a9fe2d9f2ad088303a89a63e
  custom:scripting/monoscript/fileName/PlasticSplitterGUILayout.cs: 111849f67dfbfea65ad2a9298ad1654d -> 
  custom:scripting/monoscript/fileName/TestFilterSettings.cs: 5275be823d4854688aedadf9bf48dfa8 -> 
  custom:scripting/monoscript/fileName/PlaymodeTestsControllerSettings.cs: e4d6c3f42e8f4d17c80242b34c68fd06 -> 90cec9ec9d50d9e797d7b80fa88b49ed
  custom:scripting/monoscript/fileName/CheckinDialogOperations.cs: 0b2a2cd4c41cf1865a29cf91b2a96a48 -> d032d69e8060311c06b88286e8f22ddd
  custom:scripting/monoscript/fileName/StacktraceFilter.cs: 0a3b08d5dc42e75c1d72e2851ec00d95 -> 2f4728b5b8f653bd2197ec8c4b722e7d
  custom:scripting/monoscript/fileName/PendingChangesViewMenu.cs: 68fab310addfd7068cfd7920070496ff -> 9b0019b6df6bb14eb3a2dbafa53fb54b
  custom:scripting/monoscript/fileName/SettingsBuilder.cs: 2166bdf8e77dc5f252cf6909a9196c25 -> 9aeeee75a181ed82e0343a1fb6b9cead
  custom:scripting/monoscript/fileName/SetupException.cs: fa81854dd78d6f47fd79d813aacdb097 -> 38724dd55c58f65b09d9fda4b6161021
  custom:scripting/monoscript/fileName/AssetsSelection.cs: 35cec24e81f0cb1de51daeb356abc4ff -> 0227d7ff4d5687932d10967a945a9b06
  custom:scripting/monoscript/fileName/EnumPopupSetting.cs: 8f6297df34271fdb1ce2d9607ec6261d -> 90647cc400823b41df847a6cbfc29026
  custom:scripting/monoscript/fileName/PlasticConnectionMonitor.cs: 920e8e381bfc94da8bb69d336dda57ca -> 
  custom:scripting/monoscript/fileName/HistoryListHeaderState.cs: 6226ef13a567fa81584864f8698be331 -> a87e0364d14866c369ad50d669bdfa85
  custom:scripting/monoscript/fileName/EnableSwitchAndShelveFeatureDialog.cs: 2cb9334d072aaff777efab2d72a2583e -> 03bdf2f298649e7c429ac90c7a3c461a
  custom:scripting/monoscript/fileName/CloudEditionWelcomeWindow.cs: c886fdb39f4b8787e6ea3701a8f88f4a -> b1721e471183956468462f6b64901640
  custom:scripting/monoscript/fileName/AssetsPath.cs: 367269acf8f676d2cdd30fdc387b3920 -> e0e986124adc46d913f0683c34b88c9f
  custom:scripting/monoscript/fileName/LogSavingCallbacks.cs: 273a5ca581d39891e634ebf18363d22c -> 8eb93b3e2c76ea1a8acb6e2d0b5c5f91
  custom:scripting/monoscript/fileName/ITestAdaptorFactory.cs: bdc8323a65aed17f1190c56e7c6cfc5f -> 0cef1125679c38dd172e82c8aed26eb9
  custom:scripting/monoscript/fileName/MetaPath.cs: 1f80313a7ce6ec6ece505285578f5745 -> 417a84eb354831f828a6752b26c8592d
  custom:scripting/monoscript/fileName/TestListJob.cs: 12fc4e0dee9c9032467b6469e3bed3a6 -> 3a58b9c1d09f7f4ecb41254c8497b5c7
  custom:scripting/monoscript/fileName/AssemblyWrapper.cs: 27441573157e5964a8aeb7d356d13908 -> 888ba979193ec837feef9add74101219
  custom:scripting/monoscript/fileName/CredentialsUIImpl.cs: 90e9c2de8d7bdd8424e0d89c415108ae -> dbacf67c37819fd95562fe169e706732
  custom:scripting/monoscript/fileName/Executer.cs: 115c3fa08937a7411c01dd40a690d19e -> 3f667ef14fa1c500658713b8aa31fd85
  custom:scripting/monoscript/fileName/FullNameFilter.cs: 03e8efaa11fd7332f02cf89719dd5868 -> 7c49c279cb0d631ca64d8b7d70065d9c
  custom:scripting/monoscript/fileName/PlayerTestAssemblyProvider.cs: 4e1569ec89688dc213248db31fc5f2f8 -> cbdd04f669e4e0054bad4f9d3133a10c
  custom:scripting/monoscript/fileName/ChangesetsViewMenu.cs: b720f0168f4ce1b1e0d358a6d5ec9a42 -> 7d1a2de81910b5990e71a0bfff26fdca
  custom:scripting/monoscript/fileName/AssetPipelineIgnore.cs: 0d6998b45aa259f19df735cf43f30691 -> 09786e27e9aef22fa608d3ec356f88ff
  custom:scripting/monoscript/fileName/UnityPlasticGuiMessage.cs: 2a7f71f59c0d7dc731fd345a3713957c -> 24eef0792e3802809607a7f9d04b8f1d
  custom:scripting/monoscript/fileName/OrganizationCredentials.cs: ee462057b3bd23cc3dab953ac4d656e2 -> 0b123406cadd651e9adc01c85fab5124
  custom:scripting/monoscript/fileName/PrebuildSceneSetupAttribute.cs: ab58680b1420f8e2f2a2597e848d8216 -> 7863da9f66129a3cef8eac0a1f19b990
  custom:scripting/monoscript/fileName/StatusBar.cs: 2c8c488a8bbfe924f6b53b202ff6aadd -> 
  custom:scripting/monoscript/fileName/IsCurrent.cs: 7343ceec4312304bb8b398eeb6c375fa -> cf1fd01890d0fd9f011c1a1a491e2cf0
  custom:scripting/monoscript/fileName/Message.cs: 6525f110369b368a724db9468ed4c271 -> 671a789acb2c7a93d0b620fe02979957
  custom:scripting/monoscript/fileName/TestTreeViewBuilder.cs: 8dcd834c64e4c5915b417a6eadea3b2a -> 6e6e33e8d70cf17e89715badfaf4fed5
  custom:scripting/monoscript/fileName/EditmodeWorkItemFactory.cs: 59e0f470d3c4d6fcf2997a182c89bbcb -> e9c8ba8d2a4b7d9a886e64626b2e6205
  custom:scripting/monoscript/fileName/TestListenerWrapper.cs: d3b4dda00570273ec0c1794249fac5d6 -> 9bd83ba3a6a675f3c605795064caa62b
  custom:scripting/monoscript/fileName/ChangesetFromCollabCommitResponse.cs: b986ab8b1acd322b0367812e2d541734 -> ba336e4117e1b7ee28e4c17197bc3d0e
  custom:scripting/monoscript/fileName/MoveToChangelistMenuBuilder.cs: 3a2ef8cb0baf69e5dadeafc731fe32a9 -> a90b3e388d3e1316fa104d4c9a03e2d1
  custom:scripting/monoscript/fileName/LoadingSpinner.cs: b3299af90b664a9f42123e7df43fae24 -> 6aff0ac022d117a8e24a7b5e4b11904c
  custom:scripting/monoscript/fileName/LocksTab.cs: 134c512484ae73354c15c06a6dc69f9f -> 00ffb5a39c16fdc2d733c7e53471a3a9
  custom:scripting/monoscript/fileName/BranchesTab.cs: 764cb17e9337c58ad4f5304b60b2042e -> 57c33f76c527a5aba4d269245ffff188
  custom:scripting/monoscript/fileName/ExecutionSettings.cs: 3e46076abe70bbfac850fc39d98561b1 -> bbd5f229f5dcda0d2d7d6fe8eb266a59
  custom:scripting/monoscript/fileName/ToolConfig.cs: 18b1ea271ce5e7b6deea7b4e8e175269 -> fcffc3165b047f54ed6ccafa4c8760dd
  custom:scripting/monoscript/fileName/DropDownTextField.cs: e66e7314096900597993d2b353757d8d -> c8fc484ce140049ff31ebc2c6cbebf28
  custom:scripting/monoscript/fileName/CallbacksHolder.cs: 064e7d359062664728ef608c9f03a07c -> 8b4255bb9b31589c4c3dd9303007381d
  custom:scripting/monoscript/fileName/AssetsProcessor.cs: 47679a6e15b70f4fef48eb1b2df31b19 -> 18737889e95cd4088e8dfd4153fa8f40
  custom:scripting/monoscript/fileName/DrawActionButton.cs: d847a7d82ac92cab2b3d0ae268cefb3d -> 81e6708d2b8fa199354e53f85db731a8
  custom:scripting/monoscript/fileName/TableViewOperations.cs: ddc7b903e0dbd6bd109f2bd709b95f0e -> bef3a31deb1fe794a90f767d16e4c868
  custom:scripting/monoscript/fileName/CategoryFilterExtended.cs: 4662b13a61207dc88937c796423baa70 -> fc9bf6f795e045112c18a4c1343c1ae1
  custom:scripting/monoscript/fileName/UpdateProgress.cs: 5b04f01bf199310f09ab9522f89c78f4 -> 281e1e05168d6a30be1d8d2f6200bef8
  custom:scripting/monoscript/fileName/RequirePlatformSupportAttribute.cs: 7ce6733bee18de599a69cb974c92fdb6 -> 6918694e41aa1ffd5ee72bd04646d4bb
  custom:scripting/monoscript/fileName/OrganizationsInformation.cs: b3f0758c6655b2dad1161792812992fa -> 5f067ea8d90fc79055a3dcfd58ae6dca
  custom:scripting/monoscript/fileName/ChangeDeleteMenu.cs: 652dcd6f863c509bfa0376b6d95ab1ec -> 4fefe66d6e279ce0ac2fdc57d409f232
  custom:scripting/monoscript/fileName/SubscriptionDetailsResponse.cs: e10e0299ef716630c63b8cf5f792cda0 -> e5121cec860a6d1097cc809217b3d8fe
  custom:scripting/monoscript/fileName/ToolbarButton.cs: 47dc767626bbd94d66707af31ddc5eb6 -> 
  custom:scripting/monoscript/fileName/DrawProgressForDialogs.cs: 5f8d39e3ea7c4a42148c6b1a7b4ca061 -> a5f2abd8875e7a6afbc171fabfbae81f
  custom:scripting/monoscript/fileName/TestPlatform.cs: 1e3283087fad58204285b5e9c2e16b4e -> 63c69f9b78d9a1c2cdf167569fd572b6
  custom:scripting/monoscript/fileName/ProjectViewAssetSelection.cs: 349dc288d32791de51156d4e59000b7b -> 2560eadaf6a13a74a46a4a207cd5a8b6
  custom:scripting/monoscript/fileName/DrawTreeViewItem.cs: cceebc4f1185658619e40964f29acb08 -> 0921a62a588ab864253743d1f07afb5a
  custom:scripting/monoscript/fileName/RemoteTestResultData.cs: ff93ebb056d1cf8fdc7e897597b04ef6 -> 68a2b51f8872b9ef697b2155d9835735
  custom:scripting/monoscript/fileName/DrawSceneOperations.cs: 2426c0c2ee58cd28be59874f6425940c -> d87f46f9fb97181a2f51490ea2e1efc3
  custom:scripting/monoscript/fileName/IMonoBehaviourTest.cs: 272926e14fa72b11b0070eae8b5853ef -> 93dca3fac2d68012529173d3e7bc10a2
  custom:scripting/monoscript/fileName/CoroutineTestWorkItem.cs: 8fab9934b84f896f44392a777ae472de -> 8a69ee5c1adc29acc0a66cb7df14cbcf
  custom:audio-encoder-webm-vorbis: bf7c407c2cedff20999df2af8eb42d56 -> 
  custom:scripting/monoscript/fileName/DrawActionHelpBox.cs: dcd6ec2e7fb1b44f22c4a79ff87b70cd -> c8f6be9dab1e6f8d71e0c63c29679186
  custom:scripting/monoscript/fileName/PendingChangesMultiColumnHeader.cs: 21802cc6929e0e180fb4f0be8e34d9d0 -> 722de7d6e07a79981d750438e6febb8f
  custom:scripting/monoscript/fileName/EditorDispatcher.cs: c739e073a8c38dbcf59192f45d1004c5 -> 3c402eae57d73cc54863f3f6a13096ae
  custom:scripting/monoscript/fileName/MovedEvilTwinMenu.cs: ce111941dc7264d29598ce7fd2770927 -> d480b839850d28c1c9526cb587fc752d
  custom:scripting/monoscript/fileName/UnityWorkItemDataHolder.cs: 5e123fac5cc49e9acfe91048eee308ae -> 94e44d74f673f889418b2b9926b6615c
  custom:scripting/monoscript/fileName/ICallbacksHolder.cs: e330f681a4da017eb82339063a410722 -> 790e89a97c8150c3044e584386d3ba9a
  custom:scripting/monoscript/fileName/PlayerLauncher.cs: 7004f613ecfe1e179e7b362c88c3ddb7 -> c1129f48ad00377c128c470482bb7e8e
  custom:scripting/monoscript/fileName/UnityCombinatorialStrategy.cs: bd44b85caa82e1f08c977cc9d9157c40 -> e857e6faada8b59173cb249a8a6be6fa
  custom:scripting/monoscript/fileName/IIncomingChangesTab.cs: d4ceabdc48d8a1872bbe87f04d89a4ff -> 40644cd18074db84684b9e437bf8fa77
  custom:scripting/monoscript/fileName/CoroutineRunner.cs: bb2107d11619bb60075736a2632662be -> 06bef19f6905915189ed09a2db9f2885
  custom:scripting/monoscript/fileName/ConstructDelegator.cs: 7526886647893577a45527c0f6393600 -> c271ca33e5434ac87e82546dd149c303
  custom:scripting/monoscript/fileName/UnityLogCheckDelegatingCommand.cs: 109adc74b3ab14d952109f6ed35bdacf -> 410acedf83a5c4e9d5a212b5635d0c88
  custom:scripting/monoscript/fileName/GetChangesOverlayIcon.cs: f00e4b795697c6cf3092760f3b6fc49d -> d599d6efdee28305661bc0cf6683858a
  custom:scripting/monoscript/fileName/ShelvedChangesNotification.cs: 13b6a2ccd8b4ac1f5ee30c8404cea3b0 -> a27e9e7b242b904f41fc1b16d3a1b3fd
  custom:scripting/monoscript/fileName/ILogScope.cs: dd29c4b8ed4c54280ca787c474cdd843 -> e99dd640a2ac2c8b1c0c97725f23440d
  custom:scripting/monoscript/fileName/EvilTwinMenu.cs: 475a88947051822ca4915306469f9bcc -> 919e4faae0573e49949f6dfbb5a733da
  custom:scripting/monoscript/fileName/ChangesetsListView.cs: caae0aefb36c869f50691482a5cd0944 -> 87b74e0d80cf59010f55e2baaeb6679d
  custom:scripting/monoscript/fileName/UnityWorkItem.cs: 03c602cd83845fe6265dc83816099666 -> ce02ef2c77c866afeb6c04a89a364a8a
  custom:scripting/monoscript/fileName/UpdateReportListView.cs: 2d8fccdaad50bbd7454b52cf9cb4a0f9 -> 08d26df1ab6c3a7628addc5e54e50b08
  custom:scripting/monoscript/fileName/IAssetsDatabaseHelper.cs: 8bbb0e39e3cfde6c5b6c11074d90971a -> 4f8027cddf715e38f75ab454f20fe051
  custom:scripting/monoscript/fileName/UnityConfigurationChecker.cs: 59a8f0715a7c89a752351bf42f94abbd -> 874cd65cce0384fef4b60e71fb08a429
  custom:scripting/monoscript/fileName/EditModeRunner.cs: 0c2c70d0e910f1733ef8492efbf3dda1 -> f1ceb581ae48e42ca32e80f796ce45bc
  custom:scripting/monoscript/fileName/ConstraintsExtensions.cs: 19d048a2938a4b2b178e7e91279126b7 -> 89e01f1f8de15d891db3bad70117d924
  custom:scripting/monoscript/fileName/UnityTestTimeoutException.cs: 7c70971bbddd1caf6485b8c5b935d369 -> b7ec28ea102309dc20886c45fff1e1b5
  custom:scripting/monoscript/fileName/TestRunnerResult.cs: 2b3fdbda67626b6faa7139ccea15b17a -> 613fb3e1dfef14aa9d5aea2cd635ffff
  custom:scripting/monoscript/fileName/UtpMessageReporter.cs: 6f35c7d2ea8786c1fd8fe557180d6c38 -> 1ce82c57220e51532d6b3e5da0cecc24
  custom:scripting/monoscript/fileName/EnumeratorStepHelper.cs: a2fa98a2f974f377b9c2905ce60dea0f -> 05022a723dcf173476ccb43403871168
  custom:scripting/monoscript/fileName/PlaymodeWorkItemFactory.cs: a61a7bf2d749182a50c049a0ad4afb89 -> 8bb2d7c0ad22b08cf17b1748007ae8c3
  custom:scripting/monoscript/fileName/CheckWorkspaceTreeNodeStatus.cs: 5e11ff64963669981115eb58dc2b6e8b -> 1e1255b803bf7cbc935bb804bf0dbe7b
  custom:scripting/monoscript/fileName/RemoteTestData.cs: 5baf4798e5344c86aa4ccafb41b2624c -> 51ba1ddd57fb71948e60067806b9cfcd
  custom:scripting/monoscript/fileName/TreeViewSessionState.cs: 8333273b312d475b653610e2871c20a5 -> 9f39a2ca55a7481b8ba078d3a2b6815e
  custom:scripting/monoscript/fileName/StadiaPlatformSetup.cs: 589eaf4f5c2f63a79deb4c2735e3b746 -> 27e00e91e04b4888c1d6354fa4baa6a5
  custom:scripting/monoscript/fileName/ErrorsPanel.cs: 21fc210ee17d5e95782397ef8c7dafab -> 515b7ba9af5e7885ba3068b1d63c6104
  custom:scripting/monoscript/fileName/PlasticPlugin.cs: a57c142b98ca3d4daad221737fd72924 -> c64561980f26020cc3206ae8b1047268
  custom:scripting/monoscript/fileName/SwitchModeConfirmationDialog.cs: 4d9c02587760213784bfe53d012122b4 -> 30cd71d0b3ee4b2689cde689908d301e
  custom:scripting/monoscript/fileName/PlasticWindow.cs: fc467478941f610919bc69526ba2c215 -> 
  custom:scripting/monoscript/fileName/LogScope.cs: 51679d4f7708329af3d47e56656f8988 -> a032a8edefa3a04276b9f24e5047f2ac
  custom:scripting/monoscript/fileName/PlasticExeLauncher.cs: caa0b5dda5df50c85bb19d27252d16b9 -> f1da27253760250030952f02cb54965a
  custom:scripting/monoscript/fileName/TestPlanMessage.cs: 15cf5225dc1e7b1718be35fb09144b5b -> 6199b0505360321c39d00a607adaaf8d
  custom:scripting/monoscript/fileName/ITestRunSettings.cs: 7462715f6a540bde0acfd50948410d32 -> a5342276210c7f86635118880184dc77
  custom:scripting/monoscript/fileName/BranchesViewMenu.cs: 8089f11c30784e2e57775dd6cdbae898 -> 7bfc83e917c9b0b5aa423bb947ce2a38
  custom:scripting/monoscript/fileName/CooldownWindowDelayer.cs: 7816cfcad485500dbac9993c4502ea69 -> 4c95e39c8dd4cfa1bca106097fdb6524
  custom:scripting/monoscript/fileName/SetUpTearDownCommand.cs: 2a0e8cc178919ce84c52af1a4ddfce30 -> 684e5d1c75373405f8a6c9575324286f
  custom:scripting/monoscript/fileName/EditorEnumeratorTestWorkItem.cs: 7bf37d3cd666bc3e840f63f05aae4d05 -> b8f886476b7c18f3c1cdeae30ec0c8ea
  custom:scripting/monoscript/fileName/GetInstallerTmpFileName.cs: fa7bda723ac795b48e38504727f44981 -> d09e0b5c7a9af5874530e17ef23025f0
  custom:scripting/monoscript/fileName/AssetModificationProcessor.cs: a602c9e59e7db185e3a0d68d986e6fef -> 
  custom:scripting/monoscript/fileName/IsCollabProjectMigratedResponse.cs: 4c3294c6a51e6f42161d191230692016 -> af2b76c693935deee55cfcaed2aa7568
========================================================================
Received Prepare
Refreshing native plugins compatible for Editor in 25.25 ms, found 4 plugins.
Preloading 0 native plugins for Editor in 0.00 ms.
Unloading 1 Unused Serialized files (Serialized files now loaded: 0)
Unloading 1 unused Assets / (3.1 KB). Loaded Objects now: 4955.
Memory consumption went from 77.1 MB to 77.1 MB.
Total: 3.993500 ms (FindLiveObjects: 0.456900 ms CreateObjectMapping: 0.243500 ms MarkObjects: 3.249800 ms  DeleteObjects: 0.041100 ms)

Prepare: number of updated asset objects reloaded= 0
AssetImportParameters requested are different than current active one (requested -> active):
  colorSpace: 0 -> 1
  custom:scripting/monoscript/fileName/IPrebuildSceneSetup.cs: 086a540b86c9ccf5ce0a23935a64c98d -> c89711320cb5af11897ec50fd61d4419
  custom:scripting/monoscript/fileName/BuildMergeTabParameters.cs: 2c923f29302a39560b4301c3fd163a7b -> 
  custom:scripting/monoscript/fileName/IncomingChangesTab.cs: 8a20aca125f6d4b837670edb6e36bc05 -> 82bff1d960538992d4e618d909869d2e
  custom:scripting/monoscript/fileName/EditorAssembliesProxy.cs: 23426c61d1cfec53ec65b1ed2f77c773 -> ef0f2d44f3e723650bf58ba30866667b
  custom:scripting/monoscript/fileName/OuterUnityTestActionCommand.cs: eacf156fb6f74d2f6b697bf47e9a72eb -> 36c13d7d2a2c5c2f372e7b1c0cc06d4d
  custom:scripting/monoscript/fileName/TestJobDataHolder.cs: 1e3b4dec54d5610ff8a852c0a9fccf2b -> 2c9edeeac80ff44e86cac8087411d260
  custom:scripting/monoscript/fileName/DiffSelection.cs: 34faf7c86f7e0c9a01162e930679d82f -> 1460aaba4240ef35322cb9c198487990
  custom:scripting/monoscript/fileName/EditModeRunnerCallback.cs: 8a8dedaa2bec26f26744df4ec8e2f191 -> 
  custom:scripting/monoscript/fileName/EnterPlayMode.cs: 3cb26e64a9bc927aa1556d517c8e8a78 -> c730bf9ff77514bb260ba9933378e49c
  custom:scripting/monoscript/fileName/Filter.cs: 18ef22850e69a0e3e97548ae5b255f92 -> 935824dbebf762a19f2d4c4751625fe2
  custom:scripting/monoscript/fileName/DrawStaticElement.cs: 6cbd346d4a1be2ee84c9ebe55a7f9f79 -> 5765d84d60602f16f5577bf0b7fc6b96
  custom:scripting/monoscript/fileName/MoveDeleteMenu.cs: f1a7b8a8be76c035d934c51863f3b934 -> c4ad4528e772c33a6167006886a8d1da
  custom:scripting/monoscript/fileName/DialogWithCheckBox.cs: 738e3e0af97e826e16805dda77e5f009 -> 
  custom:scripting/monoscript/fileName/UnityTearDownAttribute.cs: 4a3d30720366843ca221fd554845c187 -> d90d4ba0821a80f48bd6cec8eab8964f
  custom:scripting/monoscript/fileName/DateFilter.cs: de3aab0283a2b4a1d4d64145b14132d5 -> 3a6cb8c2e3ffbb5a9052e322ee5bf411
  custom:scripting/monoscript/fileName/RemotePlayerTestController.cs: 83176596b43ae79e65d8c3ccfd7c1c75 -> e65e7856c7b5238a13243fffbf64f7eb
  custom:scripting/monoscript/fileName/ConditionalIgnoreAttribute.cs: 507a506f130880469465e0381c429447 -> 9f2f3d4c6b56d5f470ccdd0e1820d51b
  custom:scripting/monoscript/fileName/TestMustExpectAllLogsAttribute.cs: f1224ac9ffb401dcd2c905e6a783da06 -> cdf1c75549affd080e0ddbde5bcb7c34
  custom:scripting/monoscript/fileName/TestBuildAssemblyFilter.cs: e3ae3b9dfa7b065b08d520845d4f070d -> 056870da734fd8ecf77d00737a22149f
  custom:scripting/monoscript/fileName/ITestRunnerListener.cs: 07f2f49d67775d1bad20bc1589a5769d -> d52675266925b8e603f210be3981d59b
  custom:scripting/monoscript/fileName/PerformInitialCheckin.cs: be22d181e456c0a8a5713675f29ac72a -> 8ef9a9f407b8b94b2b5fad9d24e61f79
  custom:scripting/monoscript/fileName/ConflictResolutionState.cs: d9394655856a9fc1a0b280bc997bac16 -> 74a230000ff2fd58c5a60ab4258207dc
  custom:scripting/monoscript/fileName/IEditorCompilationInterfaceProxy.cs: e8a39ed00046a7b93647d4de1a3e0e00 -> b1e49de3ac2ed1feea91c5f6846d6e49
  custom:scripting/monoscript/fileName/EnumerableRepeatedTestCommand.cs: 229b55de651d474bc2ca3733382eef36 -> dbdc4517e80e66a31f48ce40e06931f2
  custom:scripting/monoscript/fileName/FindWorkspace.cs: 39bbd18bfe6bf4a99f5c185dcda4dd4a -> 6af6c9e9382fef881c020ab184e6f7f5
  custom:scripting/monoscript/fileName/CommandLineOption.cs: f2f0dbe72e14e05a5259c3e6cb3ececc -> 211f73ad4421274a5a418608b74cc839
  custom:scripting/monoscript/fileName/IPostBuildCleanup.cs: 7bc004ae26b110cd32d3401b0981f815 -> 8d43f6dbc44addb43106f91d15047771
  custom:container-demuxer-ogg: 62fdf1f143b41e24485cea50d1cbac27 -> 
  custom:scripting/monoscript/fileName/TestListTreeViewDataSource.cs: 8b5a59ec2d06d36e63ce53a34e1d591e -> 153f0d5d9a6099f80f6d26e9c0ad6b7d
  custom:scripting/monoscript/fileName/CheckinConflictsDialog.cs: d3af1d70d3f60a9847d2942647274222 -> e13fa04a97fb675842c94586fc602871
  custom:scripting/monoscript/fileName/CommandLineOptionSet.cs: 6bb45bf9141d4fec50aae5aa4651fa84 -> 57b6c3812f217f48a5cedf066a216cfd
  custom:scripting/monoscript/fileName/ITestRunCallback.cs: 0ac8617cc2dc9780c575b6eb03f6d505 -> 7d90e4d27cccfe89ef24a93578e15a74
  custom:scripting/monoscript/fileName/AuthToken.cs: d22b2893825e943bc1389be142abd57e -> 0fba7e8eb1ec8b699f274cdc956451b2
  custom:scripting/monoscript/fileName/ProgressControlsForDialogs.cs: 6bf8e69ac7dc2163fe988e5d8181ce88 -> 7e6bd1727985204e3b64e1946e589b1c
  custom:scripting/monoscript/fileName/AssetStatusCache.cs: beede06d8a6d93e7907fd192ad653f2b -> 260d5f85663ac58b2a7e9553c453bc3e
  custom:scripting/monoscript/fileName/IEditorAssembliesProxy.cs: 81289fa7514ad1168ecb67afff27720d -> 8586f95fda82b1fa948b8ac0ebb50a9d
  custom:scripting/monoscript/fileName/AndroidPlatformSetup.cs: 56c28d48cf01b1b2c96f64a6827ffac4 -> 67d5fa212608c900d88b1544a5f49997
  custom:scripting/monoscript/fileName/OrganizationPanel.cs: d7ac1288bef1b15a05bb26d201a4d87f -> 57a57e6a345dbd536e91c348b70943a9
  custom:scripting/monoscript/fileName/ChangeCategoryTreeViewItem.cs: efd70108e1f6ff61ed2723220486adfc -> fd14db176fff061715c8ec88ced1902f
  custom:scripting/monoscript/fileName/CurrentUserAdminCheckResponse.cs: cec2f173fe8732108711c497674c6f66 -> d57c2dcace740834acd59fdfbc5023b8
  custom:scripting/monoscript/fileName/RenderingOptions.cs: a84cebfad0b53e3dbf0202be3cc1d6d3 -> 
  custom:scripting/monoscript/fileName/WorkItemFactory.cs: 9cd58300f748e3250316447e9d2a8d06 -> d8b2e380888ccc980a475a01f04d7a45
  custom:scripting/monoscript/fileName/UIElementsExtensions.cs: a191d7293be4538b0adb29dfe5b06a46 -> 52e0d612ab032e4d22e9558b90396b99
  custom:scripting/monoscript/fileName/PlayerLauncherContextSettings.cs: 89c041e42e3e6c336ae4ddeb40f2d12f -> 3c0a34dce28ade8f88b3e213fadb0738
  custom:scripting/monoscript/fileName/CreateBranchDialog.cs: c429477092287209232592c8cde1a615 -> 9eb29fda08033b4f847247136c412db6
  custom:scripting/monoscript/fileName/RunSettings.cs: c8ba576640d505c59ca4d995eb1b55e6 -> 6770f3fdaf287e73ff6c63f28a5a7e92
  custom:scripting/monoscript/fileName/UnhandledLogMessageException.cs: d6d6ca25090fc3eec22959040bde30f3 -> fa6ee6fe2a221a71f213304ae56898c7
  custom:scripting/monoscript/fileName/EnumerableApplyChangesToContextCommand.cs: 7e82e96f40f2bf4118aab6f6aef1d287 -> c2aa6cedc66892dd581c50a4d9b6a147
  custom:scripting/monoscript/fileName/RecompileScripts.cs: 33cdfe80e47d8b05e5ee4c6c33b4993e -> 73e345449efb1420f34aad9debcdf2bd
  custom:scripting/monoscript/fileName/DelayedCallback.cs: 4d96f98a05296a6e495fa9916bc0a91b -> e88c5396d33adcd6404b4cb8a051b2b1
  custom:scripting/monoscript/fileName/OrderedTestSuiteModifier.cs: ddbca70bf46f5e4ca706b058ef23253f -> 6a8006d91a7636d39c6731494060c3c2
  custom:scripting/monoscript/fileName/DrawCreateWorkspaceView.cs: 6422239d8f649480614f0dd4f018b7f2 -> c6039ac84d85ab3926aa94de163a9f7d
  custom:scripting/monoscript/fileName/ProjectPath.cs: 5634ebdbea8ca94089eb9622d1b60497 -> 2007f972d3a73eeb86dfe05e849c7f69
  custom:scripting/monoscript/fileName/SSOCredentialsDialog.cs: 8967ceae1bc195ea8dd32b23c42dd852 -> e140ede12a96f68f30062138385171c3
  custom:scripting/monoscript/fileName/DefaultTestWorkItem.cs: df6f5a85dcc29cabfe426927cfff8766 -> f906b4fb5b78cb9d23a07212620919d9
  custom:scripting/monoscript/fileName/TestRunnerApiMapper.cs: 213999ba10693518027e8ab0204d1885 -> 241489454095fad1d1d89166ee62820f
  custom:scripting/monoscript/fileName/LegacyPlayerRunTask.cs: 328c044124055242f6ddb7aa596ab1d3 -> 148e0500b0761261bc418d25c26e82b1
  custom:scripting/monoscript/fileName/Vector3ComparerWithEqualsOperator.cs: 6b9a33545ada02177d266ed1f5b19290 -> c497cde63ec72672e5f69e70b932688f
  custom:scripting/monoscript/fileName/IGuiHelper.cs: c60290192a780a358cb4d2eed657f7f8 -> da57d3fb0f8ace42d5b01eed25e9e3d5
  custom:scripting/monoscript/fileName/DownloadPlasticExeDialog.cs: 2dd40c53d0303d041a27a44a95c331cb -> 093cfe0607c2346a88cdfdfe1435614f
  custom:scripting/monoscript/fileName/GetOperationDelegate.cs: e719058321e4f2be94be212e42f097c8 -> 
  custom:scripting/monoscript/fileName/OutOfOrderExpectedLogMessageException.cs: 22c4a953865c583fd55d80a54c5d6c18 -> 4ff78bac16cc86124e588c20ad3ddba7
  custom:scripting/monoscript/fileName/IPlatformSetup.cs: 9a0668684da27d1ddefa88d99d869448 -> 6f20476898784a15f8b8eb28653a67fd
  custom:scripting/monoscript/fileName/TestTreeViewItem.cs: 3239fe248332ddd6a904d9cb0680e538 -> aae3d62f4daf680133c1c18c7814d15e
  custom:scripting/monoscript/fileName/AssemblyLoadProxy.cs: c6dff8352382292b9959041d98303a41 -> 0f3a4ee005eb8f7b33161c2ba6196e00
  custom:video-codec-MediaFoundation-h265: 746d11721c4dcdbdad8f713fa42b33f4 -> 
  custom:scripting/monoscript/fileName/SaveUndoIndexTask.cs: ab03f94eed1b9c2e86cabe91ffdb6ab8 -> 6e0bcd5f418cf8184993174ac732fff4
  custom:scripting/monoscript/fileName/TestResultRenderer.cs: 9bb52db8cdd7fbc7b27d62af73d00df8 -> 2e8123de6d2eea4d42efb7a87e150b27
  custom:scripting/monoscript/fileName/WaitForDomainReload.cs: ec74674e8cae527fdeb410a81a4658a3 -> b6033700f0adcf3b23782f04c42e269c
  custom:scripting/monoscript/fileName/PendingChangesTab_Operations.cs: c99065f3c85ec85c85ece2a1a30665af -> 15ae6787065f4af65778e981f418a60b
  custom:scripting/monoscript/fileName/LocksListViewItem.cs: cc9cd24c5be4f7363367cba72f12aad4 -> f4a19fabbec093eb3d6a7e1cd4f42611
  custom:scripting/monoscript/fileName/ITestSettingsDeserializer.cs: e43933e90cb98a9555f922952cdb833f -> 22e37de7af2cea07971d0ba87110dad7
  custom:scripting/monoscript/fileName/UnityTestAssemblyBuilder.cs: 9b6ef4c0578639ba943c8f65e1e8d74d -> fa151eb16842256647a2914b37e4bf9d
  custom:scripting/monoscript/fileName/PendingChangesViewPendingChangeMenu.cs: 561ad0f702e1db14300a4a5f810051f9 -> 9a6ef2277212bf26d647c7f12f946287
  custom:scripting/monoscript/fileName/SignInPanel.cs: f7e82045994d4eefe3b021faa87b55c6 -> bac0318ce35e37bed3a2cc8137452435
  custom:scripting/monoscript/fileName/DrawInspectorOperations.cs: 61c4a6a6507d8f84ef5bdf5cba3f0aee -> 8c94fe642e98309082411f46db89106b
  custom:scripting/monoscript/fileName/AnalyticsTestCallback.cs: 86b513e5c36f0343183de924372e6da6 -> 70c2658c96c40ebe349fda85c81dae6e
  custom:scripting/monoscript/fileName/TestTaskBase.cs: 4b3bfcc0ce488c09e9c983c955b234c0 -> 162ca0c58961a22b2d7f2a866ccb62df
  custom:scripting/monoscript/fileName/DrawDirectoryResolutionPanel.cs: b77d9918f02a8eac64394aaf99fa4b28 -> e4e3c9b4bc511687802b504b71016540
  custom:scripting/monoscript/fileName/CloseWindowIfOpened.cs: d820344e932a12600b5fe6fb7e9f1563 -> ce229ef3b7461ff17e2c1af0695a6657
  custom:scripting/monoscript/fileName/SaveAssets.cs: e472a52843752df7d7ad4ca6b2c8da98 -> b56abea3d51c742ac29e4aec958afad6
  custom:scripting/monoscript/fileName/TestLauncherBase.cs: 55b4d99610fbeb9ecb7ee6ead3251104 -> c78237b225a855d3af10df4cd8d6a1b2
  custom:scripting/monoscript/fileName/FloatEqualityComparer.cs: 4dac02b3f722be0497415c960455318c -> 6ddc5d5b0944c660e6b695f37c9febc8
  custom:scripting/monoscript/fileName/ResultSummarizer.cs: fcfdcb2adeeb82cb8f411b44b44abdb0 -> 
  custom:scripting/monoscript/fileName/MergeViewMenu.cs: 93bc40369a2f104c249cef1d685ad358 -> c1676e16bdcf215f6595ea9de7a1fc33
  custom:scripting/monoscript/fileName/RepositoriesListView.cs: 9f95c83dc460fb03fb0916472f14b8a7 -> 95287f65338ca0073ad04002a16eaaf7
  custom:scripting/monoscript/fileName/HandleMenuItem.cs: 740e54c5f6dca1acc88cad87af74b744 -> b4ad1ecc5243212c5967125ad5e41b1f
  custom:scripting/monoscript/fileName/CompositeWorkItem.cs: 77037823112276c67676f1e42edf1cd2 -> bc884a89fde61fa75209209a03bbd836
  custom:scripting/monoscript/fileName/ScreenResolution.cs: 5c975132cf4e36dcc261bd0acd604271 -> 7bb7bb5b955671820101b322f0a7bf3d
  custom:scripting/monoscript/fileName/RunFinishedData.cs: 35b8f95dad4fefe115ad61c2c01125ab -> a22f15c3a79d1f15ccc31ec29ab37874
  custom:scripting/monoscript/fileName/ApplicationDataPath.cs: 8e4094e28762fb76a1baecfe90c6b65e -> 3e8c4ea8debfda8013fed860ac233d22
  custom:scripting/monoscript/fileName/MergeSelection.cs: 6deb9bc55c10a7ac7c9f905a7b92dbe8 -> 630eecd27cae3311e65e09d9c63da8b7
  custom:scripting/monoscript/fileName/PlayModeTestListGUI.cs: 9528035223f9376ea8c5bf32da2d30c1 -> 
  custom:video-decoder-ogg-theora: a1e56fd34408186e4bbccfd4996cb3dc -> 
  custom:scripting/monoscript/fileName/RepaintInspector.cs: f134606300316994850c28a68d0cb5a3 -> 
  custom:scripting/monoscript/fileName/LockStatusCache.cs: 5e3725e03dc21c716034553589a67eae -> e99b3f34c5cd3eb73ec19439af1f7f80
  custom:scripting/monoscript/fileName/DiffTreeView.cs: 68195907d129ef826aa6b6df7202696d -> 49f46fd2a65ea674a218eead75f27aac
  custom:scripting/monoscript/fileName/UnityTestProtocolListener.cs: 031f67bcc950e88772c7e00661691db9 -> 0d4d2ab58d3a081f00c0f200ee8696be
  custom:scripting/monoscript/fileName/DependenciesDialog.cs: 82d30fc8d5e1a73ec0d1ee9acc00fbc2 -> c8902186ab2f4e6471b5dd147afb01b6
  custom:scripting/monoscript/fileName/ChangesetListViewItem.cs: 95a197949f1e777703db60eea8cc21b3 -> d742a4910e302777daa1ccb9c8e92cb9
  custom:scripting/monoscript/fileName/LocksViewMenu.cs: fda08381fa9abca53b6eaf3bf55f14f8 -> 186d8514e824865b191ba1829afe4b33
  custom:scripting/monoscript/fileName/MonoBehaviourTest.cs: 8f6297df34271fdb1ce2d9607ec6261d -> 90647cc400823b41df847a6cbfc29026
  custom:scripting/monoscript/fileName/IncomingChangesViewMenu.cs: 5f96afa82d3e2a8078206b7f6d3b0752 -> 13196979a03411533716f6775c9a624b
  custom:scripting/monoscript/fileName/QueryVisualElementsExtensions.cs: 75ea535788abf9c38ba9341c984a6241 -> a49740b6efbb934f55475cc70b864a4c
  custom:scripting/monoscript/fileName/DivergentMoveMenu.cs: 5b146ed65a6a030ab7d86a0d711244f7 -> 98d76b5791494212a0c25aa6a4af7288
  custom:scripting/monoscript/fileName/TestResultRendererCallback.cs: 11a504294abe84b81ed7535d2d6b52d7 -> 215106b260625bb3e26681b849d9307d
  custom:scripting/monoscript/fileName/PlatformSpecificSetup.cs: c7583018fa54cbb13353f07300f73380 -> 0a7f9c0b27ae370d8bd5d3df4916ae28
  custom:scripting/monoscript/fileName/EditModeLauncherContextSettings.cs: 716154923321c522b7f6492b24dc4629 -> d1e413330d98a9101237ccbe91f95dea
  custom:scripting/monoscript/fileName/PlayerQuitHandler.cs: b367910cee7b2e682885ab95e27ec0ea -> b4085dee8fd70ae04ac96945fafed489
  custom:scripting/monoscript/fileName/WriteLogConfiguration.cs: 1a8401f47b522f631a3dc005105719f5 -> 1589212d1638ae91a029ea3ddf9999f2
  custom:scripting/monoscript/fileName/PrebuildSetupTask.cs: c7a55bff004702e0146f0b7de9de0c32 -> a4e888a510b1441a257b12183e59237b
  custom:scripting/monoscript/fileName/UnexpectedLogMessageException.cs: eb4b453bac6ce1ffa84fa1fcbecd8818 -> a7bbf32861c66018271b093fc1d1061b
  custom:scripting/monoscript/fileName/FileSystemOperation.cs: c31a686e69e66801c204a11be56c950a -> f0ccbe91654279794a85bf6f1c034716
  custom:scripting/monoscript/fileName/RerunCallback.cs: ffe49cf602017087ffa7749d06513ace -> 
  custom:scripting/monoscript/fileName/MigrateCollabProject.cs: af93695e471d9c8e4ad014c4165f2c3c -> 9f3487f03a783b35518405572f20ac9e
  custom:framework-win-MediaFoundation: 216162199b28c13a410421893ffa2e32 -> 
  custom:scripting/monoscript/fileName/ITestListCache.cs: 530322f74ae4ee44bba33a2f253d3260 -> 93f202374a8dd6602503d990ab2feb72
  custom:scripting/monoscript/fileName/TestRunCallbackAttribute.cs: 0f465317bd2bfaae92f90a6ee84c0d18 -> c61459d4a70eab5bd767d5a1f82f55d8
  custom:scripting/monoscript/fileName/ProgressControlsForViews.cs: 7d677c6df38ab15cf390062b5b0bb854 -> a8a18a90f46aa63848e1e45d8d7ff9af
  custom:scripting/monoscript/fileName/DrawAssetOverlay.cs: 04a46044def089f0abcdafdd281e3646 -> 
  custom:scripting/monoscript/fileName/PrebuildSetupAttributeFinder.cs: 2bad1feb91972325181c65f0d7b65426 -> 1f975f3a70c8f9747da919735d84e6c3
  custom:scripting/monoscript/fileName/ProjectWindow.cs: c62567a3d71fd74636bc783de5162474 -> 
  custom:scripting/monoscript/fileName/TestExtensions.cs: 06f4dc0f3112fa2e5582ace2497b1b80 -> 8e47deac44d7b87eaa5df5d00556dc15
  custom:scripting/monoscript/fileName/TestEnumeratorWrapper.cs: 3f82598f123760f637b0f70a1f287d77 -> 3e969f8448dc5644f60fbcb6f1badbcb
  custom:scripting/monoscript/fileName/MergeLinksListView.cs: 826afb5fb5988163105086b4bf5027af -> c9488671ae9b14523680d0c19097baa0
  custom:scripting/monoscript/fileName/UnityCloudProjectLinkMonitor.cs: a6d5b729fcd63f578363f7929a986e8b -> 86b74508945daf368996ea82904ac8da
  custom:scripting/monoscript/fileName/LogWriter.cs: a4f5ec34386b4e23f87b43dd16f6db46 -> 89105d9cfbe59e79a996dde998b3e7ff
  custom:scripting/monoscript/fileName/AttributeHelper.cs: 9458f4b34c0ac14db5c169abc8e43f94 -> dcab3630cb119e1a5f7f9c7b24677e49
  custom:scripting/monoscript/fileName/TestRunCanceledException.cs: 95340416bb18b4fa3930cdab2cc1fc66 -> ff7dc6bce365deb50fafe94b823009cb
  custom:scripting/monoscript/fileName/ISettingsBuilder.cs: 519472d4601ec620807556de1c3db699 -> af84c62ea6a033820a24a2d04c70d5c3
  custom:scripting/monoscript/fileName/Vector4ComparerWithEqualsOperator.cs: 3cde4a46f80e6bcedaef4297c8060490 -> 982db4358832ddfb456522b96543f1da
  custom:scripting/monoscript/fileName/UnityTestExecutionContext.cs: eca56c04b69a8399029cc9730daae5fd -> 4c0ef8e8d96fc20b3ec58c9447d6ec92
  custom:scripting/monoscript/fileName/EditorProgressBar.cs: 7418be9b22aaea32732f8a5f49569d1c -> 08c2f2b90ef64df631d46389f0e22c8e
  custom:scripting/monoscript/fileName/MeasureMaxWidth.cs: cd9322680ae61d38397008451b7ed0ed -> 1569e3f1dad91a9b01cba66ab6aa30b0
  custom:scripting/monoscript/fileName/SaveModiedSceneTask.cs: 135adac13be698ff4439d6c6268aa5b8 -> 
  custom:scripting/monoscript/fileName/TestSettingsDeserializer.cs: a44271a81256da8d6d9195e1628af709 -> 2daa2d89ea5f024d33cb1e72a3d35d63
  custom:scripting/monoscript/fileName/ChangesetsListHeaderState.cs: 69fc4f1a2bc3782d7043ec48961a3616 -> fe1392f9b135da83e13fe8a5e5f39fc2
  custom:scripting/monoscript/fileName/EditModeTestListGUI.cs: 8831f0ca2dcd13614282b516af72c688 -> 
  custom:scripting/monoscript/fileName/TestResultSerializer.cs: 52a416bb91eef89cbb19dd3cf67adb65 -> b75c8de5ed0cf8b4071350488249260d
  custom:scripting/monoscript/fileName/PendingChangesTreeHeaderState.cs: 7d278b5569d28437d07554a3bbb56e1b -> 5d7f70d142c9ac67864ec14950523d62
  custom:scripting/monoscript/fileName/BeforeAfterTestCommandState.cs: ffd46073254dc1bdb5c1bca6005d67d9 -> 590f9af42d8f6706b758d6c33b25bf7d
  custom:scripting/monoscript/fileName/MissingEncryptionPasswordPromptHandler.cs: 7f5831fc8a41e9cadd84fcfd0e885072 -> 5d7b9646eb14a39b6d3d5bab19d266ff
  custom:scripting/monoscript/fileName/ChangelistMenu.cs: ca33bac56b3a337faa90a1b1bba632d6 -> c1bf5aeb760cc5eae584ea3944d6531b
  custom:scripting/monoscript/fileName/NotificationBar.cs: d1a4cf5e8103d80fd25347275f906aa8 -> 50f1a85fa18d94338418def78dcd8543
  custom:scripting/monoscript/fileName/EmptyCommentDialog.cs: c9c28ff22d24598d7e4856f434bb1b92 -> 99cc06133e502eab7998108e26fd5614
  custom:scripting/monoscript/fileName/UnityThreadWaiter.cs: dbd556f2802baab90a20da38c288d36c -> 99333406d92d10003984b4d1920de2f9
  custom:scripting/monoscript/fileName/CredentialsDialog.cs: 179b5e49656a1623c2e79d838f0f5876 -> c785d5e40f8d66b7ef7ba04ee7c324e0
  custom:scripting/monoscript/fileName/ProcessHubCommand.cs: 30630f626164e285c361aa64e681100e -> 8ab0fc63fa4d9d749198dd61b09d7e37
  custom:scripting/monoscript/fileName/GetRestorePathDialog.cs: e21eb9983f0b989125951478cd5e9b35 -> 353d1126ca2d2063d5bdbd06806ffc08
  custom:scripting/monoscript/fileName/UpdateReportListHeaderState.cs: 64a5bf775d221ad9a5ff8c78a1e0e1fa -> d6cbe54be2898ed2c96c2e79572c2e08
  custom:scripting/monoscript/fileName/LocksListView.cs: 8c6202774eebcf67be9c3b5a2926cc7c -> 7aa51ff93bcc98aa05dec8b46ec200c4
  custom:scripting/monoscript/fileName/DownloadAndInstallOperation.cs: b043b8d5921892e87f4566e00162cff6 -> 4f4065aeafda2af0ec272a3c228e27b2
  custom:scripting/monoscript/fileName/DiffTreeViewMenu.cs: 3e62bfc69ca7486976988e151b88922e -> 8039fc4ecf68b3e966e1f4822789e7fa
  custom:scripting/monoscript/fileName/ICommandLineOption.cs: 147751a92efc4c8cac91a9a528c2fb1c -> 58da599070a3bdab08afc8355de79ed5
  custom:scripting/monoscript/fileName/UnityStyles.cs: 1a176026ce9da8057f3ec90dfe0bac74 -> bbbba3cda37678cfc74d71ffebf36e7f
  custom:scripting/monoscript/fileName/EditModePCHelper.cs: fed3c3b34697ace66d06f26c80e9297a -> e16a214ddb2d161f4792170cb0c8e6aa
  custom:scripting/monoscript/fileName/HistoryTab.cs: 4d086984813cd90d6be245dd8e03a2ba -> d57f000c65fde42a2228c7a105a836e5
  custom:scripting/monoscript/fileName/AssemblyNameFilter.cs: 6517804d9019b844c3f33c3b43a18f84 -> ce7ef29746fb23841833950bb87cfa6a
  custom:scripting/monoscript/fileName/HistorySelection.cs: 7c3afcf345a55e8b77ea41ca0f570218 -> 3d07a3d1241e204b5420d71f1137eba4
  custom:scripting/monoscript/fileName/CreateWorkspace.cs: 7b3086384e5ddcd73cd5064a3ce31cd2 -> 5256205b5cf0570b6f698c7abe518f5a
  custom:scripting/monoscript/fileName/ShowWindow.cs: c731454122754eec192bc3c53fac3d95 -> a6bb1d20733c178256b38974418d7450
  custom:scripting/monoscript/fileName/LocksListHeaderState.cs: b80c5f044f18764adef2e9dbea5f0fb1 -> c7fe4d3b5f954615048f8e79925d29e3
  custom:scripting/monoscript/fileName/RemotePlayerLogController.cs: 6007c2a9667c47ca237ace4f2531438b -> 158b55f2a8781eb1cac7ac26acd42fc6
  custom:scripting/monoscript/fileName/EnumerableTestState.cs: 074d7b301977647491f399c62e52cbc1 -> 30e3efb82d3f99d65cdecdd2f0bc0194
  custom:scripting/monoscript/fileName/CreateRepositoryDialog.cs: 1e1c5399cf3d0b071c7982c565a710ce -> 5cec3e66b09e0dbe1f805953c5c64af9
  custom:scripting/monoscript/fileName/UnityTestAssemblyRunner.cs: 3816e248a2cfe06e2622e0204123f53a -> 6329fd25aa4b3ce344b8f9506a5c2047
  custom:scripting/monoscript/fileName/RenameBranchDialog.cs: a3111a345c6451ee64cd16f1989c2313 -> e5c89c05c87517babb3730e87196a494
  custom:scripting/monoscript/fileName/ITestPlayerBuildModifier.cs: 144d61bec4e604c687a559324e865570 -> fe113c86bde5fdad424c8cc5e51fe0a4
  custom:scripting/monoscript/fileName/EncryptionConfigurationDialog.cs: 6423045767c07e6360ff314ec741c601 -> 19e9c54aff6ffc68d60fe11f80578947
  custom:scripting/monoscript/fileName/RemoteTestResultDataFactory.cs: 82b227499ad613fb85cbd7542a960c8c -> 875f30f4d57949231d64836d9e348a72
  custom:scripting/monoscript/fileName/UnityTestAttribute.cs: f0f5f36d5b331df20c3357ff1637e397 -> a53f050fb661d50bb6c962963a554f8e
  custom:scripting/monoscript/fileName/TestListCache.cs: 8e95164bb40beaf2361efc98dc17a66b -> ff7c7e6ac29ad86c5fe33a64ed0d2f4f
  custom:scripting/monoscript/fileName/UnityTestMethodCommand.cs: adc652ef2db502396e2bc23b9d9a66f3 -> ccfa8ff8b49ded2664d646e8ee3d5ff4
  custom:scripting/monoscript/fileName/CheckinProgress.cs: 298ac58365579798eb3b4defc181ccaf -> 75b93dbc5ef307111f0647f735640420
  custom:scripting/monoscript/fileName/ITestRunnerApi.cs: 7ab503b15e3438e134c0702f000eb0a9 -> a476c74c9cbf5732bdfc8c88b9702476
  custom:scripting/monoscript/fileName/AssetCopyPathOperation.cs: 571ede78b6298606a236918df9df62d5 -> 633a9d130b72ba594756844b628f0ae2
  custom:scripting/monoscript/fileName/Vector4EqualityComparer.cs: 2b4abe9ea592b7513d6aeaf121d66f76 -> 998bf018f3e79a3b4501bebf13133ef3
  custom:scripting/monoscript/fileName/PendingChangesSelection.cs: 766664749a54eea9ecce5dff917430ef -> 1721ad72d074757364587c71b49d9382
  custom:scripting/monoscript/fileName/EditorLoadedTestAssemblyProvider.cs: 30976bb8f0671594f080cfda4f365c0a -> 406b39f61e53aa4b6c435e30af6b5276
  custom:scripting/monoscript/fileName/Utils.cs: 0d3272cd783b90f4eef2bf111d5a7b15 -> 38efaa10a2cec4e71a9eaf567c91a8a5
  custom:scripting/monoscript/fileName/LuminPlatformSetup.cs: a7bbd552cf00b6b349997b7d2e68359d -> e65a295a4e58fc042cc74afa9243a080
  custom:scripting/monoscript/fileName/ResultsWriter.cs: 45d4009781f259d024c859617b776a29 -> ccd0afcd43fc96f0f8be5313b60e6c07
  custom:scripting/monoscript/fileName/LoadAsset.cs: 9042eb334fc462cf466672445be1d4c2 -> 5e4e082aa5b21c13b80eb237fe94d00b
  custom:scripting/monoscript/fileName/EditorAssemblyWrapper.cs: 1da4fb3eb1b01bdabc7899984e06e2b2 -> 8682dbb48030d53c622cd194bfa9e87d
  custom:scripting/monoscript/fileName/Images.cs: 0b0c14141950fed99e3ef33199b3b4c9 -> fbdd1e600315d249327f3effde045c9d
  custom:scripting/monoscript/fileName/DrawLocksListViewItem.cs: ce3a3d64ec2d84c3556ffd4141efc4f7 -> 6201c4d50383e970d554210505562d37
  custom:scripting/monoscript/fileName/DrawProgressForOperations.cs: ea9179848be98ee7719316b39339ef29 -> b544f18e6532ba53bbd1b691fa5cd571
  custom:scripting/monoscript/fileName/RequireApiProfileAttribute.cs: 519035bad40b0361872a678d221fcd1e -> 4cce4894a0d08ef40fd237b8e50d1caa
  custom:scripting/monoscript/fileName/CleanupVerificationTask.cs: 66002b5b43bdce8f787c2d84fc03dc42 -> 12e81b196e7eac521f1ae8e0411b3d28
  custom:scripting/monoscript/fileName/ViewSwitcher.cs: bb22cc2814598bf2511f6c811c1dc194 -> dd1f6d6bc6ad5beda69b13cdb560799f
  custom:scripting/monoscript/fileName/RepositoryListViewItem.cs: 2f16ba7694ec7934685021093e722c4e -> 3cabcd81911a2500dcd9e2b6ffae3f00
  custom:scripting/monoscript/fileName/InspectorAssetSelection.cs: 71ba78e42827a9b22a9a6016733d756f -> 4b3c1ae4c44d88205aef26229acfe022
  custom:scripting/monoscript/fileName/UVCPackageVersion.cs: c4d95cb84d9d8dff4727eba6b0a64378 -> 
  custom:scripting/monoscript/fileName/IncomingChangesTreeHeaderState.cs: f578f4545f0afb1f0a2de9a25e26e33b -> 9fcb97ef2da44c66332f5c6800c2e6ed
  custom:scripting/monoscript/fileName/EnumerableSetUpTearDownCommand.cs: 6c84bee1095d71c3f496285ac7de29fb -> 16b603dbb9724508977696171a42991f
  custom:scripting/monoscript/fileName/DrawTextBlockWithLink.cs: d38f3ee197d9063693d0301d5157b32c -> 1d43814d810f0d56e2964ad3b72f271e
  custom:scripting/monoscript/fileName/EnumerableTestMethodCommand.cs: dfec1548954add0987599d6dd0f01df0 -> 9040b48595c4d63d6c1126d81d3f1105
  custom:scripting/monoscript/fileName/WorkspaceOperationsMonitor.cs: 5f05751fd4d94e02e79a5bf200f98f9a -> 43dcc435c252a54bdaaf4d6588b7d66e
  custom:scripting/monoscript/fileName/EditorCompilationInterfaceProxy.cs: e4c0c6a3551d03ebd5ce8bc0c8444c16 -> 12bc7b3dd0ab2ff83629d76ca37d0d4d
  custom:CustomObjectIndexerAttribute: 9a22284fe3817be447336de3de66b15e -> 
  custom:scripting/monoscript/fileName/TestResultAdaptor.cs: 39fb6e85727c0d47ffa8785f61586e3d -> fb4db3971d5379750cda884e7e44e3e4
  custom:scripting/monoscript/fileName/PostBuildCleanupAttribute.cs: 31fa08dd08b1105fe7a49dcbe5b1ac85 -> 71391ff444f943d9ad8dd0d42b7ac81f
  custom:scripting/monoscript/fileName/ShelvesSelection.cs: 05891c88858e4ac7776c0c0c49b5b74f -> 8a3e11e7cd7bbf10b24988c7bf636dea
  custom:scripting/monoscript/fileName/TestTreeData.cs: 0f4cb01478895c7c3d9e4409dc682c1d -> 1859d24be324d8fb87ab0c693d76d928
  custom:scripting/monoscript/fileName/Vector3EqualityComparer.cs: b5ef1af8e8222802b1e616dabbbf7eb3 -> 1c8652cac1f220d6409ab1ba3f211615
  custom:scripting/monoscript/fileName/ScriptingRuntimeProxy.cs: e5e5d36b9b276c8f6937a94b5dfabde5 -> 19d9ac4d844404a0464698120ed39275
  custom:scripting/monoscript/fileName/MacOSConfigWorkaround.cs: 8634a542fc5c45ea8cd9a8244bf2c871 -> 9fe61e763da506601651f6c451cecb0a
  custom:scripting/monoscript/fileName/IncomingChangesSelection.cs: a96a5a084d59fe3917a3831b68fa9479 -> d86f9f4463e6f9d99bb815e1f018ccf1
  custom:scripting/monoscript/fileName/AddMoveMenu.cs: 07e842d83dd343358454fef0a7927a0d -> e681c3341f01390e9c1d636ae93280df
  custom:scripting/monoscript/fileName/RestoreTestContextAfterDomainReload.cs: f915dc737a51db5619c0ddbc3d7e4801 -> 3f8ddcbc7c316ccf5012287995780eb2
  custom:scripting/monoscript/fileName/PlasticProjectSettingsProvider.cs: c126b47f9f934d48f0646c249a5bfcca -> 8c4ae1aeb34c51d2a5a8924265075ff2
  custom:scripting/monoscript/fileName/WindowResultUpdater.cs: 62ee47153c9bac0200ac618954dd51d8 -> 605812b0e2a9a0174e15ed86a3d5ac57
  custom:scripting/monoscript/fileName/Icons.cs: fab81a9d523e5a61e28f0f54bbcc88b3 -> abf089f96620a0dfa1fac77a06c6c48e
  custom:scripting/monoscript/fileName/AssetMenuItems.cs: 9ce81cedb8e568c6b7b646aa6263645b -> 
  custom:scripting/monoscript/fileName/ToolConstants.cs: a088b027c7b0922429c756f12b0507ea -> 3b0d2490617bc7f94a0bdab65a399e1d
  custom:scripting/monoscript/fileName/MergeTab.cs: f39dce5bbfdc053d284a55fc102a8be9 -> f0a9f00e065364eb63b070091ade67f8
  custom:scripting/monoscript/fileName/IAssemblyWrapper.cs: c5aecaa35bc67342edbe5a12fdcda610 -> 993dbd556e2f14ec6d4f6bce6cb00191
  custom:scripting/monoscript/fileName/UITestRunnerFilter.cs: 06335d4aeb6c8af701629dcac5fd648c -> a9e31eaec62dd508fa917eadb1c52808
  custom:scripting/monoscript/fileName/IUtpLogger.cs: ebcfd45287927053700f4f66ff35b501 -> 1b41334d9fc4fd5edb024e0bd2a6db56
  custom:scripting/monoscript/fileName/GetSelectedPaths.cs: 02423a81496d6c63598b5cdc203f4354 -> be35dd49dddd53fc840b9febf21b4d0d
  custom:scripting/monoscript/fileName/TokenExchangeResponse.cs: 0dd9138dbeab6f132711a5b608de5c13 -> f20183d4cf939766d3c1e15cc3bec2e3
  custom:scripting/monoscript/fileName/ChangesetsTab_Operations.cs: eca44847b108faefa69f8c525242c965 -> 3290c4c0cd248666e01a08ee6d621249
  custom:scripting/monoscript/fileName/ConfigurePartialWorkspace.cs: 309d4276b0164b05348aedbd51cc0b2f -> 10fcc6b6d43dd5ed36c43c6f7b5906c4
  custom:scripting/monoscript/fileName/OverlayRect.cs: 59d6887e4803f8a44ffaa0409470e410 -> 
  custom:scripting/monoscript/fileName/ValidRepositoryName.cs: 43c262be3f66a970816e3d3a3ee8872a -> 56bcf92a3678f6ad6215cae2e4914cfd
  custom:scripting/monoscript/fileName/OtherOptionsFoldout.cs: eea27b9873519c1ea7c35b8afc1b7947 -> cc8f3a7680050422963ebd2bf169a841
  custom:scripting/monoscript/fileName/BuildTestTreeTask.cs: 96cb982a37fe5925168754787bdebc15 -> ca4a5380bc07f43d0ad6bc5c2ca39b4b
  custom:scripting/monoscript/fileName/TestListGuiHelper.cs: 6d40eb061ebdba07e078b90b14eadffd -> 
  custom:container-demuxer-webm: 4f35f7cbe854078d1ac9338744f61a02 -> 
  custom:scripting/monoscript/fileName/TestResultExtensions.cs: f40703becc02ea8bc3b6c19d19f9d745 -> 1c512e213c49ce6d72b9d37b957b9372
  custom:scripting/monoscript/fileName/GetPlasticShortcut.cs: 2a84c035152261f00e7e66eb44cd0ffa -> 5c2b7bf07ddd2284efc64b09ef0f1f72
  custom:scripting/monoscript/fileName/LogMatch.cs: 3705a2877c87af4c4355c7933d389895 -> fed715ef044674dde53628d58d931b50
  custom:scripting/monoscript/fileName/TestCommandPcHelper.cs: acbadd8ac17c9074f1c7f1b037d57596 -> f958b2880473418011bc0cda18245d1e
  custom:scripting/monoscript/fileName/CallbacksDelegatorListener.cs: f80c4f45fed6816f24285f468af00026 -> 
  custom:scripting/monoscript/fileName/TestRunnerWindowSettings.cs: edf34156a2b1507caf7c6651f5ea4bc3 -> fb70b758f65d0605100dbd9482b7158e
  custom:scripting/monoscript/fileName/ApplyShelveWithConflictsQuestionerBuilder.cs: e109c624745dcc4304c557872b253808 -> 02e4256f31bc905362a382e31c3387eb
  custom:scripting/monoscript/fileName/GuiEnabled.cs: 1b1658fd7715b5cc664c10a130c6b629 -> 7bb13fcc8d8cbd392e00f7232841f086
  custom:scripting/monoscript/fileName/BuildPathDictionary.cs: 943911b84162d26cea47f964f9a0a399 -> 9fabc7cc73fcfc50b8a3307c6aa6ec4d
  custom:scripting/monoscript/fileName/FindEditorWindow.cs: 2bb64182aef631315344623cf583c78a -> 8c3c78bb7e82ac5008f8a2b8a0d68cff
  custom:scripting/monoscript/fileName/ShelvePendingChangesDialog.cs: 47aa4c07d31152c0c1eff64d2ba76cc6 -> 86b1f48b5fbaffa67e939e7f404062e6
  custom:scripting/monoscript/fileName/AnalyticsReporter.cs: c71b24da736c66608a20411bc3a519d2 -> 990f0ccd7dd9ebe56483e30a572c9394
  custom:scripting/monoscript/fileName/TestEnumerator.cs: bf6d1620a5c6bd3f28c72bbfed80e429 -> 26328e1622cb69ba0b1e01e906e7f65f
  custom:scripting/monoscript/fileName/DrawProgressForViews.cs: c153245b67af73b7ee03f693a1127796 -> 068a172cb549ad77d9873d721698bd0d
  custom:scripting/monoscript/fileName/EnumerableRetryTestCommand.cs: 73d6d5af06eff02f63f972c0d9d4ad7c -> b281084796eb91cc19de80f3f2b73a56
  custom:scripting/monoscript/fileName/UtpDebuglogger.cs: 06c62e7bf4b353d0d89b78258065c40a -> 2f96cd7ac1384aa23e8238df80ef8354
  custom:scripting/monoscript/fileName/UpdateReportDialog.cs: 706e7e86547c339cdb3a4462e3f7a54d -> 087837d8f73228f1a817d0de82c77260
  custom:scripting/monoscript/fileName/UnityMergeTree.cs: f81f2d7551ab855fe9dc724f3f2e2892 -> 59edaa0a4669bbcb540a261166adc144
  custom:scripting/monoscript/fileName/CycleMoveMenu.cs: 91c21a0be9b3727d7673f94321029c52 -> b3993a7306fc941f55ca963833965729
  custom:scripting/monoscript/fileName/HistoryListView.cs: 527da2d093462f1c4a278d6957e7d5ac -> 7b2d1d2c12ab43d9d244e35197127919
  custom:scripting/monoscript/fileName/ChangeTreeViewItem.cs: 506ed128854137d9f75f9e3d2576a06b -> b0a38ce0a620643c776a3db4fd91bc4c
  custom:scripting/monoscript/fileName/QuaternionEqualityComparer.cs: 1bf489e3042604f863689ba3c73f9e1b -> 0787e0a336d915c2829c2f55fd970a0d
  custom:scripting/monoscript/fileName/ITestAdaptor.cs: 2a73ddc53f1c7b5bf11396536f687ca4 -> 1f6228260995615097fc339d08bee2f4
  custom:scripting/monoscript/fileName/BringWindowToFront.cs: 88b20f2a2881db6a013f54923d68cdee -> a30c7c1ba746c6d277a5aedd3057d15e
  custom:scripting/monoscript/fileName/ShelvesViewMenu.cs: 947ea245959bf421539573511c3a0058 -> da5dc74b3444288f443961ecab7245d6
  custom:scripting/monoscript/fileName/ITestSuiteModifier.cs: 2c6fc66f35fdd1866881280ae909eaa5 -> 4374b14ce25f3e6c8b983b3d579e38b4
  custom:scripting/monoscript/fileName/LaunchCheckinConflictsDialog.cs: 4417eba1591eccb2221bfdce0106c1e0 -> e2c1e3f8f4e14a62e4363fe6259adbc2
  custom:scripting/monoscript/fileName/ParseArguments.cs: 03c1a4d7e357164ca313a0019713c3db -> ae915d9f5fe287ced40627c9ca8bfafd
  custom:scripting/monoscript/fileName/ExternalLink.cs: 685ff1dd6f55eb61a1fd8af84a2aa7f5 -> a8ff952d8c27d10f226ab92b7aa83b69
  custom:scripting/monoscript/fileName/WaitingSignInPanel.cs: 247680fcfc6a176b9fa28a3df600a754 -> 7585e1c7111b6b900784e6d1c9454258
  custom:scripting/monoscript/fileName/RemoteTestResultReciever.cs: 3396dcbdb7cfcd933b2182fbc1532e1a -> 
  custom:scripting/monoscript/fileName/OperationProgressData.cs: 0db72349eeecbe9449a517b1d79cc760 -> 15f68712baaea535af36d9e0333c0a6e
  custom:scripting/monoscript/fileName/ExitPlayMode.cs: 64d4ea6d596aecaf913f45e499564e88 -> f2eb63cb1a92bddb334eb5c2d75abc43
  custom:scripting/monoscript/fileName/IStateSerializer.cs: c5a3e7fac8482b2fe72d059b34fdea4b -> 2c22f7cb714163eee04bfe4b72ec4957
  custom:scripting/monoscript/fileName/UnityTestProtocolStarter.cs: d1e78341b65caa27eeb465ea61128aba -> e4b107bc354fd6dcbd62420da6500b7c
  custom:scripting/monoscript/fileName/RepositoriesListHeaderState.cs: c0353a1af15ae4fd3d5a2a3cac816423 -> fb71b961ab7c924511a6b0e8680b60ee
  custom:scripting/monoscript/fileName/ClientDiffTreeViewItem.cs: 56be9d3aa410e770e75de2d8b93be89d -> 43bdd7aa5bf1aa039a5b572c119c38d0
  custom:scripting/monoscript/fileName/CreateWorkspaceView.cs: c40bc4c8524ef3e2374ef997beb2e4a6 -> 9ae2295080d141c0f12d02a71014e11c
  custom:scripting/monoscript/fileName/CommandLineArguments.cs: 0d20ca25f94249586a7c1484c469d8a2 -> 48a62ad3f817c0269ea7fc4a53799594
  custom:scripting/monoscript/fileName/BuildActionTaskBase.cs: 8f6297df34271fdb1ce2d9607ec6261d -> 90647cc400823b41df847a6cbfc29026
  custom:scripting/monoscript/fileName/DownloadRepository.cs: 46fc68d9cc4da8e8ed765ff28b2dd438 -> 5bad8d3f76a3fcb41a94637e37c11ab0
  custom:scripting/monoscript/fileName/ParentWindow.cs: 2476d8a6ba9c3055f984ac9792cae61a -> d6aa079e592e01701c5baa3ab98898bc
  custom:scripting/monoscript/fileName/OperationParams.cs: 091a140b35535b91c773ddf98925322d -> 3312c7a4424a66ffbf2f88f056f329aa
  custom:scripting/monoscript/fileName/IEditModeTestYieldInstruction.cs: e4c6a749d843914165935ce080f657d8 -> ad49fb85f2d4ed0badb27552deac0771
  custom:scripting/monoscript/fileName/CachingTestListProvider.cs: cac67f32d723c8745a1f511390945781 -> bfcb79acce43a93633071168c814d063
  custom:scripting/monoscript/fileName/SignInWithEmailPanel.cs: a5823728eb62cf6dbd8c933c1cb26f53 -> 6e8957c0ed7609303e68389067e72d72
  custom:scripting/monoscript/fileName/UnityPlatformAttribute.cs: 05ff6a4a5828d32604e864a3b44f3fb8 -> e79555e200698f1b55c6c54851cd369e
  custom:scripting/monoscript/fileName/TestStarter.cs: e2d0587cebe915ea1c55ef726c6bd082 -> d1bc3fba65bb4735afc3828355ea6c72
  custom:scripting/monoscript/fileName/LaunchInstaller.cs: f9b7c99441bc32980ce9b95be066824b -> b75efdf5909b501e06cacd9c66f75981
  custom:scripting/monoscript/fileName/GetWindowIfOpened.cs: 84a2356c61155912908cf98a62600c22 -> fd8bfd1a9b371371ebbff48e377726f9
  custom:scripting/monoscript/fileName/TestPlayerBuildModifierAttribute.cs: e033609ef117a17dda08e3556f30bfa5 -> d4ffc53911ef24dec9dc901e0444a77b
  custom:scripting/monoscript/fileName/AvatarImages.cs: ea6dca998cf0ec5122553a9e010ef687 -> 3aa8c25a350843151ec4070c820c411a
  custom:scripting/monoscript/fileName/DrawUserIcon.cs: 2f65feb9bed897237f97fbf9c5479092 -> 7d5385bf780ae84e648a8b49f8fe0825
  custom:scripting/monoscript/fileName/ITestListCacheData.cs: 1c95486e8d67b5eedd3530759306c580 -> 09682e3e03141d9f43100cdaff3665eb
  custom:scripting/monoscript/fileName/TestListCacheData.cs: 1f5a847fa8b54233f179d3f9f5a719db -> 295232838ed90f85679b2d004562d59e
  custom:scripting/monoscript/fileName/TreeViewItemExtensions.cs: d22abf8de7a9ab0e852b869a652f100d -> 6849c47ffa8623d630ef12f76bd49905
  custom:scripting/monoscript/fileName/AssetStatus.cs: b9ea657347f2c22e8e401cdb256c516c -> e017010009bdb28bcb0d7d8ef05e7dd9
  custom:scripting/monoscript/fileName/BranchesListView.cs: 334a3fb302f855f71fb71520fb442a71 -> 3f5ed9fe5a1bca512014ae1600ee1666
  custom:scripting/monoscript/fileName/DrawGuiModeSwitcher.cs: 363adc150c5f1c5059a678f179906090 -> d3be34a3134d3fe80ef6b14d0d519128
  custom:scripting/monoscript/fileName/Is.cs: 0371baf7f4d4fda1df93e36baa3a7f7c -> 6922f89182cd28e32ba48e34cda7947d
  custom:scripting/monoscript/fileName/TestListGUIBase.cs: 3323ae02564bf80ecb144d790edf3454 -> a2b53f3d1923dc6fb3d7f4c9f9855104
  custom:scripting/monoscript/fileName/WindowResultUpdaterDataHolder.cs: e4b0333fa05c0f3ef2128a54294a2588 -> 2de8ba1615f5d28c30d54411d42e2524
  custom:scripting/monoscript/fileName/UnityMenuItem.cs: 5f445176ad3735e69769d93250663be7 -> 73f3c859f1b5092ad362c09e23b3a922
  custom:scripting/monoscript/fileName/WebRestApiClient.cs: 8ab6ae74a3793a3375cc48f328048a82 -> 746756fd499dddd02a4e7ccdbac48be3
  custom:scripting/monoscript/fileName/PlayerConnectionMessageIds.cs: a896cc1ebb022b48f652641f623e4c5c -> 2e4b7265f0eeb40e1260d00fe6e4614e
  custom:scripting/monoscript/fileName/ShelveListViewItem.cs: a37862556d04b25f75804d991e109d87 -> 373418f0ae11fc25a26ff7fe4f472006
  custom:scripting/monoscript/fileName/OpenPlasticProjectSettings.cs: 5a86fd454f7c9f74b62653e269818d3f -> 
  custom:scripting/monoscript/fileName/RemoteTestResultDataWithTestData.cs: 21f6a5ed6216bf99941b16dfe0613ec5 -> bcf701fb298ed6f8cab894b203300c37
  custom:scripting/monoscript/fileName/SwitchPlatformSetup.cs: 86e207190212b6666c14096ec0beb845 -> 576de741bbd585688af4b8aaf70f0708
  custom:scripting/monoscript/fileName/PendingChangesOptionsFoldout.cs: 2a2f5a0ba87bd75c4475236a9a012016 -> f9e651bcc5d4441496c88ab59a32f360
  custom:scripting/monoscript/fileName/IncomingChangesTreeView.cs: d8c19bc81b07c04d7721396d2821d297 -> 96479648d4498738733254eb4e4c6fb5
  custom:scripting/monoscript/fileName/GenericProgress.cs: 11287c7d038c487f32d0c8edc476a32d -> 8492ec26f01fc248d3eb3c2f5b3b6c0f
  custom:scripting/monoscript/fileName/ShelvesListView.cs: 0763e4076b11a683fa148282680085c0 -> 01c1f087b2f83b458da6b8ad18736606
  custom:scripting/monoscript/fileName/MergeCategoryTreeViewItem.cs: c1ecd9dc0cd73eb7eb129994dedc1a91 -> 6bd59fcbfeafe06987a54631991d755b
  custom:scripting/monoscript/fileName/CheckinDialog.cs: 1709b78fae1329cc05fd4f39334b25f5 -> 702fdb8d0a3b4bfcb9ba109e71325cad
  custom:scripting/monoscript/fileName/SortOrderComparer.cs: 8f6297df34271fdb1ce2d9607ec6261d -> 90647cc400823b41df847a6cbfc29026
  custom:scripting/monoscript/fileName/GUIActionRunner.cs: 69af7de0762ed6d085feb4cc4b5101b3 -> 4a0608de635b0d82868d57923d68eff7
  custom:scripting/monoscript/fileName/PlasticMenuItem.cs: 30c3a785b4c2607e2ae9aad693d5f604 -> 
  custom:scripting/monoscript/fileName/PendingChangesTreeView.cs: f3722f38014385705913f17dbe0f90c1 -> 17142d220a0a50a3f3d184c4718a0da7
  custom:scripting/monoscript/fileName/TestJobData.cs: 45c2452d3aa545742dc2b57ad55fa794 -> b5764cc21ae3016cae3c4ce5053458f7
  custom:scripting/monoscript/fileName/VCSPlugin.cs: 69c1b7249af35f35848ae707bd5e7113 -> 
  custom:scripting/monoscript/fileName/RuntimeTestRunnerFilter.cs: 230571a0569274dbd5e47e4595a3be33 -> 526247a6af82c71973a55c9c5be36280
  custom:scripting/monoscript/fileName/GetClientDiffInfos.cs: 4ae14b15e2cf5177a84735548a44cdc9 -> f8db8e637ded2d5e935a953a13b85ebe
  custom:scripting/monoscript/fileName/DrawActionButtonWithMenu.cs: d7f31944358aed2f3ed3982246fca039 -> 8d4f5edd02a1dd0f38c4f2baf5ee8a33
  custom:scripting/monoscript/fileName/ITestSettings.cs: 608b72c12786bbdd128c096353cc10e2 -> 7d6676128f469c2eefb2813ec592ab4f
  custom:scripting/monoscript/fileName/ErrorListViewItem.cs: 9bf59c82e9c9992a012a3eb2b6c2bfe5 -> 509edc26860f8be303ec97d68aabc30d
  custom:scripting/monoscript/fileName/RemoteTestResultSender.cs: 570055716108540c9c34e71343ce0f03 -> 2b6acbe484994dc310d0ac406904e742
  custom:container-muxer-webm: aa71ff27fc2769a1b78a27578f13a17b -> 
  custom:scripting/monoscript/fileName/AttributeFinderBase.cs: b09010f5776af2a4f3460127027ca105 -> 7e104530f871143fdb60a169114dd663
  custom:scripting/monoscript/fileName/EditorProgressControls.cs: b1f133fa38afd918d537a72574fc93a0 -> 2e606eb01a6e6a567f3de9a0379ed3ae
  custom:scripting/monoscript/fileName/PlaymodeLauncher.cs: 3a6fe823ef85e4189eb7e25bbb98798f -> 981dc587e53c0f0d21b816af7469156c
  custom:scripting/monoscript/fileName/BranchesListHeaderState.cs: d47f1164fa7093137db851c4c16ffba3 -> 82eab21603f4efc696334ee80641c2c9
  custom:scripting/monoscript/fileName/ExitCallbacksDataHolder.cs: 2a73f9623aa81becb5d8d11a43747b12 -> 
  custom:scripting/monoscript/fileName/DrawSearchField.cs: b11b864a92c7d76f85d4ec87d6faf61c -> 3de70beba9f4447205d50241d95b066a
  custom:scripting/monoscript/fileName/PendingChangesTab.cs: c99065f3c85ec85c85ece2a1a30665af -> 15ae6787065f4af65778e981f418a60b
  custom:scripting/monoscript/fileName/TestAdaptorFactory.cs: ac39772b57c14123c1a057d315d0217c -> b9e4d12260befcd688940e2c80db8ee8
  custom:scripting/monoscript/fileName/IEnumerableTestMethodCommand.cs: e89b2da6fd5c9e148c3a0687c618f62e -> 81260787415c187c9e413e476b816cd2
  custom:scripting/monoscript/fileName/MergeTreeHeaderState.cs: d266e9dd03ced7ec66ad3688e5f18f26 -> 6293ca7f65e9641fcbe12100e705a990
  custom:scripting/monoscript/fileName/BuildGetEventExtraInfoFunction.cs: 1308a6936e8051866a117b3b7c2c7b77 -> 74bfc8c01f931108a3c2b127aa04cc8d
  custom:scripting/monoscript/fileName/ShelvesTab.cs: 88e0da7511313c57d3f51ba183c4d3fc -> fca0a219bdad45e636bd34724e5dc89d
  custom:video-decoder-webm-vp8: 9c59270c3fd7afecdb556c50c9e8de78 -> 
  custom:scripting/monoscript/fileName/AssetsDatabaseHelper.cs: 3deb384d73768aa5a87c1835c3d7553a -> e690d63c7b932a5efaeaf8c476198e75
  custom:scripting/monoscript/fileName/WelcomeView.cs: 07e35bfe1faa2c52c049eb30958acd54 -> f06c185659ea2f4a75f9397861dc6096
  custom:scripting/monoscript/fileName/DeleteMoveMenu.cs: 39c593e854a9a8ae0e6d34ceb587fce1 -> 4d026cbabd8105e38661f97da078042a
  custom:scripting/monoscript/fileName/PlasticApp.cs: c440a0fb380601a77ad475d6c15d4fa1 -> c57de230d90beac7b586f10b9c7c6cb5
  custom:scripting/monoscript/fileName/PerformUndoTask.cs: a88080dc60788c59917e5a5da2beea27 -> f38e53873dc9c7e638622dda18102b41
  custom:scripting/monoscript/fileName/ChangesetsTab.cs: ef408d8aaf89e01b17643ed0c836680d -> 46dde8f7856048792ad2e75490bb8c5e
  custom:scripting/monoscript/fileName/DeleteBranchDialog.cs: efbbc070bfeda2b746e8b15a4380cb26 -> 8549b0fc52962c89115fd78724fee578
  custom:scripting/monoscript/fileName/IncomingChangesNotification.cs: d7ac4b8f9ea939309b8ceb7f729100a2 -> caa8ea2c7336b9227381f0971759e01a
  custom:scripting/monoscript/fileName/DrawTreeViewEmptyState.cs: d4c16fd6aad8161eda7d99fd74cbb08e -> 
  custom:scripting/monoscript/fileName/ErrorsListView.cs: cc3142391037796392fcd3fe860891dd -> cd35171982f17897dd5148dda46e0956
  custom:scripting/monoscript/fileName/UnityPendingChangesTree.cs: fd6f0a038401268983bd9328d10dec93 -> f391d9a00dc9e202cee4d4ebcf6d21c0
  custom:scripting/monoscript/fileName/RuntimeTestLauncherBase.cs: 545e0e1c1701551e51a349e0cfbf7e09 -> 9c570bd0d91da3e5211e4436ad92314b
  custom:scripting/monoscript/fileName/TestActionCommand.cs: 9d9a215c413c4354b3d31801a3312f5a -> 753f99c04dd69dc2a43030237870dd1f
  custom:scripting/monoscript/fileName/ClientConfiguration.cs: 5f5e47bfb7cedc7420d7e59c6d7ae6f0 -> 01b18b09a6dbb3756e1f42a5b64aab0f
  custom:scripting/monoscript/fileName/AssetVcsOperations.cs: 50ee89e011ba3d800b4e7a9a24aca7e1 -> 
  custom:scripting/monoscript/fileName/BaseDelegator.cs: 39f1c059498e3e1e37d5e631bbc24cc7 -> d270baecbc007d1328bc5c9991d1dea9
  custom:scripting/monoscript/fileName/TestRunCallbackListener.cs: 6d0e8c714fa72bff0fe809d3fbb8d587 -> 15fa13086a2949901b1e4a3584b83cd8
  custom:scripting/monoscript/fileName/IOuterUnityTestAction.cs: 1f62717facda0b560b4af9da3d21fc98 -> 58e7f8b884a5d88e319b8f448f29bfdb
  custom:scripting/monoscript/fileName/TestSettings.cs: df291dfe8fbaf1e1f1d4ae4925c14a92 -> d583ccee803a035f2d53ba29374aac19
  custom:scripting/monoscript/fileName/SynchronousFilter.cs: fb46e705a687283ca79c6357a2f78760 -> b84da53d6d10348793b3683f19a6d4b3
  custom:scripting/monoscript/fileName/PlasticDialog.cs: b0aae1bf1889af041741f324070b7b84 -> 63a17a2b696bc2a13c9046aa16f8cea4
  custom:scripting/monoscript/fileName/LegacyEditModeRunTask.cs: 2b5f09ef7f63773ca676d71969800516 -> 
  custom:SearchIndexIgnoredProperties: e643bd26f0fe6173181afceb89e7c659 -> 
  custom:scripting/monoscript/fileName/AutoRefresh.cs: 9d30d5d3f0e8985355be1ab597da1dbb -> 0a8afde180a876655ad16caa14493409
  custom:scripting/monoscript/fileName/PlasticPluginIsEnabledPreference.cs: 7953272c37f4a828a3d1096e7479f346 -> 
  custom:scripting/monoscript/fileName/GetRelativePath.cs: 9b16eb2de9e98b392077181cc34243c1 -> ab04ae5e0cafb93ebf5c96148bb52df0
  custom:scripting/monoscript/fileName/UnityEvents.cs: 253411328de37811883aded592b97268 -> c830e584565fcd66ca0d5a23ad8b9bd6
  custom:AudioImporter_EditorPlatform: d09bf68614088b80899f8185d706f6e7 -> 
  custom:scripting/monoscript/fileName/DeleteChangeMenu.cs: 540c783b689e4d6a4a383862455d5d39 -> bfa368dc06e11abcc107d6f80c7c19c5
  custom:scripting/monoscript/fileName/PlayerLauncherTestRunSettings.cs: 5d2b9db2556b475d527662dfc40538f1 -> ac04d6a6a9c6380f318071a2f4da8a2f
  custom:scripting/monoscript/fileName/SelectNewCodeReviewBehavior.cs: df6e8e132199ea6ec467c9bced11011d -> a16edf3a8c3e5ac26863e890f68fd937
  custom:scripting/monoscript/fileName/DockEditorWindow.cs: 581124d5e19667105f2446d6dfbf7982 -> a9e5e467234133af999283610b6e84e6
  custom:scripting/monoscript/fileName/ActionDelegator.cs: 0b37ded58104f18659a880de95881951 -> f2eb6c2fd33630cfdd6d3183b4a2ca3f
  custom:scripting/monoscript/fileName/ITestRunnerApiMapper.cs: 864c8f6cc3985f3365e8b5f02afeb230 -> 337d02b691c8103d2eedc6b52f4f76ab
  custom:scripting/monoscript/fileName/RerunCallbackInitializer.cs: a2ca4a4e4bb070fd30ec377e61ed66cb -> 
  custom:scripting/monoscript/fileName/ICallbacks.cs: e6fb4966887be0b97bef44d92d561a69 -> a9c5fd289272fce7e09c7f3e5f11b8a0
  custom:scripting/monoscript/fileName/ProjectPackages.cs: e247c98bd45807b228765f9a94d82145 -> 9e9e13e39b2e9718b602503b87245c18
  custom:scripting/monoscript/fileName/IEditorLoadedTestAssemblyProvider.cs: 0be7fc5fa38a5453fe58cce555760ed4 -> cbb3f715010afa8cd4f0f40294bb78ba
  custom:scripting/monoscript/fileName/BranchesSelection.cs: 7eb1fcb556f0fad697e4ec9d989be099 -> 33b36e7b03910960966036894ec90c7c
  custom:scripting/monoscript/fileName/TestListProvider.cs: 58a05dfe9100cc52adea57fc4a0b6c62 -> f8235933605b6a025c9638df0194bf97
  custom:scripting/monoscript/fileName/SaveAction.cs: b68fbb4319dbb368959c40781b39fdf8 -> 27c387bb58f3a69b0c9ff60d2209e18f
  custom:scripting/monoscript/fileName/AutoConfig.cs: 6c4e7f9dc55323aa1299debfe9723aa6 -> bf4bbd2f2e752464ef51dbf102faed17
  custom:scripting/monoscript/fileName/InvalidSignatureException.cs: 293ad969d76fdecf7dc5f86949047e54 -> f250eccc836ee674127ecdee41f7a4ea
  custom:scripting/monoscript/fileName/UnitySetUpAttribute.cs: 4ed69b5a4764c67bceaa6f04d0d8776f -> 78bcd37bf54751e70200df4ae24f405b
  custom:scripting/monoscript/fileName/DiffPanel.cs: 02288a38bd14cc2b52a25b302a6f154e -> 210366dab3631628227b9406f87a9b7f
  custom:scripting/monoscript/fileName/PlasticAssetsProcessor.cs: ff731c8aacf4a537dc74c7cf9eaeaed0 -> 
  custom:scripting/monoscript/fileName/PlayModeRunnerCallback.cs: 10f699e46ae6f3eea3e1c18bf2bc25ed -> 6cd874bc3032a6eaf4228f5877b27ba0
  custom:scripting/monoscript/fileName/DrawActionToolbar.cs: 52293cb82089e0370f52e257f41c0869 -> e05748a99799f26304c1bbafd90f703b
  custom:scripting/monoscript/fileName/TreeViewItemIds.cs: 7d654a2b5b3a10da3e7d8472196e96d1 -> 0cdf409b5aa8d4c25876d72b5c6a3b60
  custom:scripting/monoscript/fileName/EditorVersion.cs: 70953c9eccf7726f70c672a9a51619e9 -> 698aba075b19a52a056d67a7b809d179
  custom:scripting/monoscript/fileName/TeamEditionConfigurationWindow.cs: d06f049421c16e5927ec29f770917e09 -> e53b1ca5561894aaeff930afb696d001
  custom:scripting/monoscript/fileName/ProgressOperationHandler.cs: 5fbb4e0f656dcfaa4498bd2e492e4710 -> ec62666c0ca1649dd33cc6bc6834c6f7
  custom:scripting/monoscript/fileName/UnityPlasticTimer.cs: 961fdb6492c99b4a3eadbed28e78c4b0 -> 6c887e722e951c2964523825cad70c4c
  custom:scripting/monoscript/fileName/TreeHeaderColumns.cs: 9fc4a0396a421346b8aa3b7788860851 -> 316e5ea62e66b20fd6e687a6b9e5958e
  custom:scripting/monoscript/fileName/MergeOptionsDialog.cs: 25ac62df73845405e13f44e4dfdcf0d1 -> 9250ce23d260ab84f87bd5899c6cf983
  custom:scripting/monoscript/fileName/AssetFilesFilterPatternsMenuBuilder.cs: 8fe5de6e5dc3d42fb7e95de2aaedbf5a -> 0d99e7514c6a33cda8314deed8f34bc5
  custom:scripting/monoscript/fileName/ICallbacksDelegator.cs: 3824b8185f5cd32ad0de995dbcedd1e3 -> 2bfa822de05a601b9fbe2f79d4d317c0
  custom:scripting/monoscript/fileName/MergeTreeView.cs: 143a828a1a236483d3cdc1d010ce9d51 -> 3feb38cec50d3fc7576ddbf07a9a9ce8
  custom:scripting/monoscript/fileName/TestAdaptor.cs: 8d757a7cd1f19e6976312b3b884a590f -> 486cec8559bad7c56adc699f165feb67
  custom:scripting/monoscript/fileName/PlasticNotification.cs: 3629fdff9f054b2013702f5b131b2c47 -> 
  custom:scripting/monoscript/fileName/TestStartedMessage.cs: f3c1a94a591f54531913c8a032d9a4b8 -> ac38229ae4e3c67de75cf9d77c73b95e
  custom:scripting/monoscript/fileName/CallbacksDelegator.cs: c76e06d7a0a6084464f55a923795d8df -> e0dcdade48f633c0a7cebc925bd686c4
  custom:scripting/monoscript/fileName/ConfirmContinueWithPendingChangesDialog.cs: c0e147ff008a0b77c9337132a3ea70af -> 77462b1904ad8f6fee2f8da4523d59fe
  custom:scripting/monoscript/fileName/ShelvesListHeaderState.cs: d3cea237aa496a145829475430d90f29 -> 287f23cbe09ecb9b28ec8dd05ede8846
  custom:scripting/monoscript/fileName/ChangelistTreeViewItem.cs: a4a6f6169cdb3afe249e104e2b7b1a2c -> 87f69636be8bd1a264ec4eac1bffa701
  custom:scripting/monoscript/fileName/PlayerLauncherBuildOptions.cs: 1155187d1390024c0e84b222b67c4059 -> 39352f62028667e3cc8d13371f828f55
  custom:scripting/monoscript/fileName/CollabPlugin.cs: bda741ff77a19affbf276298e29313ec -> ca276d65e7cd77c5c99d9f119ffdb215
  custom:scripting/monoscript/fileName/TabButton.cs: 757146b89ed597b1d75c77241e5d5f63 -> 
  custom:scripting/monoscript/fileName/RegisterFilesForCleanupVerificationTask.cs: 89d04f0389116a1354de9cde88045aa7 -> f18fd2d946c9ea52b8232f47d6d70221
  custom:scripting/monoscript/fileName/LaunchTool.cs: 3ac53c8af1f56365aad9e1ae5366d98d -> 60773d78646dc188d4b2caca77f20b17
  custom:scripting/monoscript/fileName/RunModal.cs: 33b931100ee477e6812324eabaa2e837 -> c83ee2ef642c5d8b8dfd32f033bfc438
  custom:scripting/monoscript/fileName/TestRunnerStateSerializer.cs: 68058e60ab6d5d33b7935f4205c97bb2 -> 7206f4f1eb4c5991ea76b5c39830dba4
  custom:scripting/monoscript/fileName/BranchListViewItem.cs: 8fdaa5aa842f5a70237affa304b9d506 -> 55028f4aef24d6227589aaa95582b2ff
  custom:scripting/monoscript/fileName/LogEvent.cs: a1178cf4bd49345a2f924044f341effd -> 9bf386b9808c16608387e196f7a5e9d6
  custom:scripting/monoscript/fileName/GetAvatar.cs: 07c98163f75f0b7c672bd453fc82bf61 -> 04ffae2a9e5a4c32a119f93144f558d2
  custom:scripting/monoscript/fileName/PlaymodeTestsController.cs: 7726dd936e1c608c494987ba2754eb47 -> 59c9d4597d46ecf4c6fbc8f49c64d0b9
  custom:scripting/monoscript/fileName/MoveAddMenu.cs: 81d47caeb9f49803adfe1627c8ce5bf4 -> 1fbfab870b2e95fdd8a81f6019f764df
  custom:scripting/monoscript/fileName/FindTool.cs: fc3b0710b24078288fe829d0bb041dd0 -> 2f9d82566cfb01fb68fc30111fb47624
  custom:scripting/monoscript/fileName/ChannelCertificateUiImpl.cs: 75d7831ab5da75cc0082e28863abb142 -> cefccf1e13b7bcf15e3c9f2dd4cd2fc8
  custom:scripting/monoscript/fileName/ApplyCircleMask.cs: 02eb67e485278e7c9b719fee5ff90f4a -> b955b378d261fdcbd6272fe8711d1e4f
  custom:scripting/monoscript/fileName/TestListTreeViewGUI.cs: 5d4e7ac9fc0c5382f19d49599ef6cbd8 -> bf873c97e960a33b0be65a5b638e7ff5
  custom:scripting/monoscript/fileName/TestJobRunner.cs: e4deb98063838e020557c338e0bd4ebb -> 1c3d9f2bfcdac33a01c4bb25c392ab4f
  custom:scripting/monoscript/fileName/TestRunnerCallback.cs: 61231fce5590e38bfc5e9165e9803d8b -> 
  custom:scripting/monoscript/fileName/AssetMenuOperations.cs: 131bfc7279b97eba576abe13a47f8f91 -> ebcce67603e288b4a84d49287db6ef5a
  custom:scripting/monoscript/fileName/ShelveAndSwitchOptionsFoldout.cs: 676902ec49ff9c5abb2a832f067966e8 -> e7b216a23869eafb9aecd00a8905fafa
  custom:scripting/monoscript/fileName/VisualElementExtensions.cs: cd98f4a51563fccdfc39eed097290325 -> 0aad2728225c469038631668406aebb3
  custom:scripting/monoscript/fileName/FailCommand.cs: fba5f7b9c1e8d00f41e9076aac4a1d8d -> e0622be95cb9f4c04ff53066589d6d7e
  custom:scripting/monoscript/fileName/LocksSelector.cs: 70b046a562568fd78d093736e68a3a58 -> 7b0f4fc5552c1d92ba7f4648526ceb21
  custom:scripting/monoscript/fileName/ListViewItemIds.cs: 8f6297df34271fdb1ce2d9607ec6261d -> 90647cc400823b41df847a6cbfc29026
  custom:scripting/monoscript/fileName/CreateWorkspaceViewState.cs: 1deb37b3c17c224d9a7dca9c990ea191 -> 0fe23b7cca9336b31a27790c714de652
  custom:scripting/monoscript/fileName/MergeLinkListViewItem.cs: ebc1e6f9e3a3005d8f4c51a794adfdaa -> 3fa407d29597803190dd374d88ed170d
  custom:scripting/monoscript/fileName/DrawCommentTextArea.cs: ad5449f632fd412ac0f7ba0d171fd453 -> c58c26552f95f108a8d9610eaf001fbc
  custom:scripting/monoscript/fileName/TestRunnerApi.cs: b582e8d89da1ce04ff5e8605fa1b5a2e -> b5c17af6fa247dfc791b512a209021d3
  custom:scripting/monoscript/fileName/ErrorsListHeaderState.cs: 9141660c9776c5dac5f980fd03a672a8 -> b961336a4a43551eb826f97c57673007
  custom:scripting/monoscript/fileName/MergeViewDirectoryConflictMenu.cs: d45972e8b5f74223c607a4daa895ff3d -> fad8e1937fc14fd75ca21a68ee1037b8
  custom:scripting/monoscript/fileName/RefreshAsset.cs: 4479d2949a66a97f66d1e550067f3767 -> 5a15c606785f1f54a697bb0d0d846dfb
  custom:scripting/monoscript/fileName/IUtpMessageReporter.cs: 02b26b8c414970dd7d96e6dcfbe9a861 -> e8e6a62b6032a5642706a62156dd8314
  custom:scripting/monoscript/fileName/BoolSetting.cs: d67f952c3a5976591f3e9a9e7356bbab -> 12bf039ccd38b0f4ccfffbec3cbbf108
  custom:scripting/monoscript/fileName/IErrorCallbacks.cs: 525b2a3e515b976057d42e4abfcec602 -> fd7a49712e8a919d38dd0fddef8872df
  custom:scripting/monoscript/fileName/IScriptingRuntimeProxy.cs: 207c12828ef43f5ca31b3bcec485e9f7 -> c75af2a6ef439df9f19f151aeb5749ea
  custom:scripting/monoscript/fileName/ExitCallbacks.cs: 716173503afdef0ae4c4023adba1972e -> 
  custom:scripting/monoscript/fileName/CreateChangelistDialog.cs: 774371d4233cc1d394d98dc80507a1f8 -> 386b03e27c951c5f1d63daf7aae486ca
  custom:scripting/monoscript/fileName/ImmediateEnumerableCommand.cs: e79fd27a9b7f6505ae6a4aa7c72274db -> 89dd27d23dccf969b99d79611e8fed9a
  custom:scripting/monoscript/fileName/ApplePlatformSetup.cs: 4b442da1fea709240aeaf74bde720d3c -> 0ceeffeb4378c50fe08ff9b5d16a73f3
  custom:scripting/monoscript/fileName/HistoryListViewMenu.cs: 15a489e494f04a7ea37a587c7601070e -> 29770348599c8d5473b78d72e5741b40
  custom:scripting/monoscript/fileName/MergeViewFileConflictMenu.cs: d7362b83d6b320a0f0ceaf99dbe21727 -> 8fc0f292158abfa71c2c7b3b6f38d32a
  custom:scripting/monoscript/fileName/FilterRulesConfirmationDialog.cs: 5186d89f21d03764f0cca01c2a0122d7 -> 9c91c6c91f20e6d013a753f32343b327
  custom:scripting/monoscript/fileName/LogAssert.cs: 8c30e2367a22f747fb9a538551ddb198 -> 195ab501c85f741ece9ac8b49385dcce
  custom:scripting/monoscript/fileName/ChangesetsSelection.cs: d154d1782ed752b83834c54a0bde3df9 -> 8b9d539af9f7e269bac4e3d79e9ffab8
  custom:scripting/monoscript/fileName/ITestListProvider.cs: 4f1a13a1dbecabb9f7515cef8fe120ff -> 0169c532d74787e64cd4163cd55d4572
  custom:scripting/monoscript/fileName/AssetPostprocessor.cs: 96208057b904410715a8df295ba4f8f4 -> 
  custom:scripting/monoscript/fileName/AllocatingGCMemoryConstraint.cs: 2542b507c3de77a99c0db5c1357ffb65 -> 8b2ed7fbfb529ba318fb8425f7a81278
  custom:scripting/monoscript/fileName/LegacyPlayModeRunTask.cs: 8a159c990fea520d0af36b86d243e79e -> 
  custom:scripting/monoscript/fileName/IsResolved.cs: 67a72533af97b9ab7830798057ab806c -> f54a3e2c5134aa4306f9ad150b1911a9
  custom:scripting/monoscript/fileName/TestCommandBuilder.cs: 7c013615052dfed5e39b8bb914f01cb8 -> bf61faf29c0aea0c4e5d4ac76abaee13
  custom:scripting/monoscript/fileName/LocalStatusCache.cs: a558fcf5f34357bab4cfc7b75e2bb356 -> 30974ea30517fbfd1b93153f6c849a76
  custom:scripting/monoscript/fileName/ITestResultAdaptor.cs: 8d865eb70a8464f5288b9274d9abc979 -> bb9e1bbb2ff45e5a5f11e877a24721d7
  custom:scripting/monoscript/fileName/RepositoryExplorerDialog.cs: 143e7416b576681e1f2ea71288e530e6 -> eea34924da79ad7254f3e141a891c78d
  custom:scripting/monoscript/fileName/Vector2ComparerWithEqualsOperator.cs: b6f6b1f33f1b74ed974042f5e0303f0d -> 1851f392f974d4a42efb0de68a402e9b
  custom:scripting/monoscript/fileName/TestFinishedMessage.cs: 90745d8bb0dd1bfeebb724d118b2d483 -> ccd3538dc4059cd71acd9bfea48dbc80
  custom:scripting/monoscript/fileName/BeforeAfterTestCommandBase.cs: 8f6297df34271fdb1ce2d9607ec6261d -> 90647cc400823b41df847a6cbfc29026
  custom:scripting/monoscript/fileName/Vector2EqualityComparer.cs: c680a095e66b9bf90931050b8b145b65 -> 4ac8b0db10bbdb7ea68d4be944c5b941
  custom:scripting/monoscript/fileName/ITestTreeRebuildCallbacks.cs: c7090567546723c1f0a184a18f5ac1fe -> f952713f83d574a58f719696be7e52a3
  custom:scripting/monoscript/fileName/FileCleanupVerifierTaskBase.cs: 50c4fc5e4ffaa31cb467fc75616b7129 -> 8c0e90b329ac988e22429767c222f3c6
  custom:scripting/monoscript/fileName/UwpPlatformSetup.cs: c89362d564a60469ebbb75e8e12d340a -> b9f50f93de5f547a7eaf96f1bc58a80f
  custom:scripting/monoscript/fileName/WorkspaceWindow.cs: ff52e13cd29dacd66db0169e14f71a23 -> b042f06133312d3bfed176231d97d77c
  custom:scripting/monoscript/fileName/BranchesTab_Operations.cs: 764cb17e9337c58ad4f5304b60b2042e -> 57c33f76c527a5aba4d269245ffff188
  custom:scripting/monoscript/fileName/DiffAndMergeOptionsFoldout.cs: 080cbf9242c0571bafa2e45ef8932448 -> 2810bae564e92b04bc7ebe4e47a2880b
  custom:scripting/monoscript/fileName/PlasticShutdown.cs: a8df8eeeed98372d06e446171a192a6d -> 
  custom:scripting/monoscript/fileName/FilesFilterPatternsMenuBuilder.cs: 28072cd275c96994687e6d4d0d6e1dff -> cf716a8d336c8113475a9ca67a799ec1
  custom:scripting/monoscript/fileName/TestRunnerWindow.cs: beab6dc6591535c1b37ec310f1e15af0 -> 156fc89bab7bdd82ca70e07c9aa9ebbd
  custom:scripting/monoscript/fileName/HistoryListViewItem.cs: 2d3b1fc954b6bdbae298ec250ade0663 -> 96f2b67ec620b83e35d13f11877e1ac1
  custom:scripting/monoscript/fileName/RemoteStatusCache.cs: 00463e6b90cfe7da080d7c266f783980 -> 402d5663f3675e9324c129274b0c00f2
  custom:scripting/monoscript/fileName/EditorWindowFocus.cs: 1012e4e2e29e9b29bdcc03d8b92762a8 -> f258b0cf85078a7435d001e522d5e8e3
  custom:scripting/monoscript/fileName/EnumExtensions.cs: dbfa4dc82972125e904bf705c452c1b9 -> cda0742409c4e8ba02ffb7d89dff3e4b
  custom:scripting/monoscript/fileName/ColorEqualityComparer.cs: 9c477fa3f8fc3439b732377dad0e7a34 -> 9ae684bc4a6b608abc9f7f131bd7cb1d
  custom:scripting/monoscript/fileName/NewIncomingChanges.cs: fc48261878ef7e4b956e7172f5803aee -> 
  custom:scripting/monoscript/fileName/IAsyncTestAssemblyBuilder.cs: f88864ba85e2ec28df36a1a7af1974da -> d4bd9849c11964145b1082a4b1d477fa
  custom:scripting/monoscript/fileName/IsExeVersion.cs: 093723a3ef9cbad630dfdc60c764eff0 -> 9ef63354090e3419637bfe79e3489687
  custom:video-encoder-webm-vp8: eb34c28f22e8b96e1ab97ce403110664 -> 
  custom:scripting/monoscript/fileName/UnityIncomingChangesTree.cs: f774bb8bf0bd45a254894c795843c695 -> 42967773c43d3de5d23be4ddc6dfd9c4
  custom:scripting/monoscript/fileName/RunData.cs: 91eb6697698b63fe6764d1aca25f1f65 -> 772bee3d6504258eed6027a2ae076850
  custom:scripting/monoscript/fileName/ResultsSavingCallbacks.cs: aaf02a1e7a92c3896802c1deb489aa0f -> 96b4b28711ac58ce3dc199f3f7371922
  custom:scripting/monoscript/fileName/RerunCallbackData.cs: 4e0f854372c4476a9269ddc9aa7c8edb -> 
  custom:scripting/monoscript/fileName/UnityDiffTree.cs: 447fc3a8922f56330f4bae8c9dc9a8be -> 1029ffd567bc0e646e6b119719dcb2ff
  custom:scripting/monoscript/fileName/TreeHeaderSettings.cs: 114eb9e27124403e8e111494b8eaf987 -> 662b1714c0fce36da72bbfe60201987a
  custom:scripting/monoscript/fileName/PostbuildCleanupAttributeFinder.cs: 23c3a89f1d3b5b5defeaa7555afa30b6 -> a060814a414a9bab17671800d815861d
  custom:graphics/hdr-cubemap-encoding: 01000000000000000000000000000000 -> 02000000000000000000000000000000
  custom:scripting/monoscript/fileName/UnityConstants.cs: 323df5e3c80d05e06517581c776fde34 -> e3d3c3e11a194da9e5bbbfb97087a7bd
  custom:scripting/monoscript/fileName/IsExeAvailable.cs: 3e4283303610c884e542b8f6d3e922d4 -> 4a3dbc5ded94087064afd97407f26631
  custom:scripting/monoscript/fileName/LoadedTwiceMenu.cs: 961f9b82936caa7937046ac23d323c2c -> b54aa2e14eb740621bb6f926af7cb8ef
  custom:scripting/monoscript/fileName/IRemoteTestResultDataFactory.cs: c24506e6d6305475bf6a430f77ac582f -> 75d430448dca0118dc834f9aa964be1e
  custom:scripting/monoscript/fileName/TestRunnerUIFilter.cs: d43f81399e97649a77164015894ec5cc -> 15cddad256d0a7abe9cb58af110bbb72
  custom:scripting/monoscript/fileName/AutoLogin.cs: e67ed70aada38469aeb667115929c368 -> b4cb98371fc38cca00d7123b7e649e12
  custom:graphics/active-color-space: 02000000000000000000000000000000 -> 03000000000000000000000000000000
  custom:scripting/monoscript/fileName/DrawMergeOverview.cs: 1db93bf179b38015949e3a3cb6ef1bd3 -> 49e0e525c3c170f79c20dc6779b7ead8
  custom:audio-decoder-ogg-vorbis: bf7c407c2cedff20999df2af8eb42d56 -> 
  custom:scripting/monoscript/fileName/UpdateReportLineListViewItem.cs: a101f0ba5292fc139445870b3f4af838 -> 9f63395e1ea590dbbab4d59cd0032ac4
  custom:scripting/monoscript/fileName/DrawSplitter.cs: ec7e8739eacabcca3e2946d9833eea0f -> d2f114a8e8e4167f7762d835a83b2f55
  custom:scripting/monoscript/fileName/IAssemblyLoadProxy.cs: df5d93b09382b84c770bb8c70be641c2 -> 10a2bd4f9f1d29ac107ff7e510533c16
  custom:scripting/monoscript/fileName/LaunchDependenciesDialog.cs: e1c527862a66e73f0417ae177d7fdfb5 -> 2cabf22eb95430074b6c730a84e03493
  custom:scripting/monoscript/fileName/EditModeLauncher.cs: 9a2b5bcdc6140673378e5f8105411606 -> 
  custom:scripting/monoscript/fileName/CredentialsResponse.cs: 96b135ae1c4ea541dc762170ea524fa9 -> 3dd2507693e56dac75ee7783f598cbb9
  custom:scripting/monoscript/fileName/GuiHelper.cs: ce709a7d3615bce262722b2ac52d710b -> 7bbb51d455f8994ae6185c7dee04068a
  custom:scripting/monoscript/fileName/LaunchDiffOperations.cs: aeae601320588a70eea7590a2f7e0f69 -> 871a0804a9fe2d9f2ad088303a89a63e
  custom:scripting/monoscript/fileName/PlasticSplitterGUILayout.cs: 111849f67dfbfea65ad2a9298ad1654d -> 
  custom:scripting/monoscript/fileName/TestFilterSettings.cs: 5275be823d4854688aedadf9bf48dfa8 -> 
  custom:scripting/monoscript/fileName/PlaymodeTestsControllerSettings.cs: e4d6c3f42e8f4d17c80242b34c68fd06 -> 90cec9ec9d50d9e797d7b80fa88b49ed
  custom:scripting/monoscript/fileName/CheckinDialogOperations.cs: 0b2a2cd4c41cf1865a29cf91b2a96a48 -> d032d69e8060311c06b88286e8f22ddd
  custom:scripting/monoscript/fileName/StacktraceFilter.cs: 0a3b08d5dc42e75c1d72e2851ec00d95 -> 2f4728b5b8f653bd2197ec8c4b722e7d
  custom:scripting/monoscript/fileName/PendingChangesViewMenu.cs: 68fab310addfd7068cfd7920070496ff -> 9b0019b6df6bb14eb3a2dbafa53fb54b
  custom:scripting/monoscript/fileName/SettingsBuilder.cs: 2166bdf8e77dc5f252cf6909a9196c25 -> 9aeeee75a181ed82e0343a1fb6b9cead
  custom:scripting/monoscript/fileName/SetupException.cs: fa81854dd78d6f47fd79d813aacdb097 -> 38724dd55c58f65b09d9fda4b6161021
  custom:scripting/monoscript/fileName/AssetsSelection.cs: 35cec24e81f0cb1de51daeb356abc4ff -> 0227d7ff4d5687932d10967a945a9b06
  custom:scripting/monoscript/fileName/EnumPopupSetting.cs: 8f6297df34271fdb1ce2d9607ec6261d -> 90647cc400823b41df847a6cbfc29026
  custom:scripting/monoscript/fileName/PlasticConnectionMonitor.cs: 920e8e381bfc94da8bb69d336dda57ca -> 
  custom:scripting/monoscript/fileName/HistoryListHeaderState.cs: 6226ef13a567fa81584864f8698be331 -> a87e0364d14866c369ad50d669bdfa85
  custom:scripting/monoscript/fileName/EnableSwitchAndShelveFeatureDialog.cs: 2cb9334d072aaff777efab2d72a2583e -> 03bdf2f298649e7c429ac90c7a3c461a
  custom:scripting/monoscript/fileName/CloudEditionWelcomeWindow.cs: c886fdb39f4b8787e6ea3701a8f88f4a -> b1721e471183956468462f6b64901640
  custom:scripting/monoscript/fileName/AssetsPath.cs: 367269acf8f676d2cdd30fdc387b3920 -> e0e986124adc46d913f0683c34b88c9f
  custom:scripting/monoscript/fileName/LogSavingCallbacks.cs: 273a5ca581d39891e634ebf18363d22c -> 8eb93b3e2c76ea1a8acb6e2d0b5c5f91
  custom:scripting/monoscript/fileName/ITestAdaptorFactory.cs: bdc8323a65aed17f1190c56e7c6cfc5f -> 0cef1125679c38dd172e82c8aed26eb9
  custom:scripting/monoscript/fileName/MetaPath.cs: 1f80313a7ce6ec6ece505285578f5745 -> 417a84eb354831f828a6752b26c8592d
  custom:scripting/monoscript/fileName/TestListJob.cs: 12fc4e0dee9c9032467b6469e3bed3a6 -> 3a58b9c1d09f7f4ecb41254c8497b5c7
  custom:scripting/monoscript/fileName/AssemblyWrapper.cs: 27441573157e5964a8aeb7d356d13908 -> 888ba979193ec837feef9add74101219
  custom:scripting/monoscript/fileName/CredentialsUIImpl.cs: 90e9c2de8d7bdd8424e0d89c415108ae -> dbacf67c37819fd95562fe169e706732
  custom:scripting/monoscript/fileName/Executer.cs: 115c3fa08937a7411c01dd40a690d19e -> 3f667ef14fa1c500658713b8aa31fd85
  custom:scripting/monoscript/fileName/FullNameFilter.cs: 03e8efaa11fd7332f02cf89719dd5868 -> 7c49c279cb0d631ca64d8b7d70065d9c
  custom:scripting/monoscript/fileName/PlayerTestAssemblyProvider.cs: 4e1569ec89688dc213248db31fc5f2f8 -> cbdd04f669e4e0054bad4f9d3133a10c
  custom:scripting/monoscript/fileName/ChangesetsViewMenu.cs: b720f0168f4ce1b1e0d358a6d5ec9a42 -> 7d1a2de81910b5990e71a0bfff26fdca
  custom:scripting/monoscript/fileName/AssetPipelineIgnore.cs: 0d6998b45aa259f19df735cf43f30691 -> 09786e27e9aef22fa608d3ec356f88ff
  custom:scripting/monoscript/fileName/UnityPlasticGuiMessage.cs: 2a7f71f59c0d7dc731fd345a3713957c -> 24eef0792e3802809607a7f9d04b8f1d
  custom:scripting/monoscript/fileName/OrganizationCredentials.cs: ee462057b3bd23cc3dab953ac4d656e2 -> 0b123406cadd651e9adc01c85fab5124
  custom:scripting/monoscript/fileName/PrebuildSceneSetupAttribute.cs: ab58680b1420f8e2f2a2597e848d8216 -> 7863da9f66129a3cef8eac0a1f19b990
  custom:scripting/monoscript/fileName/StatusBar.cs: 2c8c488a8bbfe924f6b53b202ff6aadd -> 
  custom:scripting/monoscript/fileName/IsCurrent.cs: 7343ceec4312304bb8b398eeb6c375fa -> cf1fd01890d0fd9f011c1a1a491e2cf0
  custom:scripting/monoscript/fileName/Message.cs: 6525f110369b368a724db9468ed4c271 -> 671a789acb2c7a93d0b620fe02979957
  custom:scripting/monoscript/fileName/TestTreeViewBuilder.cs: 8dcd834c64e4c5915b417a6eadea3b2a -> 6e6e33e8d70cf17e89715badfaf4fed5
  custom:scripting/monoscript/fileName/EditmodeWorkItemFactory.cs: 59e0f470d3c4d6fcf2997a182c89bbcb -> e9c8ba8d2a4b7d9a886e64626b2e6205
  custom:scripting/monoscript/fileName/TestListenerWrapper.cs: d3b4dda00570273ec0c1794249fac5d6 -> 9bd83ba3a6a675f3c605795064caa62b
  custom:scripting/monoscript/fileName/ChangesetFromCollabCommitResponse.cs: b986ab8b1acd322b0367812e2d541734 -> ba336e4117e1b7ee28e4c17197bc3d0e
  custom:scripting/monoscript/fileName/MoveToChangelistMenuBuilder.cs: 3a2ef8cb0baf69e5dadeafc731fe32a9 -> a90b3e388d3e1316fa104d4c9a03e2d1
  custom:scripting/monoscript/fileName/LoadingSpinner.cs: b3299af90b664a9f42123e7df43fae24 -> 6aff0ac022d117a8e24a7b5e4b11904c
  custom:scripting/monoscript/fileName/LocksTab.cs: 134c512484ae73354c15c06a6dc69f9f -> 00ffb5a39c16fdc2d733c7e53471a3a9
  custom:scripting/monoscript/fileName/BranchesTab.cs: 764cb17e9337c58ad4f5304b60b2042e -> 57c33f76c527a5aba4d269245ffff188
  custom:scripting/monoscript/fileName/ExecutionSettings.cs: 3e46076abe70bbfac850fc39d98561b1 -> bbd5f229f5dcda0d2d7d6fe8eb266a59
  custom:scripting/monoscript/fileName/ToolConfig.cs: 18b1ea271ce5e7b6deea7b4e8e175269 -> fcffc3165b047f54ed6ccafa4c8760dd
  custom:scripting/monoscript/fileName/DropDownTextField.cs: e66e7314096900597993d2b353757d8d -> c8fc484ce140049ff31ebc2c6cbebf28
  custom:scripting/monoscript/fileName/CallbacksHolder.cs: 064e7d359062664728ef608c9f03a07c -> 8b4255bb9b31589c4c3dd9303007381d
  custom:scripting/monoscript/fileName/AssetsProcessor.cs: 47679a6e15b70f4fef48eb1b2df31b19 -> 18737889e95cd4088e8dfd4153fa8f40
  custom:scripting/monoscript/fileName/DrawActionButton.cs: d847a7d82ac92cab2b3d0ae268cefb3d -> 81e6708d2b8fa199354e53f85db731a8
  custom:scripting/monoscript/fileName/TableViewOperations.cs: ddc7b903e0dbd6bd109f2bd709b95f0e -> bef3a31deb1fe794a90f767d16e4c868
  custom:scripting/monoscript/fileName/CategoryFilterExtended.cs: 4662b13a61207dc88937c796423baa70 -> fc9bf6f795e045112c18a4c1343c1ae1
  custom:scripting/monoscript/fileName/UpdateProgress.cs: 5b04f01bf199310f09ab9522f89c78f4 -> 281e1e05168d6a30be1d8d2f6200bef8
  custom:scripting/monoscript/fileName/RequirePlatformSupportAttribute.cs: 7ce6733bee18de599a69cb974c92fdb6 -> 6918694e41aa1ffd5ee72bd04646d4bb
  custom:scripting/monoscript/fileName/OrganizationsInformation.cs: b3f0758c6655b2dad1161792812992fa -> 5f067ea8d90fc79055a3dcfd58ae6dca
  custom:scripting/monoscript/fileName/ChangeDeleteMenu.cs: 652dcd6f863c509bfa0376b6d95ab1ec -> 4fefe66d6e279ce0ac2fdc57d409f232
  custom:scripting/monoscript/fileName/SubscriptionDetailsResponse.cs: e10e0299ef716630c63b8cf5f792cda0 -> e5121cec860a6d1097cc809217b3d8fe
  custom:scripting/monoscript/fileName/ToolbarButton.cs: 47dc767626bbd94d66707af31ddc5eb6 -> 
  custom:scripting/monoscript/fileName/DrawProgressForDialogs.cs: 5f8d39e3ea7c4a42148c6b1a7b4ca061 -> a5f2abd8875e7a6afbc171fabfbae81f
  custom:scripting/monoscript/fileName/TestPlatform.cs: 1e3283087fad58204285b5e9c2e16b4e -> 63c69f9b78d9a1c2cdf167569fd572b6
  custom:scripting/monoscript/fileName/ProjectViewAssetSelection.cs: 349dc288d32791de51156d4e59000b7b -> 2560eadaf6a13a74a46a4a207cd5a8b6
  custom:scripting/monoscript/fileName/DrawTreeViewItem.cs: cceebc4f1185658619e40964f29acb08 -> 0921a62a588ab864253743d1f07afb5a
  custom:scripting/monoscript/fileName/RemoteTestResultData.cs: ff93ebb056d1cf8fdc7e897597b04ef6 -> 68a2b51f8872b9ef697b2155d9835735
  custom:scripting/monoscript/fileName/DrawSceneOperations.cs: 2426c0c2ee58cd28be59874f6425940c -> d87f46f9fb97181a2f51490ea2e1efc3
  custom:scripting/monoscript/fileName/IMonoBehaviourTest.cs: 272926e14fa72b11b0070eae8b5853ef -> 93dca3fac2d68012529173d3e7bc10a2
  custom:scripting/monoscript/fileName/CoroutineTestWorkItem.cs: 8fab9934b84f896f44392a777ae472de -> 8a69ee5c1adc29acc0a66cb7df14cbcf
  custom:audio-encoder-webm-vorbis: bf7c407c2cedff20999df2af8eb42d56 -> 
  custom:scripting/monoscript/fileName/DrawActionHelpBox.cs: dcd6ec2e7fb1b44f22c4a79ff87b70cd -> c8f6be9dab1e6f8d71e0c63c29679186
  custom:scripting/monoscript/fileName/PendingChangesMultiColumnHeader.cs: 21802cc6929e0e180fb4f0be8e34d9d0 -> 722de7d6e07a79981d750438e6febb8f
  custom:scripting/monoscript/fileName/EditorDispatcher.cs: c739e073a8c38dbcf59192f45d1004c5 -> 3c402eae57d73cc54863f3f6a13096ae
  custom:scripting/monoscript/fileName/MovedEvilTwinMenu.cs: ce111941dc7264d29598ce7fd2770927 -> d480b839850d28c1c9526cb587fc752d
  custom:scripting/monoscript/fileName/UnityWorkItemDataHolder.cs: 5e123fac5cc49e9acfe91048eee308ae -> 94e44d74f673f889418b2b9926b6615c
  custom:scripting/monoscript/fileName/ICallbacksHolder.cs: e330f681a4da017eb82339063a410722 -> 790e89a97c8150c3044e584386d3ba9a
  custom:scripting/monoscript/fileName/PlayerLauncher.cs: 7004f613ecfe1e179e7b362c88c3ddb7 -> c1129f48ad00377c128c470482bb7e8e
  custom:scripting/monoscript/fileName/UnityCombinatorialStrategy.cs: bd44b85caa82e1f08c977cc9d9157c40 -> e857e6faada8b59173cb249a8a6be6fa
  custom:scripting/monoscript/fileName/IIncomingChangesTab.cs: d4ceabdc48d8a1872bbe87f04d89a4ff -> 40644cd18074db84684b9e437bf8fa77
  custom:scripting/monoscript/fileName/CoroutineRunner.cs: bb2107d11619bb60075736a2632662be -> 06bef19f6905915189ed09a2db9f2885
  custom:scripting/monoscript/fileName/ConstructDelegator.cs: 7526886647893577a45527c0f6393600 -> c271ca33e5434ac87e82546dd149c303
  custom:scripting/monoscript/fileName/UnityLogCheckDelegatingCommand.cs: 109adc74b3ab14d952109f6ed35bdacf -> 410acedf83a5c4e9d5a212b5635d0c88
  custom:scripting/monoscript/fileName/GetChangesOverlayIcon.cs: f00e4b795697c6cf3092760f3b6fc49d -> d599d6efdee28305661bc0cf6683858a
  custom:scripting/monoscript/fileName/ShelvedChangesNotification.cs: 13b6a2ccd8b4ac1f5ee30c8404cea3b0 -> a27e9e7b242b904f41fc1b16d3a1b3fd
  custom:scripting/monoscript/fileName/ILogScope.cs: dd29c4b8ed4c54280ca787c474cdd843 -> e99dd640a2ac2c8b1c0c97725f23440d
  custom:scripting/monoscript/fileName/EvilTwinMenu.cs: 475a88947051822ca4915306469f9bcc -> 919e4faae0573e49949f6dfbb5a733da
  custom:scripting/monoscript/fileName/ChangesetsListView.cs: caae0aefb36c869f50691482a5cd0944 -> 87b74e0d80cf59010f55e2baaeb6679d
  custom:scripting/monoscript/fileName/UnityWorkItem.cs: 03c602cd83845fe6265dc83816099666 -> ce02ef2c77c866afeb6c04a89a364a8a
  custom:scripting/monoscript/fileName/UpdateReportListView.cs: 2d8fccdaad50bbd7454b52cf9cb4a0f9 -> 08d26df1ab6c3a7628addc5e54e50b08
  custom:scripting/monoscript/fileName/IAssetsDatabaseHelper.cs: 8bbb0e39e3cfde6c5b6c11074d90971a -> 4f8027cddf715e38f75ab454f20fe051
  custom:scripting/monoscript/fileName/UnityConfigurationChecker.cs: 59a8f0715a7c89a752351bf42f94abbd -> 874cd65cce0384fef4b60e71fb08a429
  custom:scripting/monoscript/fileName/EditModeRunner.cs: 0c2c70d0e910f1733ef8492efbf3dda1 -> f1ceb581ae48e42ca32e80f796ce45bc
  custom:scripting/monoscript/fileName/ConstraintsExtensions.cs: 19d048a2938a4b2b178e7e91279126b7 -> 89e01f1f8de15d891db3bad70117d924
  custom:scripting/monoscript/fileName/UnityTestTimeoutException.cs: 7c70971bbddd1caf6485b8c5b935d369 -> b7ec28ea102309dc20886c45fff1e1b5
  custom:scripting/monoscript/fileName/TestRunnerResult.cs: 2b3fdbda67626b6faa7139ccea15b17a -> 613fb3e1dfef14aa9d5aea2cd635ffff
  custom:scripting/monoscript/fileName/UtpMessageReporter.cs: 6f35c7d2ea8786c1fd8fe557180d6c38 -> 1ce82c57220e51532d6b3e5da0cecc24
  custom:scripting/monoscript/fileName/EnumeratorStepHelper.cs: a2fa98a2f974f377b9c2905ce60dea0f -> 05022a723dcf173476ccb43403871168
  custom:scripting/monoscript/fileName/PlaymodeWorkItemFactory.cs: a61a7bf2d749182a50c049a0ad4afb89 -> 8bb2d7c0ad22b08cf17b1748007ae8c3
  custom:scripting/monoscript/fileName/CheckWorkspaceTreeNodeStatus.cs: 5e11ff64963669981115eb58dc2b6e8b -> 1e1255b803bf7cbc935bb804bf0dbe7b
  custom:scripting/monoscript/fileName/RemoteTestData.cs: 5baf4798e5344c86aa4ccafb41b2624c -> 51ba1ddd57fb71948e60067806b9cfcd
  custom:scripting/monoscript/fileName/TreeViewSessionState.cs: 8333273b312d475b653610e2871c20a5 -> 9f39a2ca55a7481b8ba078d3a2b6815e
  custom:scripting/monoscript/fileName/StadiaPlatformSetup.cs: 589eaf4f5c2f63a79deb4c2735e3b746 -> 27e00e91e04b4888c1d6354fa4baa6a5
  custom:scripting/monoscript/fileName/ErrorsPanel.cs: 21fc210ee17d5e95782397ef8c7dafab -> 515b7ba9af5e7885ba3068b1d63c6104
  custom:scripting/monoscript/fileName/PlasticPlugin.cs: a57c142b98ca3d4daad221737fd72924 -> c64561980f26020cc3206ae8b1047268
  custom:scripting/monoscript/fileName/SwitchModeConfirmationDialog.cs: 4d9c02587760213784bfe53d012122b4 -> 30cd71d0b3ee4b2689cde689908d301e
  custom:scripting/monoscript/fileName/PlasticWindow.cs: fc467478941f610919bc69526ba2c215 -> 
  custom:scripting/monoscript/fileName/LogScope.cs: 51679d4f7708329af3d47e56656f8988 -> a032a8edefa3a04276b9f24e5047f2ac
  custom:scripting/monoscript/fileName/PlasticExeLauncher.cs: caa0b5dda5df50c85bb19d27252d16b9 -> f1da27253760250030952f02cb54965a
  custom:scripting/monoscript/fileName/TestPlanMessage.cs: 15cf5225dc1e7b1718be35fb09144b5b -> 6199b0505360321c39d00a607adaaf8d
  custom:scripting/monoscript/fileName/ITestRunSettings.cs: 7462715f6a540bde0acfd50948410d32 -> a5342276210c7f86635118880184dc77
  custom:scripting/monoscript/fileName/BranchesViewMenu.cs: 8089f11c30784e2e57775dd6cdbae898 -> 7bfc83e917c9b0b5aa423bb947ce2a38
  custom:scripting/monoscript/fileName/CooldownWindowDelayer.cs: 7816cfcad485500dbac9993c4502ea69 -> 4c95e39c8dd4cfa1bca106097fdb6524
  custom:scripting/monoscript/fileName/SetUpTearDownCommand.cs: 2a0e8cc178919ce84c52af1a4ddfce30 -> 684e5d1c75373405f8a6c9575324286f
  custom:scripting/monoscript/fileName/EditorEnumeratorTestWorkItem.cs: 7bf37d3cd666bc3e840f63f05aae4d05 -> b8f886476b7c18f3c1cdeae30ec0c8ea
  custom:scripting/monoscript/fileName/GetInstallerTmpFileName.cs: fa7bda723ac795b48e38504727f44981 -> d09e0b5c7a9af5874530e17ef23025f0
  custom:scripting/monoscript/fileName/AssetModificationProcessor.cs: a602c9e59e7db185e3a0d68d986e6fef -> 
  custom:scripting/monoscript/fileName/IsCollabProjectMigratedResponse.cs: 4c3294c6a51e6f42161d191230692016 -> af2b76c693935deee55cfcaed2aa7568
========================================================================
Received Prepare
Refreshing native plugins compatible for Editor in 33.72 ms, found 4 plugins.
Preloading 0 native plugins for Editor in 0.00 ms.
Unloading 1 Unused Serialized files (Serialized files now loaded: 0)
Unloading 1 unused Assets / (3.1 KB). Loaded Objects now: 4955.
Memory consumption went from 76.7 MB to 76.7 MB.
Total: 4.722300 ms (FindLiveObjects: 0.453600 ms CreateObjectMapping: 0.246100 ms MarkObjects: 3.973000 ms  DeleteObjects: 0.047500 ms)

Prepare: number of updated asset objects reloaded= 0
AssetImportParameters requested are different than current active one (requested -> active):
  colorSpace: 0 -> 1
  custom:scripting/monoscript/fileName/IPrebuildSceneSetup.cs: 086a540b86c9ccf5ce0a23935a64c98d -> c89711320cb5af11897ec50fd61d4419
  custom:scripting/monoscript/fileName/BuildMergeTabParameters.cs: 2c923f29302a39560b4301c3fd163a7b -> 
  custom:scripting/monoscript/fileName/IncomingChangesTab.cs: 8a20aca125f6d4b837670edb6e36bc05 -> 82bff1d960538992d4e618d909869d2e
  custom:scripting/monoscript/fileName/EditorAssembliesProxy.cs: 23426c61d1cfec53ec65b1ed2f77c773 -> ef0f2d44f3e723650bf58ba30866667b
  custom:scripting/monoscript/fileName/OuterUnityTestActionCommand.cs: eacf156fb6f74d2f6b697bf47e9a72eb -> 36c13d7d2a2c5c2f372e7b1c0cc06d4d
  custom:scripting/monoscript/fileName/TestJobDataHolder.cs: 1e3b4dec54d5610ff8a852c0a9fccf2b -> 2c9edeeac80ff44e86cac8087411d260
  custom:scripting/monoscript/fileName/DiffSelection.cs: 34faf7c86f7e0c9a01162e930679d82f -> 1460aaba4240ef35322cb9c198487990
  custom:scripting/monoscript/fileName/EditModeRunnerCallback.cs: 8a8dedaa2bec26f26744df4ec8e2f191 -> 
  custom:scripting/monoscript/fileName/EnterPlayMode.cs: 3cb26e64a9bc927aa1556d517c8e8a78 -> c730bf9ff77514bb260ba9933378e49c
  custom:scripting/monoscript/fileName/Filter.cs: 18ef22850e69a0e3e97548ae5b255f92 -> 935824dbebf762a19f2d4c4751625fe2
  custom:scripting/monoscript/fileName/DrawStaticElement.cs: 6cbd346d4a1be2ee84c9ebe55a7f9f79 -> 5765d84d60602f16f5577bf0b7fc6b96
  custom:scripting/monoscript/fileName/MoveDeleteMenu.cs: f1a7b8a8be76c035d934c51863f3b934 -> c4ad4528e772c33a6167006886a8d1da
  custom:scripting/monoscript/fileName/DialogWithCheckBox.cs: 738e3e0af97e826e16805dda77e5f009 -> 
  custom:scripting/monoscript/fileName/UnityTearDownAttribute.cs: 4a3d30720366843ca221fd554845c187 -> d90d4ba0821a80f48bd6cec8eab8964f
  custom:scripting/monoscript/fileName/DateFilter.cs: de3aab0283a2b4a1d4d64145b14132d5 -> 3a6cb8c2e3ffbb5a9052e322ee5bf411
  custom:scripting/monoscript/fileName/RemotePlayerTestController.cs: 83176596b43ae79e65d8c3ccfd7c1c75 -> e65e7856c7b5238a13243fffbf64f7eb
  custom:scripting/monoscript/fileName/ConditionalIgnoreAttribute.cs: 507a506f130880469465e0381c429447 -> 9f2f3d4c6b56d5f470ccdd0e1820d51b
  custom:scripting/monoscript/fileName/TestMustExpectAllLogsAttribute.cs: f1224ac9ffb401dcd2c905e6a783da06 -> cdf1c75549affd080e0ddbde5bcb7c34
  custom:scripting/monoscript/fileName/TestBuildAssemblyFilter.cs: e3ae3b9dfa7b065b08d520845d4f070d -> 056870da734fd8ecf77d00737a22149f
  custom:scripting/monoscript/fileName/ITestRunnerListener.cs: 07f2f49d67775d1bad20bc1589a5769d -> d52675266925b8e603f210be3981d59b
  custom:scripting/monoscript/fileName/PerformInitialCheckin.cs: be22d181e456c0a8a5713675f29ac72a -> 8ef9a9f407b8b94b2b5fad9d24e61f79
  custom:scripting/monoscript/fileName/ConflictResolutionState.cs: d9394655856a9fc1a0b280bc997bac16 -> 74a230000ff2fd58c5a60ab4258207dc
  custom:scripting/monoscript/fileName/IEditorCompilationInterfaceProxy.cs: e8a39ed00046a7b93647d4de1a3e0e00 -> b1e49de3ac2ed1feea91c5f6846d6e49
  custom:scripting/monoscript/fileName/EnumerableRepeatedTestCommand.cs: 229b55de651d474bc2ca3733382eef36 -> dbdc4517e80e66a31f48ce40e06931f2
  custom:scripting/monoscript/fileName/FindWorkspace.cs: 39bbd18bfe6bf4a99f5c185dcda4dd4a -> 6af6c9e9382fef881c020ab184e6f7f5
  custom:scripting/monoscript/fileName/CommandLineOption.cs: f2f0dbe72e14e05a5259c3e6cb3ececc -> 211f73ad4421274a5a418608b74cc839
  custom:scripting/monoscript/fileName/IPostBuildCleanup.cs: 7bc004ae26b110cd32d3401b0981f815 -> 8d43f6dbc44addb43106f91d15047771
  custom:container-demuxer-ogg: 62fdf1f143b41e24485cea50d1cbac27 -> 
  custom:scripting/monoscript/fileName/TestListTreeViewDataSource.cs: 8b5a59ec2d06d36e63ce53a34e1d591e -> 153f0d5d9a6099f80f6d26e9c0ad6b7d
  custom:scripting/monoscript/fileName/CheckinConflictsDialog.cs: d3af1d70d3f60a9847d2942647274222 -> e13fa04a97fb675842c94586fc602871
  custom:scripting/monoscript/fileName/CommandLineOptionSet.cs: 6bb45bf9141d4fec50aae5aa4651fa84 -> 57b6c3812f217f48a5cedf066a216cfd
  custom:scripting/monoscript/fileName/ITestRunCallback.cs: 0ac8617cc2dc9780c575b6eb03f6d505 -> 7d90e4d27cccfe89ef24a93578e15a74
  custom:scripting/monoscript/fileName/AuthToken.cs: d22b2893825e943bc1389be142abd57e -> 0fba7e8eb1ec8b699f274cdc956451b2
  custom:scripting/monoscript/fileName/ProgressControlsForDialogs.cs: 6bf8e69ac7dc2163fe988e5d8181ce88 -> 7e6bd1727985204e3b64e1946e589b1c
  custom:scripting/monoscript/fileName/AssetStatusCache.cs: beede06d8a6d93e7907fd192ad653f2b -> 260d5f85663ac58b2a7e9553c453bc3e
  custom:scripting/monoscript/fileName/IEditorAssembliesProxy.cs: 81289fa7514ad1168ecb67afff27720d -> 8586f95fda82b1fa948b8ac0ebb50a9d
  custom:scripting/monoscript/fileName/AndroidPlatformSetup.cs: 56c28d48cf01b1b2c96f64a6827ffac4 -> 67d5fa212608c900d88b1544a5f49997
  custom:scripting/monoscript/fileName/OrganizationPanel.cs: d7ac1288bef1b15a05bb26d201a4d87f -> 57a57e6a345dbd536e91c348b70943a9
  custom:scripting/monoscript/fileName/ChangeCategoryTreeViewItem.cs: efd70108e1f6ff61ed2723220486adfc -> fd14db176fff061715c8ec88ced1902f
  custom:scripting/monoscript/fileName/CurrentUserAdminCheckResponse.cs: cec2f173fe8732108711c497674c6f66 -> d57c2dcace740834acd59fdfbc5023b8
  custom:scripting/monoscript/fileName/RenderingOptions.cs: a84cebfad0b53e3dbf0202be3cc1d6d3 -> 
  custom:scripting/monoscript/fileName/WorkItemFactory.cs: 9cd58300f748e3250316447e9d2a8d06 -> d8b2e380888ccc980a475a01f04d7a45
  custom:scripting/monoscript/fileName/UIElementsExtensions.cs: a191d7293be4538b0adb29dfe5b06a46 -> 52e0d612ab032e4d22e9558b90396b99
  custom:scripting/monoscript/fileName/PlayerLauncherContextSettings.cs: 89c041e42e3e6c336ae4ddeb40f2d12f -> 3c0a34dce28ade8f88b3e213fadb0738
  custom:scripting/monoscript/fileName/CreateBranchDialog.cs: c429477092287209232592c8cde1a615 -> 9eb29fda08033b4f847247136c412db6
  custom:scripting/monoscript/fileName/RunSettings.cs: c8ba576640d505c59ca4d995eb1b55e6 -> 6770f3fdaf287e73ff6c63f28a5a7e92
  custom:scripting/monoscript/fileName/UnhandledLogMessageException.cs: d6d6ca25090fc3eec22959040bde30f3 -> fa6ee6fe2a221a71f213304ae56898c7
  custom:scripting/monoscript/fileName/EnumerableApplyChangesToContextCommand.cs: 7e82e96f40f2bf4118aab6f6aef1d287 -> c2aa6cedc66892dd581c50a4d9b6a147
  custom:scripting/monoscript/fileName/RecompileScripts.cs: 33cdfe80e47d8b05e5ee4c6c33b4993e -> 73e345449efb1420f34aad9debcdf2bd
  custom:scripting/monoscript/fileName/DelayedCallback.cs: 4d96f98a05296a6e495fa9916bc0a91b -> e88c5396d33adcd6404b4cb8a051b2b1
  custom:scripting/monoscript/fileName/OrderedTestSuiteModifier.cs: ddbca70bf46f5e4ca706b058ef23253f -> 6a8006d91a7636d39c6731494060c3c2
  custom:scripting/monoscript/fileName/DrawCreateWorkspaceView.cs: 6422239d8f649480614f0dd4f018b7f2 -> c6039ac84d85ab3926aa94de163a9f7d
  custom:scripting/monoscript/fileName/ProjectPath.cs: 5634ebdbea8ca94089eb9622d1b60497 -> 2007f972d3a73eeb86dfe05e849c7f69
  custom:scripting/monoscript/fileName/SSOCredentialsDialog.cs: 8967ceae1bc195ea8dd32b23c42dd852 -> e140ede12a96f68f30062138385171c3
  custom:scripting/monoscript/fileName/DefaultTestWorkItem.cs: df6f5a85dcc29cabfe426927cfff8766 -> f906b4fb5b78cb9d23a07212620919d9
  custom:scripting/monoscript/fileName/TestRunnerApiMapper.cs: 213999ba10693518027e8ab0204d1885 -> 241489454095fad1d1d89166ee62820f
  custom:scripting/monoscript/fileName/LegacyPlayerRunTask.cs: 328c044124055242f6ddb7aa596ab1d3 -> 148e0500b0761261bc418d25c26e82b1
  custom:scripting/monoscript/fileName/Vector3ComparerWithEqualsOperator.cs: 6b9a33545ada02177d266ed1f5b19290 -> c497cde63ec72672e5f69e70b932688f
  custom:scripting/monoscript/fileName/IGuiHelper.cs: c60290192a780a358cb4d2eed657f7f8 -> da57d3fb0f8ace42d5b01eed25e9e3d5
  custom:scripting/monoscript/fileName/DownloadPlasticExeDialog.cs: 2dd40c53d0303d041a27a44a95c331cb -> 093cfe0607c2346a88cdfdfe1435614f
  custom:scripting/monoscript/fileName/GetOperationDelegate.cs: e719058321e4f2be94be212e42f097c8 -> 
  custom:scripting/monoscript/fileName/OutOfOrderExpectedLogMessageException.cs: 22c4a953865c583fd55d80a54c5d6c18 -> 4ff78bac16cc86124e588c20ad3ddba7
  custom:scripting/monoscript/fileName/IPlatformSetup.cs: 9a0668684da27d1ddefa88d99d869448 -> 6f20476898784a15f8b8eb28653a67fd
  custom:scripting/monoscript/fileName/TestTreeViewItem.cs: 3239fe248332ddd6a904d9cb0680e538 -> aae3d62f4daf680133c1c18c7814d15e
  custom:scripting/monoscript/fileName/AssemblyLoadProxy.cs: c6dff8352382292b9959041d98303a41 -> 0f3a4ee005eb8f7b33161c2ba6196e00
  custom:video-codec-MediaFoundation-h265: 746d11721c4dcdbdad8f713fa42b33f4 -> 
  custom:scripting/monoscript/fileName/SaveUndoIndexTask.cs: ab03f94eed1b9c2e86cabe91ffdb6ab8 -> 6e0bcd5f418cf8184993174ac732fff4
  custom:scripting/monoscript/fileName/TestResultRenderer.cs: 9bb52db8cdd7fbc7b27d62af73d00df8 -> 2e8123de6d2eea4d42efb7a87e150b27
  custom:scripting/monoscript/fileName/WaitForDomainReload.cs: ec74674e8cae527fdeb410a81a4658a3 -> b6033700f0adcf3b23782f04c42e269c
  custom:scripting/monoscript/fileName/PendingChangesTab_Operations.cs: c99065f3c85ec85c85ece2a1a30665af -> 15ae6787065f4af65778e981f418a60b
  custom:scripting/monoscript/fileName/LocksListViewItem.cs: cc9cd24c5be4f7363367cba72f12aad4 -> f4a19fabbec093eb3d6a7e1cd4f42611
  custom:scripting/monoscript/fileName/ITestSettingsDeserializer.cs: e43933e90cb98a9555f922952cdb833f -> 22e37de7af2cea07971d0ba87110dad7
  custom:scripting/monoscript/fileName/UnityTestAssemblyBuilder.cs: 9b6ef4c0578639ba943c8f65e1e8d74d -> fa151eb16842256647a2914b37e4bf9d
  custom:scripting/monoscript/fileName/PendingChangesViewPendingChangeMenu.cs: 561ad0f702e1db14300a4a5f810051f9 -> 9a6ef2277212bf26d647c7f12f946287
  custom:scripting/monoscript/fileName/SignInPanel.cs: f7e82045994d4eefe3b021faa87b55c6 -> bac0318ce35e37bed3a2cc8137452435
  custom:scripting/monoscript/fileName/DrawInspectorOperations.cs: 61c4a6a6507d8f84ef5bdf5cba3f0aee -> 8c94fe642e98309082411f46db89106b
  custom:scripting/monoscript/fileName/AnalyticsTestCallback.cs: 86b513e5c36f0343183de924372e6da6 -> 70c2658c96c40ebe349fda85c81dae6e
  custom:scripting/monoscript/fileName/TestTaskBase.cs: 4b3bfcc0ce488c09e9c983c955b234c0 -> 162ca0c58961a22b2d7f2a866ccb62df
  custom:scripting/monoscript/fileName/DrawDirectoryResolutionPanel.cs: b77d9918f02a8eac64394aaf99fa4b28 -> e4e3c9b4bc511687802b504b71016540
  custom:scripting/monoscript/fileName/CloseWindowIfOpened.cs: d820344e932a12600b5fe6fb7e9f1563 -> ce229ef3b7461ff17e2c1af0695a6657
  custom:scripting/monoscript/fileName/SaveAssets.cs: e472a52843752df7d7ad4ca6b2c8da98 -> b56abea3d51c742ac29e4aec958afad6
  custom:scripting/monoscript/fileName/TestLauncherBase.cs: 55b4d99610fbeb9ecb7ee6ead3251104 -> c78237b225a855d3af10df4cd8d6a1b2
  custom:scripting/monoscript/fileName/FloatEqualityComparer.cs: 4dac02b3f722be0497415c960455318c -> 6ddc5d5b0944c660e6b695f37c9febc8
  custom:scripting/monoscript/fileName/ResultSummarizer.cs: fcfdcb2adeeb82cb8f411b44b44abdb0 -> 
  custom:scripting/monoscript/fileName/MergeViewMenu.cs: 93bc40369a2f104c249cef1d685ad358 -> c1676e16bdcf215f6595ea9de7a1fc33
  custom:scripting/monoscript/fileName/RepositoriesListView.cs: 9f95c83dc460fb03fb0916472f14b8a7 -> 95287f65338ca0073ad04002a16eaaf7
  custom:scripting/monoscript/fileName/HandleMenuItem.cs: 740e54c5f6dca1acc88cad87af74b744 -> b4ad1ecc5243212c5967125ad5e41b1f
  custom:scripting/monoscript/fileName/CompositeWorkItem.cs: 77037823112276c67676f1e42edf1cd2 -> bc884a89fde61fa75209209a03bbd836
  custom:scripting/monoscript/fileName/ScreenResolution.cs: 5c975132cf4e36dcc261bd0acd604271 -> 7bb7bb5b955671820101b322f0a7bf3d
  custom:scripting/monoscript/fileName/RunFinishedData.cs: 35b8f95dad4fefe115ad61c2c01125ab -> a22f15c3a79d1f15ccc31ec29ab37874
  custom:scripting/monoscript/fileName/ApplicationDataPath.cs: 8e4094e28762fb76a1baecfe90c6b65e -> 3e8c4ea8debfda8013fed860ac233d22
  custom:scripting/monoscript/fileName/MergeSelection.cs: 6deb9bc55c10a7ac7c9f905a7b92dbe8 -> 630eecd27cae3311e65e09d9c63da8b7
  custom:scripting/monoscript/fileName/PlayModeTestListGUI.cs: 9528035223f9376ea8c5bf32da2d30c1 -> 
  custom:video-decoder-ogg-theora: a1e56fd34408186e4bbccfd4996cb3dc -> 
  custom:scripting/monoscript/fileName/RepaintInspector.cs: f134606300316994850c28a68d0cb5a3 -> 
  custom:scripting/monoscript/fileName/LockStatusCache.cs: 5e3725e03dc21c716034553589a67eae -> e99b3f34c5cd3eb73ec19439af1f7f80
  custom:scripting/monoscript/fileName/DiffTreeView.cs: 68195907d129ef826aa6b6df7202696d -> 49f46fd2a65ea674a218eead75f27aac
  custom:scripting/monoscript/fileName/UnityTestProtocolListener.cs: 031f67bcc950e88772c7e00661691db9 -> 0d4d2ab58d3a081f00c0f200ee8696be
  custom:scripting/monoscript/fileName/DependenciesDialog.cs: 82d30fc8d5e1a73ec0d1ee9acc00fbc2 -> c8902186ab2f4e6471b5dd147afb01b6
  custom:scripting/monoscript/fileName/ChangesetListViewItem.cs: 95a197949f1e777703db60eea8cc21b3 -> d742a4910e302777daa1ccb9c8e92cb9
  custom:scripting/monoscript/fileName/LocksViewMenu.cs: fda08381fa9abca53b6eaf3bf55f14f8 -> 186d8514e824865b191ba1829afe4b33
  custom:scripting/monoscript/fileName/MonoBehaviourTest.cs: 8f6297df34271fdb1ce2d9607ec6261d -> 90647cc400823b41df847a6cbfc29026
  custom:scripting/monoscript/fileName/IncomingChangesViewMenu.cs: 5f96afa82d3e2a8078206b7f6d3b0752 -> 13196979a03411533716f6775c9a624b
  custom:scripting/monoscript/fileName/QueryVisualElementsExtensions.cs: 75ea535788abf9c38ba9341c984a6241 -> a49740b6efbb934f55475cc70b864a4c
  custom:scripting/monoscript/fileName/DivergentMoveMenu.cs: 5b146ed65a6a030ab7d86a0d711244f7 -> 98d76b5791494212a0c25aa6a4af7288
  custom:scripting/monoscript/fileName/TestResultRendererCallback.cs: 11a504294abe84b81ed7535d2d6b52d7 -> 215106b260625bb3e26681b849d9307d
  custom:scripting/monoscript/fileName/PlatformSpecificSetup.cs: c7583018fa54cbb13353f07300f73380 -> 0a7f9c0b27ae370d8bd5d3df4916ae28
  custom:scripting/monoscript/fileName/EditModeLauncherContextSettings.cs: 716154923321c522b7f6492b24dc4629 -> d1e413330d98a9101237ccbe91f95dea
  custom:scripting/monoscript/fileName/PlayerQuitHandler.cs: b367910cee7b2e682885ab95e27ec0ea -> b4085dee8fd70ae04ac96945fafed489
  custom:scripting/monoscript/fileName/WriteLogConfiguration.cs: 1a8401f47b522f631a3dc005105719f5 -> 1589212d1638ae91a029ea3ddf9999f2
  custom:scripting/monoscript/fileName/PrebuildSetupTask.cs: c7a55bff004702e0146f0b7de9de0c32 -> a4e888a510b1441a257b12183e59237b
  custom:scripting/monoscript/fileName/UnexpectedLogMessageException.cs: eb4b453bac6ce1ffa84fa1fcbecd8818 -> a7bbf32861c66018271b093fc1d1061b
  custom:scripting/monoscript/fileName/FileSystemOperation.cs: c31a686e69e66801c204a11be56c950a -> f0ccbe91654279794a85bf6f1c034716
  custom:scripting/monoscript/fileName/RerunCallback.cs: ffe49cf602017087ffa7749d06513ace -> 
  custom:scripting/monoscript/fileName/MigrateCollabProject.cs: af93695e471d9c8e4ad014c4165f2c3c -> 9f3487f03a783b35518405572f20ac9e
  custom:framework-win-MediaFoundation: 216162199b28c13a410421893ffa2e32 -> 
  custom:scripting/monoscript/fileName/ITestListCache.cs: 530322f74ae4ee44bba33a2f253d3260 -> 93f202374a8dd6602503d990ab2feb72
  custom:scripting/monoscript/fileName/TestRunCallbackAttribute.cs: 0f465317bd2bfaae92f90a6ee84c0d18 -> c61459d4a70eab5bd767d5a1f82f55d8
  custom:scripting/monoscript/fileName/ProgressControlsForViews.cs: 7d677c6df38ab15cf390062b5b0bb854 -> a8a18a90f46aa63848e1e45d8d7ff9af
  custom:scripting/monoscript/fileName/DrawAssetOverlay.cs: 04a46044def089f0abcdafdd281e3646 -> 
  custom:scripting/monoscript/fileName/PrebuildSetupAttributeFinder.cs: 2bad1feb91972325181c65f0d7b65426 -> 1f975f3a70c8f9747da919735d84e6c3
  custom:scripting/monoscript/fileName/ProjectWindow.cs: c62567a3d71fd74636bc783de5162474 -> 
  custom:scripting/monoscript/fileName/TestExtensions.cs: 06f4dc0f3112fa2e5582ace2497b1b80 -> 8e47deac44d7b87eaa5df5d00556dc15
  custom:scripting/monoscript/fileName/TestEnumeratorWrapper.cs: 3f82598f123760f637b0f70a1f287d77 -> 3e969f8448dc5644f60fbcb6f1badbcb
  custom:scripting/monoscript/fileName/MergeLinksListView.cs: 826afb5fb5988163105086b4bf5027af -> c9488671ae9b14523680d0c19097baa0
  custom:scripting/monoscript/fileName/UnityCloudProjectLinkMonitor.cs: a6d5b729fcd63f578363f7929a986e8b -> 86b74508945daf368996ea82904ac8da
  custom:scripting/monoscript/fileName/LogWriter.cs: a4f5ec34386b4e23f87b43dd16f6db46 -> 89105d9cfbe59e79a996dde998b3e7ff
  custom:scripting/monoscript/fileName/AttributeHelper.cs: 9458f4b34c0ac14db5c169abc8e43f94 -> dcab3630cb119e1a5f7f9c7b24677e49
  custom:scripting/monoscript/fileName/TestRunCanceledException.cs: 95340416bb18b4fa3930cdab2cc1fc66 -> ff7dc6bce365deb50fafe94b823009cb
  custom:scripting/monoscript/fileName/ISettingsBuilder.cs: 519472d4601ec620807556de1c3db699 -> af84c62ea6a033820a24a2d04c70d5c3
  custom:scripting/monoscript/fileName/Vector4ComparerWithEqualsOperator.cs: 3cde4a46f80e6bcedaef4297c8060490 -> 982db4358832ddfb456522b96543f1da
  custom:scripting/monoscript/fileName/UnityTestExecutionContext.cs: eca56c04b69a8399029cc9730daae5fd -> 4c0ef8e8d96fc20b3ec58c9447d6ec92
  custom:scripting/monoscript/fileName/EditorProgressBar.cs: 7418be9b22aaea32732f8a5f49569d1c -> 08c2f2b90ef64df631d46389f0e22c8e
  custom:scripting/monoscript/fileName/MeasureMaxWidth.cs: cd9322680ae61d38397008451b7ed0ed -> 1569e3f1dad91a9b01cba66ab6aa30b0
  custom:scripting/monoscript/fileName/SaveModiedSceneTask.cs: 135adac13be698ff4439d6c6268aa5b8 -> 
  custom:scripting/monoscript/fileName/TestSettingsDeserializer.cs: a44271a81256da8d6d9195e1628af709 -> 2daa2d89ea5f024d33cb1e72a3d35d63
  custom:scripting/monoscript/fileName/ChangesetsListHeaderState.cs: 69fc4f1a2bc3782d7043ec48961a3616 -> fe1392f9b135da83e13fe8a5e5f39fc2
  custom:scripting/monoscript/fileName/EditModeTestListGUI.cs: 8831f0ca2dcd13614282b516af72c688 -> 
  custom:scripting/monoscript/fileName/TestResultSerializer.cs: 52a416bb91eef89cbb19dd3cf67adb65 -> b75c8de5ed0cf8b4071350488249260d
  custom:scripting/monoscript/fileName/PendingChangesTreeHeaderState.cs: 7d278b5569d28437d07554a3bbb56e1b -> 5d7f70d142c9ac67864ec14950523d62
  custom:scripting/monoscript/fileName/BeforeAfterTestCommandState.cs: ffd46073254dc1bdb5c1bca6005d67d9 -> 590f9af42d8f6706b758d6c33b25bf7d
  custom:scripting/monoscript/fileName/MissingEncryptionPasswordPromptHandler.cs: 7f5831fc8a41e9cadd84fcfd0e885072 -> 5d7b9646eb14a39b6d3d5bab19d266ff
  custom:scripting/monoscript/fileName/ChangelistMenu.cs: ca33bac56b3a337faa90a1b1bba632d6 -> c1bf5aeb760cc5eae584ea3944d6531b
  custom:scripting/monoscript/fileName/NotificationBar.cs: d1a4cf5e8103d80fd25347275f906aa8 -> 50f1a85fa18d94338418def78dcd8543
  custom:scripting/monoscript/fileName/EmptyCommentDialog.cs: c9c28ff22d24598d7e4856f434bb1b92 -> 99cc06133e502eab7998108e26fd5614
  custom:scripting/monoscript/fileName/UnityThreadWaiter.cs: dbd556f2802baab90a20da38c288d36c -> 99333406d92d10003984b4d1920de2f9
  custom:scripting/monoscript/fileName/CredentialsDialog.cs: 179b5e49656a1623c2e79d838f0f5876 -> c785d5e40f8d66b7ef7ba04ee7c324e0
  custom:scripting/monoscript/fileName/ProcessHubCommand.cs: 30630f626164e285c361aa64e681100e -> 8ab0fc63fa4d9d749198dd61b09d7e37
  custom:scripting/monoscript/fileName/GetRestorePathDialog.cs: e21eb9983f0b989125951478cd5e9b35 -> 353d1126ca2d2063d5bdbd06806ffc08
  custom:scripting/monoscript/fileName/UpdateReportListHeaderState.cs: 64a5bf775d221ad9a5ff8c78a1e0e1fa -> d6cbe54be2898ed2c96c2e79572c2e08
  custom:scripting/monoscript/fileName/LocksListView.cs: 8c6202774eebcf67be9c3b5a2926cc7c -> 7aa51ff93bcc98aa05dec8b46ec200c4
  custom:scripting/monoscript/fileName/DownloadAndInstallOperation.cs: b043b8d5921892e87f4566e00162cff6 -> 4f4065aeafda2af0ec272a3c228e27b2
  custom:scripting/monoscript/fileName/DiffTreeViewMenu.cs: 3e62bfc69ca7486976988e151b88922e -> 8039fc4ecf68b3e966e1f4822789e7fa
  custom:scripting/monoscript/fileName/ICommandLineOption.cs: 147751a92efc4c8cac91a9a528c2fb1c -> 58da599070a3bdab08afc8355de79ed5
  custom:scripting/monoscript/fileName/UnityStyles.cs: 1a176026ce9da8057f3ec90dfe0bac74 -> bbbba3cda37678cfc74d71ffebf36e7f
  custom:scripting/monoscript/fileName/EditModePCHelper.cs: fed3c3b34697ace66d06f26c80e9297a -> e16a214ddb2d161f4792170cb0c8e6aa
  custom:scripting/monoscript/fileName/HistoryTab.cs: 4d086984813cd90d6be245dd8e03a2ba -> d57f000c65fde42a2228c7a105a836e5
  custom:scripting/monoscript/fileName/AssemblyNameFilter.cs: 6517804d9019b844c3f33c3b43a18f84 -> ce7ef29746fb23841833950bb87cfa6a
  custom:scripting/monoscript/fileName/HistorySelection.cs: 7c3afcf345a55e8b77ea41ca0f570218 -> 3d07a3d1241e204b5420d71f1137eba4
  custom:scripting/monoscript/fileName/CreateWorkspace.cs: 7b3086384e5ddcd73cd5064a3ce31cd2 -> 5256205b5cf0570b6f698c7abe518f5a
  custom:scripting/monoscript/fileName/ShowWindow.cs: c731454122754eec192bc3c53fac3d95 -> a6bb1d20733c178256b38974418d7450
  custom:scripting/monoscript/fileName/LocksListHeaderState.cs: b80c5f044f18764adef2e9dbea5f0fb1 -> c7fe4d3b5f954615048f8e79925d29e3
  custom:scripting/monoscript/fileName/RemotePlayerLogController.cs: 6007c2a9667c47ca237ace4f2531438b -> 158b55f2a8781eb1cac7ac26acd42fc6
  custom:scripting/monoscript/fileName/EnumerableTestState.cs: 074d7b301977647491f399c62e52cbc1 -> 30e3efb82d3f99d65cdecdd2f0bc0194
  custom:scripting/monoscript/fileName/CreateRepositoryDialog.cs: 1e1c5399cf3d0b071c7982c565a710ce -> 5cec3e66b09e0dbe1f805953c5c64af9
  custom:scripting/monoscript/fileName/UnityTestAssemblyRunner.cs: 3816e248a2cfe06e2622e0204123f53a -> 6329fd25aa4b3ce344b8f9506a5c2047
  custom:scripting/monoscript/fileName/RenameBranchDialog.cs: a3111a345c6451ee64cd16f1989c2313 -> e5c89c05c87517babb3730e87196a494
  custom:scripting/monoscript/fileName/ITestPlayerBuildModifier.cs: 144d61bec4e604c687a559324e865570 -> fe113c86bde5fdad424c8cc5e51fe0a4
  custom:scripting/monoscript/fileName/EncryptionConfigurationDialog.cs: 6423045767c07e6360ff314ec741c601 -> 19e9c54aff6ffc68d60fe11f80578947
  custom:scripting/monoscript/fileName/RemoteTestResultDataFactory.cs: 82b227499ad613fb85cbd7542a960c8c -> 875f30f4d57949231d64836d9e348a72
  custom:scripting/monoscript/fileName/UnityTestAttribute.cs: f0f5f36d5b331df20c3357ff1637e397 -> a53f050fb661d50bb6c962963a554f8e
  custom:scripting/monoscript/fileName/TestListCache.cs: 8e95164bb40beaf2361efc98dc17a66b -> ff7c7e6ac29ad86c5fe33a64ed0d2f4f
  custom:scripting/monoscript/fileName/UnityTestMethodCommand.cs: adc652ef2db502396e2bc23b9d9a66f3 -> ccfa8ff8b49ded2664d646e8ee3d5ff4
  custom:scripting/monoscript/fileName/CheckinProgress.cs: 298ac58365579798eb3b4defc181ccaf -> 75b93dbc5ef307111f0647f735640420
  custom:scripting/monoscript/fileName/ITestRunnerApi.cs: 7ab503b15e3438e134c0702f000eb0a9 -> a476c74c9cbf5732bdfc8c88b9702476
  custom:scripting/monoscript/fileName/AssetCopyPathOperation.cs: 571ede78b6298606a236918df9df62d5 -> 633a9d130b72ba594756844b628f0ae2
  custom:scripting/monoscript/fileName/Vector4EqualityComparer.cs: 2b4abe9ea592b7513d6aeaf121d66f76 -> 998bf018f3e79a3b4501bebf13133ef3
  custom:scripting/monoscript/fileName/PendingChangesSelection.cs: 766664749a54eea9ecce5dff917430ef -> 1721ad72d074757364587c71b49d9382
  custom:scripting/monoscript/fileName/EditorLoadedTestAssemblyProvider.cs: 30976bb8f0671594f080cfda4f365c0a -> 406b39f61e53aa4b6c435e30af6b5276
  custom:scripting/monoscript/fileName/Utils.cs: 0d3272cd783b90f4eef2bf111d5a7b15 -> 38efaa10a2cec4e71a9eaf567c91a8a5
  custom:scripting/monoscript/fileName/LuminPlatformSetup.cs: a7bbd552cf00b6b349997b7d2e68359d -> e65a295a4e58fc042cc74afa9243a080
  custom:scripting/monoscript/fileName/ResultsWriter.cs: 45d4009781f259d024c859617b776a29 -> ccd0afcd43fc96f0f8be5313b60e6c07
  custom:scripting/monoscript/fileName/LoadAsset.cs: 9042eb334fc462cf466672445be1d4c2 -> 5e4e082aa5b21c13b80eb237fe94d00b
  custom:scripting/monoscript/fileName/EditorAssemblyWrapper.cs: 1da4fb3eb1b01bdabc7899984e06e2b2 -> 8682dbb48030d53c622cd194bfa9e87d
  custom:scripting/monoscript/fileName/Images.cs: 0b0c14141950fed99e3ef33199b3b4c9 -> fbdd1e600315d249327f3effde045c9d
  custom:scripting/monoscript/fileName/DrawLocksListViewItem.cs: ce3a3d64ec2d84c3556ffd4141efc4f7 -> 6201c4d50383e970d554210505562d37
  custom:scripting/monoscript/fileName/DrawProgressForOperations.cs: ea9179848be98ee7719316b39339ef29 -> b544f18e6532ba53bbd1b691fa5cd571
  custom:scripting/monoscript/fileName/RequireApiProfileAttribute.cs: 519035bad40b0361872a678d221fcd1e -> 4cce4894a0d08ef40fd237b8e50d1caa
  custom:scripting/monoscript/fileName/CleanupVerificationTask.cs: 66002b5b43bdce8f787c2d84fc03dc42 -> 12e81b196e7eac521f1ae8e0411b3d28
  custom:scripting/monoscript/fileName/ViewSwitcher.cs: bb22cc2814598bf2511f6c811c1dc194 -> dd1f6d6bc6ad5beda69b13cdb560799f
  custom:scripting/monoscript/fileName/RepositoryListViewItem.cs: 2f16ba7694ec7934685021093e722c4e -> 3cabcd81911a2500dcd9e2b6ffae3f00
  custom:scripting/monoscript/fileName/InspectorAssetSelection.cs: 71ba78e42827a9b22a9a6016733d756f -> 4b3c1ae4c44d88205aef26229acfe022
  custom:scripting/monoscript/fileName/UVCPackageVersion.cs: c4d95cb84d9d8dff4727eba6b0a64378 -> 
  custom:scripting/monoscript/fileName/IncomingChangesTreeHeaderState.cs: f578f4545f0afb1f0a2de9a25e26e33b -> 9fcb97ef2da44c66332f5c6800c2e6ed
  custom:scripting/monoscript/fileName/EnumerableSetUpTearDownCommand.cs: 6c84bee1095d71c3f496285ac7de29fb -> 16b603dbb9724508977696171a42991f
  custom:scripting/monoscript/fileName/DrawTextBlockWithLink.cs: d38f3ee197d9063693d0301d5157b32c -> 1d43814d810f0d56e2964ad3b72f271e
  custom:scripting/monoscript/fileName/EnumerableTestMethodCommand.cs: dfec1548954add0987599d6dd0f01df0 -> 9040b48595c4d63d6c1126d81d3f1105
  custom:scripting/monoscript/fileName/WorkspaceOperationsMonitor.cs: 5f05751fd4d94e02e79a5bf200f98f9a -> 43dcc435c252a54bdaaf4d6588b7d66e
  custom:scripting/monoscript/fileName/EditorCompilationInterfaceProxy.cs: e4c0c6a3551d03ebd5ce8bc0c8444c16 -> 12bc7b3dd0ab2ff83629d76ca37d0d4d
  custom:CustomObjectIndexerAttribute: 9a22284fe3817be447336de3de66b15e -> 
  custom:scripting/monoscript/fileName/TestResultAdaptor.cs: 39fb6e85727c0d47ffa8785f61586e3d -> fb4db3971d5379750cda884e7e44e3e4
  custom:scripting/monoscript/fileName/PostBuildCleanupAttribute.cs: 31fa08dd08b1105fe7a49dcbe5b1ac85 -> 71391ff444f943d9ad8dd0d42b7ac81f
  custom:scripting/monoscript/fileName/ShelvesSelection.cs: 05891c88858e4ac7776c0c0c49b5b74f -> 8a3e11e7cd7bbf10b24988c7bf636dea
  custom:scripting/monoscript/fileName/TestTreeData.cs: 0f4cb01478895c7c3d9e4409dc682c1d -> 1859d24be324d8fb87ab0c693d76d928
  custom:scripting/monoscript/fileName/Vector3EqualityComparer.cs: b5ef1af8e8222802b1e616dabbbf7eb3 -> 1c8652cac1f220d6409ab1ba3f211615
  custom:scripting/monoscript/fileName/ScriptingRuntimeProxy.cs: e5e5d36b9b276c8f6937a94b5dfabde5 -> 19d9ac4d844404a0464698120ed39275
  custom:scripting/monoscript/fileName/MacOSConfigWorkaround.cs: 8634a542fc5c45ea8cd9a8244bf2c871 -> 9fe61e763da506601651f6c451cecb0a
  custom:scripting/monoscript/fileName/IncomingChangesSelection.cs: a96a5a084d59fe3917a3831b68fa9479 -> d86f9f4463e6f9d99bb815e1f018ccf1
  custom:scripting/monoscript/fileName/AddMoveMenu.cs: 07e842d83dd343358454fef0a7927a0d -> e681c3341f01390e9c1d636ae93280df
  custom:scripting/monoscript/fileName/RestoreTestContextAfterDomainReload.cs: f915dc737a51db5619c0ddbc3d7e4801 -> 3f8ddcbc7c316ccf5012287995780eb2
  custom:scripting/monoscript/fileName/PlasticProjectSettingsProvider.cs: c126b47f9f934d48f0646c249a5bfcca -> 8c4ae1aeb34c51d2a5a8924265075ff2
  custom:scripting/monoscript/fileName/WindowResultUpdater.cs: 62ee47153c9bac0200ac618954dd51d8 -> 605812b0e2a9a0174e15ed86a3d5ac57
  custom:scripting/monoscript/fileName/Icons.cs: fab81a9d523e5a61e28f0f54bbcc88b3 -> abf089f96620a0dfa1fac77a06c6c48e
  custom:scripting/monoscript/fileName/AssetMenuItems.cs: 9ce81cedb8e568c6b7b646aa6263645b -> 
  custom:scripting/monoscript/fileName/ToolConstants.cs: a088b027c7b0922429c756f12b0507ea -> 3b0d2490617bc7f94a0bdab65a399e1d
  custom:scripting/monoscript/fileName/MergeTab.cs: f39dce5bbfdc053d284a55fc102a8be9 -> f0a9f00e065364eb63b070091ade67f8
  custom:scripting/monoscript/fileName/IAssemblyWrapper.cs: c5aecaa35bc67342edbe5a12fdcda610 -> 993dbd556e2f14ec6d4f6bce6cb00191
  custom:scripting/monoscript/fileName/UITestRunnerFilter.cs: 06335d4aeb6c8af701629dcac5fd648c -> a9e31eaec62dd508fa917eadb1c52808
  custom:scripting/monoscript/fileName/IUtpLogger.cs: ebcfd45287927053700f4f66ff35b501 -> 1b41334d9fc4fd5edb024e0bd2a6db56
  custom:scripting/monoscript/fileName/GetSelectedPaths.cs: 02423a81496d6c63598b5cdc203f4354 -> be35dd49dddd53fc840b9febf21b4d0d
  custom:scripting/monoscript/fileName/TokenExchangeResponse.cs: 0dd9138dbeab6f132711a5b608de5c13 -> f20183d4cf939766d3c1e15cc3bec2e3
  custom:scripting/monoscript/fileName/ChangesetsTab_Operations.cs: eca44847b108faefa69f8c525242c965 -> 3290c4c0cd248666e01a08ee6d621249
  custom:scripting/monoscript/fileName/ConfigurePartialWorkspace.cs: 309d4276b0164b05348aedbd51cc0b2f -> 10fcc6b6d43dd5ed36c43c6f7b5906c4
  custom:scripting/monoscript/fileName/OverlayRect.cs: 59d6887e4803f8a44ffaa0409470e410 -> 
  custom:scripting/monoscript/fileName/ValidRepositoryName.cs: 43c262be3f66a970816e3d3a3ee8872a -> 56bcf92a3678f6ad6215cae2e4914cfd
  custom:scripting/monoscript/fileName/OtherOptionsFoldout.cs: eea27b9873519c1ea7c35b8afc1b7947 -> cc8f3a7680050422963ebd2bf169a841
  custom:scripting/monoscript/fileName/BuildTestTreeTask.cs: 96cb982a37fe5925168754787bdebc15 -> ca4a5380bc07f43d0ad6bc5c2ca39b4b
  custom:scripting/monoscript/fileName/TestListGuiHelper.cs: 6d40eb061ebdba07e078b90b14eadffd -> 
  custom:container-demuxer-webm: 4f35f7cbe854078d1ac9338744f61a02 -> 
  custom:scripting/monoscript/fileName/TestResultExtensions.cs: f40703becc02ea8bc3b6c19d19f9d745 -> 1c512e213c49ce6d72b9d37b957b9372
  custom:scripting/monoscript/fileName/GetPlasticShortcut.cs: 2a84c035152261f00e7e66eb44cd0ffa -> 5c2b7bf07ddd2284efc64b09ef0f1f72
  custom:scripting/monoscript/fileName/LogMatch.cs: 3705a2877c87af4c4355c7933d389895 -> fed715ef044674dde53628d58d931b50
  custom:scripting/monoscript/fileName/TestCommandPcHelper.cs: acbadd8ac17c9074f1c7f1b037d57596 -> f958b2880473418011bc0cda18245d1e
  custom:scripting/monoscript/fileName/CallbacksDelegatorListener.cs: f80c4f45fed6816f24285f468af00026 -> 
  custom:scripting/monoscript/fileName/TestRunnerWindowSettings.cs: edf34156a2b1507caf7c6651f5ea4bc3 -> fb70b758f65d0605100dbd9482b7158e
  custom:scripting/monoscript/fileName/ApplyShelveWithConflictsQuestionerBuilder.cs: e109c624745dcc4304c557872b253808 -> 02e4256f31bc905362a382e31c3387eb
  custom:scripting/monoscript/fileName/GuiEnabled.cs: 1b1658fd7715b5cc664c10a130c6b629 -> 7bb13fcc8d8cbd392e00f7232841f086
  custom:scripting/monoscript/fileName/BuildPathDictionary.cs: 943911b84162d26cea47f964f9a0a399 -> 9fabc7cc73fcfc50b8a3307c6aa6ec4d
  custom:scripting/monoscript/fileName/FindEditorWindow.cs: 2bb64182aef631315344623cf583c78a -> 8c3c78bb7e82ac5008f8a2b8a0d68cff
  custom:scripting/monoscript/fileName/ShelvePendingChangesDialog.cs: 47aa4c07d31152c0c1eff64d2ba76cc6 -> 86b1f48b5fbaffa67e939e7f404062e6
  custom:scripting/monoscript/fileName/AnalyticsReporter.cs: c71b24da736c66608a20411bc3a519d2 -> 990f0ccd7dd9ebe56483e30a572c9394
  custom:scripting/monoscript/fileName/TestEnumerator.cs: bf6d1620a5c6bd3f28c72bbfed80e429 -> 26328e1622cb69ba0b1e01e906e7f65f
  custom:scripting/monoscript/fileName/DrawProgressForViews.cs: c153245b67af73b7ee03f693a1127796 -> 068a172cb549ad77d9873d721698bd0d
  custom:scripting/monoscript/fileName/EnumerableRetryTestCommand.cs: 73d6d5af06eff02f63f972c0d9d4ad7c -> b281084796eb91cc19de80f3f2b73a56
  custom:scripting/monoscript/fileName/UtpDebuglogger.cs: 06c62e7bf4b353d0d89b78258065c40a -> 2f96cd7ac1384aa23e8238df80ef8354
  custom:scripting/monoscript/fileName/UpdateReportDialog.cs: 706e7e86547c339cdb3a4462e3f7a54d -> 087837d8f73228f1a817d0de82c77260
  custom:scripting/monoscript/fileName/UnityMergeTree.cs: f81f2d7551ab855fe9dc724f3f2e2892 -> 59edaa0a4669bbcb540a261166adc144
  custom:scripting/monoscript/fileName/CycleMoveMenu.cs: 91c21a0be9b3727d7673f94321029c52 -> b3993a7306fc941f55ca963833965729
  custom:scripting/monoscript/fileName/HistoryListView.cs: 527da2d093462f1c4a278d6957e7d5ac -> 7b2d1d2c12ab43d9d244e35197127919
  custom:scripting/monoscript/fileName/ChangeTreeViewItem.cs: 506ed128854137d9f75f9e3d2576a06b -> b0a38ce0a620643c776a3db4fd91bc4c
  custom:scripting/monoscript/fileName/QuaternionEqualityComparer.cs: 1bf489e3042604f863689ba3c73f9e1b -> 0787e0a336d915c2829c2f55fd970a0d
  custom:scripting/monoscript/fileName/ITestAdaptor.cs: 2a73ddc53f1c7b5bf11396536f687ca4 -> 1f6228260995615097fc339d08bee2f4
  custom:scripting/monoscript/fileName/BringWindowToFront.cs: 88b20f2a2881db6a013f54923d68cdee -> a30c7c1ba746c6d277a5aedd3057d15e
  custom:scripting/monoscript/fileName/ShelvesViewMenu.cs: 947ea245959bf421539573511c3a0058 -> da5dc74b3444288f443961ecab7245d6
  custom:scripting/monoscript/fileName/ITestSuiteModifier.cs: 2c6fc66f35fdd1866881280ae909eaa5 -> 4374b14ce25f3e6c8b983b3d579e38b4
  custom:scripting/monoscript/fileName/LaunchCheckinConflictsDialog.cs: 4417eba1591eccb2221bfdce0106c1e0 -> e2c1e3f8f4e14a62e4363fe6259adbc2
  custom:scripting/monoscript/fileName/ParseArguments.cs: 03c1a4d7e357164ca313a0019713c3db -> ae915d9f5fe287ced40627c9ca8bfafd
  custom:scripting/monoscript/fileName/ExternalLink.cs: 685ff1dd6f55eb61a1fd8af84a2aa7f5 -> a8ff952d8c27d10f226ab92b7aa83b69
  custom:scripting/monoscript/fileName/WaitingSignInPanel.cs: 247680fcfc6a176b9fa28a3df600a754 -> 7585e1c7111b6b900784e6d1c9454258
  custom:scripting/monoscript/fileName/RemoteTestResultReciever.cs: 3396dcbdb7cfcd933b2182fbc1532e1a -> 
  custom:scripting/monoscript/fileName/OperationProgressData.cs: 0db72349eeecbe9449a517b1d79cc760 -> 15f68712baaea535af36d9e0333c0a6e
  custom:scripting/monoscript/fileName/ExitPlayMode.cs: 64d4ea6d596aecaf913f45e499564e88 -> f2eb63cb1a92bddb334eb5c2d75abc43
  custom:scripting/monoscript/fileName/IStateSerializer.cs: c5a3e7fac8482b2fe72d059b34fdea4b -> 2c22f7cb714163eee04bfe4b72ec4957
  custom:scripting/monoscript/fileName/UnityTestProtocolStarter.cs: d1e78341b65caa27eeb465ea61128aba -> e4b107bc354fd6dcbd62420da6500b7c
  custom:scripting/monoscript/fileName/RepositoriesListHeaderState.cs: c0353a1af15ae4fd3d5a2a3cac816423 -> fb71b961ab7c924511a6b0e8680b60ee
  custom:scripting/monoscript/fileName/ClientDiffTreeViewItem.cs: 56be9d3aa410e770e75de2d8b93be89d -> 43bdd7aa5bf1aa039a5b572c119c38d0
  custom:scripting/monoscript/fileName/CreateWorkspaceView.cs: c40bc4c8524ef3e2374ef997beb2e4a6 -> 9ae2295080d141c0f12d02a71014e11c
  custom:scripting/monoscript/fileName/CommandLineArguments.cs: 0d20ca25f94249586a7c1484c469d8a2 -> 48a62ad3f817c0269ea7fc4a53799594
  custom:scripting/monoscript/fileName/BuildActionTaskBase.cs: 8f6297df34271fdb1ce2d9607ec6261d -> 90647cc400823b41df847a6cbfc29026
  custom:scripting/monoscript/fileName/DownloadRepository.cs: 46fc68d9cc4da8e8ed765ff28b2dd438 -> 5bad8d3f76a3fcb41a94637e37c11ab0
  custom:scripting/monoscript/fileName/ParentWindow.cs: 2476d8a6ba9c3055f984ac9792cae61a -> d6aa079e592e01701c5baa3ab98898bc
  custom:scripting/monoscript/fileName/OperationParams.cs: 091a140b35535b91c773ddf98925322d -> 3312c7a4424a66ffbf2f88f056f329aa
  custom:scripting/monoscript/fileName/IEditModeTestYieldInstruction.cs: e4c6a749d843914165935ce080f657d8 -> ad49fb85f2d4ed0badb27552deac0771
  custom:scripting/monoscript/fileName/CachingTestListProvider.cs: cac67f32d723c8745a1f511390945781 -> bfcb79acce43a93633071168c814d063
  custom:scripting/monoscript/fileName/SignInWithEmailPanel.cs: a5823728eb62cf6dbd8c933c1cb26f53 -> 6e8957c0ed7609303e68389067e72d72
  custom:scripting/monoscript/fileName/UnityPlatformAttribute.cs: 05ff6a4a5828d32604e864a3b44f3fb8 -> e79555e200698f1b55c6c54851cd369e
  custom:scripting/monoscript/fileName/TestStarter.cs: e2d0587cebe915ea1c55ef726c6bd082 -> d1bc3fba65bb4735afc3828355ea6c72
  custom:scripting/monoscript/fileName/LaunchInstaller.cs: f9b7c99441bc32980ce9b95be066824b -> b75efdf5909b501e06cacd9c66f75981
  custom:scripting/monoscript/fileName/GetWindowIfOpened.cs: 84a2356c61155912908cf98a62600c22 -> fd8bfd1a9b371371ebbff48e377726f9
  custom:scripting/monoscript/fileName/TestPlayerBuildModifierAttribute.cs: e033609ef117a17dda08e3556f30bfa5 -> d4ffc53911ef24dec9dc901e0444a77b
  custom:scripting/monoscript/fileName/AvatarImages.cs: ea6dca998cf0ec5122553a9e010ef687 -> 3aa8c25a350843151ec4070c820c411a
  custom:scripting/monoscript/fileName/DrawUserIcon.cs: 2f65feb9bed897237f97fbf9c5479092 -> 7d5385bf780ae84e648a8b49f8fe0825
  custom:scripting/monoscript/fileName/ITestListCacheData.cs: 1c95486e8d67b5eedd3530759306c580 -> 09682e3e03141d9f43100cdaff3665eb
  custom:scripting/monoscript/fileName/TestListCacheData.cs: 1f5a847fa8b54233f179d3f9f5a719db -> 295232838ed90f85679b2d004562d59e
  custom:scripting/monoscript/fileName/TreeViewItemExtensions.cs: d22abf8de7a9ab0e852b869a652f100d -> 6849c47ffa8623d630ef12f76bd49905
  custom:scripting/monoscript/fileName/AssetStatus.cs: b9ea657347f2c22e8e401cdb256c516c -> e017010009bdb28bcb0d7d8ef05e7dd9
  custom:scripting/monoscript/fileName/BranchesListView.cs: 334a3fb302f855f71fb71520fb442a71 -> 3f5ed9fe5a1bca512014ae1600ee1666
  custom:scripting/monoscript/fileName/DrawGuiModeSwitcher.cs: 363adc150c5f1c5059a678f179906090 -> d3be34a3134d3fe80ef6b14d0d519128
  custom:scripting/monoscript/fileName/Is.cs: 0371baf7f4d4fda1df93e36baa3a7f7c -> 6922f89182cd28e32ba48e34cda7947d
  custom:scripting/monoscript/fileName/TestListGUIBase.cs: 3323ae02564bf80ecb144d790edf3454 -> a2b53f3d1923dc6fb3d7f4c9f9855104
  custom:scripting/monoscript/fileName/WindowResultUpdaterDataHolder.cs: e4b0333fa05c0f3ef2128a54294a2588 -> 2de8ba1615f5d28c30d54411d42e2524
  custom:scripting/monoscript/fileName/UnityMenuItem.cs: 5f445176ad3735e69769d93250663be7 -> 73f3c859f1b5092ad362c09e23b3a922
  custom:scripting/monoscript/fileName/WebRestApiClient.cs: 8ab6ae74a3793a3375cc48f328048a82 -> 746756fd499dddd02a4e7ccdbac48be3
  custom:scripting/monoscript/fileName/PlayerConnectionMessageIds.cs: a896cc1ebb022b48f652641f623e4c5c -> 2e4b7265f0eeb40e1260d00fe6e4614e
  custom:scripting/monoscript/fileName/ShelveListViewItem.cs: a37862556d04b25f75804d991e109d87 -> 373418f0ae11fc25a26ff7fe4f472006
  custom:scripting/monoscript/fileName/OpenPlasticProjectSettings.cs: 5a86fd454f7c9f74b62653e269818d3f -> 
  custom:scripting/monoscript/fileName/RemoteTestResultDataWithTestData.cs: 21f6a5ed6216bf99941b16dfe0613ec5 -> bcf701fb298ed6f8cab894b203300c37
  custom:scripting/monoscript/fileName/SwitchPlatformSetup.cs: 86e207190212b6666c14096ec0beb845 -> 576de741bbd585688af4b8aaf70f0708
  custom:scripting/monoscript/fileName/PendingChangesOptionsFoldout.cs: 2a2f5a0ba87bd75c4475236a9a012016 -> f9e651bcc5d4441496c88ab59a32f360
  custom:scripting/monoscript/fileName/IncomingChangesTreeView.cs: d8c19bc81b07c04d7721396d2821d297 -> 96479648d4498738733254eb4e4c6fb5
  custom:scripting/monoscript/fileName/GenericProgress.cs: 11287c7d038c487f32d0c8edc476a32d -> 8492ec26f01fc248d3eb3c2f5b3b6c0f
  custom:scripting/monoscript/fileName/ShelvesListView.cs: 0763e4076b11a683fa148282680085c0 -> 01c1f087b2f83b458da6b8ad18736606
  custom:scripting/monoscript/fileName/MergeCategoryTreeViewItem.cs: c1ecd9dc0cd73eb7eb129994dedc1a91 -> 6bd59fcbfeafe06987a54631991d755b
  custom:scripting/monoscript/fileName/CheckinDialog.cs: 1709b78fae1329cc05fd4f39334b25f5 -> 702fdb8d0a3b4bfcb9ba109e71325cad
  custom:scripting/monoscript/fileName/SortOrderComparer.cs: 8f6297df34271fdb1ce2d9607ec6261d -> 90647cc400823b41df847a6cbfc29026
  custom:scripting/monoscript/fileName/GUIActionRunner.cs: 69af7de0762ed6d085feb4cc4b5101b3 -> 4a0608de635b0d82868d57923d68eff7
  custom:scripting/monoscript/fileName/PlasticMenuItem.cs: 30c3a785b4c2607e2ae9aad693d5f604 -> 
  custom:scripting/monoscript/fileName/PendingChangesTreeView.cs: f3722f38014385705913f17dbe0f90c1 -> 17142d220a0a50a3f3d184c4718a0da7
  custom:scripting/monoscript/fileName/TestJobData.cs: 45c2452d3aa545742dc2b57ad55fa794 -> b5764cc21ae3016cae3c4ce5053458f7
  custom:scripting/monoscript/fileName/VCSPlugin.cs: 69c1b7249af35f35848ae707bd5e7113 -> 
  custom:scripting/monoscript/fileName/RuntimeTestRunnerFilter.cs: 230571a0569274dbd5e47e4595a3be33 -> 526247a6af82c71973a55c9c5be36280
  custom:scripting/monoscript/fileName/GetClientDiffInfos.cs: 4ae14b15e2cf5177a84735548a44cdc9 -> f8db8e637ded2d5e935a953a13b85ebe
  custom:scripting/monoscript/fileName/DrawActionButtonWithMenu.cs: d7f31944358aed2f3ed3982246fca039 -> 8d4f5edd02a1dd0f38c4f2baf5ee8a33
  custom:scripting/monoscript/fileName/ITestSettings.cs: 608b72c12786bbdd128c096353cc10e2 -> 7d6676128f469c2eefb2813ec592ab4f
  custom:scripting/monoscript/fileName/ErrorListViewItem.cs: 9bf59c82e9c9992a012a3eb2b6c2bfe5 -> 509edc26860f8be303ec97d68aabc30d
  custom:scripting/monoscript/fileName/RemoteTestResultSender.cs: 570055716108540c9c34e71343ce0f03 -> 2b6acbe484994dc310d0ac406904e742
  custom:container-muxer-webm: aa71ff27fc2769a1b78a27578f13a17b -> 
  custom:scripting/monoscript/fileName/AttributeFinderBase.cs: b09010f5776af2a4f3460127027ca105 -> 7e104530f871143fdb60a169114dd663
  custom:scripting/monoscript/fileName/EditorProgressControls.cs: b1f133fa38afd918d537a72574fc93a0 -> 2e606eb01a6e6a567f3de9a0379ed3ae
  custom:scripting/monoscript/fileName/PlaymodeLauncher.cs: 3a6fe823ef85e4189eb7e25bbb98798f -> 981dc587e53c0f0d21b816af7469156c
  custom:scripting/monoscript/fileName/BranchesListHeaderState.cs: d47f1164fa7093137db851c4c16ffba3 -> 82eab21603f4efc696334ee80641c2c9
  custom:scripting/monoscript/fileName/ExitCallbacksDataHolder.cs: 2a73f9623aa81becb5d8d11a43747b12 -> 
  custom:scripting/monoscript/fileName/DrawSearchField.cs: b11b864a92c7d76f85d4ec87d6faf61c -> 3de70beba9f4447205d50241d95b066a
  custom:scripting/monoscript/fileName/PendingChangesTab.cs: c99065f3c85ec85c85ece2a1a30665af -> 15ae6787065f4af65778e981f418a60b
  custom:scripting/monoscript/fileName/TestAdaptorFactory.cs: ac39772b57c14123c1a057d315d0217c -> b9e4d12260befcd688940e2c80db8ee8
  custom:scripting/monoscript/fileName/IEnumerableTestMethodCommand.cs: e89b2da6fd5c9e148c3a0687c618f62e -> 81260787415c187c9e413e476b816cd2
  custom:scripting/monoscript/fileName/MergeTreeHeaderState.cs: d266e9dd03ced7ec66ad3688e5f18f26 -> 6293ca7f65e9641fcbe12100e705a990
  custom:scripting/monoscript/fileName/BuildGetEventExtraInfoFunction.cs: 1308a6936e8051866a117b3b7c2c7b77 -> 74bfc8c01f931108a3c2b127aa04cc8d
  custom:scripting/monoscript/fileName/ShelvesTab.cs: 88e0da7511313c57d3f51ba183c4d3fc -> fca0a219bdad45e636bd34724e5dc89d
  custom:video-decoder-webm-vp8: 9c59270c3fd7afecdb556c50c9e8de78 -> 
  custom:scripting/monoscript/fileName/AssetsDatabaseHelper.cs: 3deb384d73768aa5a87c1835c3d7553a -> e690d63c7b932a5efaeaf8c476198e75
  custom:scripting/monoscript/fileName/WelcomeView.cs: 07e35bfe1faa2c52c049eb30958acd54 -> f06c185659ea2f4a75f9397861dc6096
  custom:scripting/monoscript/fileName/DeleteMoveMenu.cs: 39c593e854a9a8ae0e6d34ceb587fce1 -> 4d026cbabd8105e38661f97da078042a
  custom:scripting/monoscript/fileName/PlasticApp.cs: c440a0fb380601a77ad475d6c15d4fa1 -> c57de230d90beac7b586f10b9c7c6cb5
  custom:scripting/monoscript/fileName/PerformUndoTask.cs: a88080dc60788c59917e5a5da2beea27 -> f38e53873dc9c7e638622dda18102b41
  custom:scripting/monoscript/fileName/ChangesetsTab.cs: ef408d8aaf89e01b17643ed0c836680d -> 46dde8f7856048792ad2e75490bb8c5e
  custom:scripting/monoscript/fileName/DeleteBranchDialog.cs: efbbc070bfeda2b746e8b15a4380cb26 -> 8549b0fc52962c89115fd78724fee578
  custom:scripting/monoscript/fileName/IncomingChangesNotification.cs: d7ac4b8f9ea939309b8ceb7f729100a2 -> caa8ea2c7336b9227381f0971759e01a
  custom:scripting/monoscript/fileName/DrawTreeViewEmptyState.cs: d4c16fd6aad8161eda7d99fd74cbb08e -> 
  custom:scripting/monoscript/fileName/ErrorsListView.cs: cc3142391037796392fcd3fe860891dd -> cd35171982f17897dd5148dda46e0956
  custom:scripting/monoscript/fileName/UnityPendingChangesTree.cs: fd6f0a038401268983bd9328d10dec93 -> f391d9a00dc9e202cee4d4ebcf6d21c0
  custom:scripting/monoscript/fileName/RuntimeTestLauncherBase.cs: 545e0e1c1701551e51a349e0cfbf7e09 -> 9c570bd0d91da3e5211e4436ad92314b
  custom:scripting/monoscript/fileName/TestActionCommand.cs: 9d9a215c413c4354b3d31801a3312f5a -> 753f99c04dd69dc2a43030237870dd1f
  custom:scripting/monoscript/fileName/ClientConfiguration.cs: 5f5e47bfb7cedc7420d7e59c6d7ae6f0 -> 01b18b09a6dbb3756e1f42a5b64aab0f
  custom:scripting/monoscript/fileName/AssetVcsOperations.cs: 50ee89e011ba3d800b4e7a9a24aca7e1 -> 
  custom:scripting/monoscript/fileName/BaseDelegator.cs: 39f1c059498e3e1e37d5e631bbc24cc7 -> d270baecbc007d1328bc5c9991d1dea9
  custom:scripting/monoscript/fileName/TestRunCallbackListener.cs: 6d0e8c714fa72bff0fe809d3fbb8d587 -> 15fa13086a2949901b1e4a3584b83cd8
  custom:scripting/monoscript/fileName/IOuterUnityTestAction.cs: 1f62717facda0b560b4af9da3d21fc98 -> 58e7f8b884a5d88e319b8f448f29bfdb
  custom:scripting/monoscript/fileName/TestSettings.cs: df291dfe8fbaf1e1f1d4ae4925c14a92 -> d583ccee803a035f2d53ba29374aac19
  custom:scripting/monoscript/fileName/SynchronousFilter.cs: fb46e705a687283ca79c6357a2f78760 -> b84da53d6d10348793b3683f19a6d4b3
  custom:scripting/monoscript/fileName/PlasticDialog.cs: b0aae1bf1889af041741f324070b7b84 -> 63a17a2b696bc2a13c9046aa16f8cea4
  custom:scripting/monoscript/fileName/LegacyEditModeRunTask.cs: 2b5f09ef7f63773ca676d71969800516 -> 
  custom:SearchIndexIgnoredProperties: e643bd26f0fe6173181afceb89e7c659 -> 
  custom:scripting/monoscript/fileName/AutoRefresh.cs: 9d30d5d3f0e8985355be1ab597da1dbb -> 0a8afde180a876655ad16caa14493409
  custom:scripting/monoscript/fileName/PlasticPluginIsEnabledPreference.cs: 7953272c37f4a828a3d1096e7479f346 -> 
  custom:scripting/monoscript/fileName/GetRelativePath.cs: 9b16eb2de9e98b392077181cc34243c1 -> ab04ae5e0cafb93ebf5c96148bb52df0
  custom:scripting/monoscript/fileName/UnityEvents.cs: 253411328de37811883aded592b97268 -> c830e584565fcd66ca0d5a23ad8b9bd6
  custom:AudioImporter_EditorPlatform: d09bf68614088b80899f8185d706f6e7 -> 
  custom:scripting/monoscript/fileName/DeleteChangeMenu.cs: 540c783b689e4d6a4a383862455d5d39 -> bfa368dc06e11abcc107d6f80c7c19c5
  custom:scripting/monoscript/fileName/PlayerLauncherTestRunSettings.cs: 5d2b9db2556b475d527662dfc40538f1 -> ac04d6a6a9c6380f318071a2f4da8a2f
  custom:scripting/monoscript/fileName/SelectNewCodeReviewBehavior.cs: df6e8e132199ea6ec467c9bced11011d -> a16edf3a8c3e5ac26863e890f68fd937
  custom:scripting/monoscript/fileName/DockEditorWindow.cs: 581124d5e19667105f2446d6dfbf7982 -> a9e5e467234133af999283610b6e84e6
  custom:scripting/monoscript/fileName/ActionDelegator.cs: 0b37ded58104f18659a880de95881951 -> f2eb6c2fd33630cfdd6d3183b4a2ca3f
  custom:scripting/monoscript/fileName/ITestRunnerApiMapper.cs: 864c8f6cc3985f3365e8b5f02afeb230 -> 337d02b691c8103d2eedc6b52f4f76ab
  custom:scripting/monoscript/fileName/RerunCallbackInitializer.cs: a2ca4a4e4bb070fd30ec377e61ed66cb -> 
  custom:scripting/monoscript/fileName/ICallbacks.cs: e6fb4966887be0b97bef44d92d561a69 -> a9c5fd289272fce7e09c7f3e5f11b8a0
  custom:scripting/monoscript/fileName/ProjectPackages.cs: e247c98bd45807b228765f9a94d82145 -> 9e9e13e39b2e9718b602503b87245c18
  custom:scripting/monoscript/fileName/IEditorLoadedTestAssemblyProvider.cs: 0be7fc5fa38a5453fe58cce555760ed4 -> cbb3f715010afa8cd4f0f40294bb78ba
  custom:scripting/monoscript/fileName/BranchesSelection.cs: 7eb1fcb556f0fad697e4ec9d989be099 -> 33b36e7b03910960966036894ec90c7c
  custom:scripting/monoscript/fileName/TestListProvider.cs: 58a05dfe9100cc52adea57fc4a0b6c62 -> f8235933605b6a025c9638df0194bf97
  custom:scripting/monoscript/fileName/SaveAction.cs: b68fbb4319dbb368959c40781b39fdf8 -> 27c387bb58f3a69b0c9ff60d2209e18f
  custom:scripting/monoscript/fileName/AutoConfig.cs: 6c4e7f9dc55323aa1299debfe9723aa6 -> bf4bbd2f2e752464ef51dbf102faed17
  custom:scripting/monoscript/fileName/InvalidSignatureException.cs: 293ad969d76fdecf7dc5f86949047e54 -> f250eccc836ee674127ecdee41f7a4ea
  custom:scripting/monoscript/fileName/UnitySetUpAttribute.cs: 4ed69b5a4764c67bceaa6f04d0d8776f -> 78bcd37bf54751e70200df4ae24f405b
  custom:scripting/monoscript/fileName/DiffPanel.cs: 02288a38bd14cc2b52a25b302a6f154e -> 210366dab3631628227b9406f87a9b7f
  custom:scripting/monoscript/fileName/PlasticAssetsProcessor.cs: ff731c8aacf4a537dc74c7cf9eaeaed0 -> 
  custom:scripting/monoscript/fileName/PlayModeRunnerCallback.cs: 10f699e46ae6f3eea3e1c18bf2bc25ed -> 6cd874bc3032a6eaf4228f5877b27ba0
  custom:scripting/monoscript/fileName/DrawActionToolbar.cs: 52293cb82089e0370f52e257f41c0869 -> e05748a99799f26304c1bbafd90f703b
  custom:scripting/monoscript/fileName/TreeViewItemIds.cs: 7d654a2b5b3a10da3e7d8472196e96d1 -> 0cdf409b5aa8d4c25876d72b5c6a3b60
  custom:scripting/monoscript/fileName/EditorVersion.cs: 70953c9eccf7726f70c672a9a51619e9 -> 698aba075b19a52a056d67a7b809d179
  custom:scripting/monoscript/fileName/TeamEditionConfigurationWindow.cs: d06f049421c16e5927ec29f770917e09 -> e53b1ca5561894aaeff930afb696d001
  custom:scripting/monoscript/fileName/ProgressOperationHandler.cs: 5fbb4e0f656dcfaa4498bd2e492e4710 -> ec62666c0ca1649dd33cc6bc6834c6f7
  custom:scripting/monoscript/fileName/UnityPlasticTimer.cs: 961fdb6492c99b4a3eadbed28e78c4b0 -> 6c887e722e951c2964523825cad70c4c
  custom:scripting/monoscript/fileName/TreeHeaderColumns.cs: 9fc4a0396a421346b8aa3b7788860851 -> 316e5ea62e66b20fd6e687a6b9e5958e
  custom:scripting/monoscript/fileName/MergeOptionsDialog.cs: 25ac62df73845405e13f44e4dfdcf0d1 -> 9250ce23d260ab84f87bd5899c6cf983
  custom:scripting/monoscript/fileName/AssetFilesFilterPatternsMenuBuilder.cs: 8fe5de6e5dc3d42fb7e95de2aaedbf5a -> 0d99e7514c6a33cda8314deed8f34bc5
  custom:scripting/monoscript/fileName/ICallbacksDelegator.cs: 3824b8185f5cd32ad0de995dbcedd1e3 -> 2bfa822de05a601b9fbe2f79d4d317c0
  custom:scripting/monoscript/fileName/MergeTreeView.cs: 143a828a1a236483d3cdc1d010ce9d51 -> 3feb38cec50d3fc7576ddbf07a9a9ce8
  custom:scripting/monoscript/fileName/TestAdaptor.cs: 8d757a7cd1f19e6976312b3b884a590f -> 486cec8559bad7c56adc699f165feb67
  custom:scripting/monoscript/fileName/PlasticNotification.cs: 3629fdff9f054b2013702f5b131b2c47 -> 
  custom:scripting/monoscript/fileName/TestStartedMessage.cs: f3c1a94a591f54531913c8a032d9a4b8 -> ac38229ae4e3c67de75cf9d77c73b95e
  custom:scripting/monoscript/fileName/CallbacksDelegator.cs: c76e06d7a0a6084464f55a923795d8df -> e0dcdade48f633c0a7cebc925bd686c4
  custom:scripting/monoscript/fileName/ConfirmContinueWithPendingChangesDialog.cs: c0e147ff008a0b77c9337132a3ea70af -> 77462b1904ad8f6fee2f8da4523d59fe
  custom:scripting/monoscript/fileName/ShelvesListHeaderState.cs: d3cea237aa496a145829475430d90f29 -> 287f23cbe09ecb9b28ec8dd05ede8846
  custom:scripting/monoscript/fileName/ChangelistTreeViewItem.cs: a4a6f6169cdb3afe249e104e2b7b1a2c -> 87f69636be8bd1a264ec4eac1bffa701
  custom:scripting/monoscript/fileName/PlayerLauncherBuildOptions.cs: 1155187d1390024c0e84b222b67c4059 -> 39352f62028667e3cc8d13371f828f55
  custom:scripting/monoscript/fileName/CollabPlugin.cs: bda741ff77a19affbf276298e29313ec -> ca276d65e7cd77c5c99d9f119ffdb215
  custom:scripting/monoscript/fileName/TabButton.cs: 757146b89ed597b1d75c77241e5d5f63 -> 
  custom:scripting/monoscript/fileName/RegisterFilesForCleanupVerificationTask.cs: 89d04f0389116a1354de9cde88045aa7 -> f18fd2d946c9ea52b8232f47d6d70221
  custom:scripting/monoscript/fileName/LaunchTool.cs: 3ac53c8af1f56365aad9e1ae5366d98d -> 60773d78646dc188d4b2caca77f20b17
  custom:scripting/monoscript/fileName/RunModal.cs: 33b931100ee477e6812324eabaa2e837 -> c83ee2ef642c5d8b8dfd32f033bfc438
  custom:scripting/monoscript/fileName/TestRunnerStateSerializer.cs: 68058e60ab6d5d33b7935f4205c97bb2 -> 7206f4f1eb4c5991ea76b5c39830dba4
  custom:scripting/monoscript/fileName/BranchListViewItem.cs: 8fdaa5aa842f5a70237affa304b9d506 -> 55028f4aef24d6227589aaa95582b2ff
  custom:scripting/monoscript/fileName/LogEvent.cs: a1178cf4bd49345a2f924044f341effd -> 9bf386b9808c16608387e196f7a5e9d6
  custom:scripting/monoscript/fileName/GetAvatar.cs: 07c98163f75f0b7c672bd453fc82bf61 -> 04ffae2a9e5a4c32a119f93144f558d2
  custom:scripting/monoscript/fileName/PlaymodeTestsController.cs: 7726dd936e1c608c494987ba2754eb47 -> 59c9d4597d46ecf4c6fbc8f49c64d0b9
  custom:scripting/monoscript/fileName/MoveAddMenu.cs: 81d47caeb9f49803adfe1627c8ce5bf4 -> 1fbfab870b2e95fdd8a81f6019f764df
  custom:scripting/monoscript/fileName/FindTool.cs: fc3b0710b24078288fe829d0bb041dd0 -> 2f9d82566cfb01fb68fc30111fb47624
  custom:scripting/monoscript/fileName/ChannelCertificateUiImpl.cs: 75d7831ab5da75cc0082e28863abb142 -> cefccf1e13b7bcf15e3c9f2dd4cd2fc8
  custom:scripting/monoscript/fileName/ApplyCircleMask.cs: 02eb67e485278e7c9b719fee5ff90f4a -> b955b378d261fdcbd6272fe8711d1e4f
  custom:scripting/monoscript/fileName/TestListTreeViewGUI.cs: 5d4e7ac9fc0c5382f19d49599ef6cbd8 -> bf873c97e960a33b0be65a5b638e7ff5
  custom:scripting/monoscript/fileName/TestJobRunner.cs: e4deb98063838e020557c338e0bd4ebb -> 1c3d9f2bfcdac33a01c4bb25c392ab4f
  custom:scripting/monoscript/fileName/TestRunnerCallback.cs: 61231fce5590e38bfc5e9165e9803d8b -> 
  custom:scripting/monoscript/fileName/AssetMenuOperations.cs: 131bfc7279b97eba576abe13a47f8f91 -> ebcce67603e288b4a84d49287db6ef5a
  custom:scripting/monoscript/fileName/ShelveAndSwitchOptionsFoldout.cs: 676902ec49ff9c5abb2a832f067966e8 -> e7b216a23869eafb9aecd00a8905fafa
  custom:scripting/monoscript/fileName/VisualElementExtensions.cs: cd98f4a51563fccdfc39eed097290325 -> 0aad2728225c469038631668406aebb3
  custom:scripting/monoscript/fileName/FailCommand.cs: fba5f7b9c1e8d00f41e9076aac4a1d8d -> e0622be95cb9f4c04ff53066589d6d7e
  custom:scripting/monoscript/fileName/LocksSelector.cs: 70b046a562568fd78d093736e68a3a58 -> 7b0f4fc5552c1d92ba7f4648526ceb21
  custom:scripting/monoscript/fileName/ListViewItemIds.cs: 8f6297df34271fdb1ce2d9607ec6261d -> 90647cc400823b41df847a6cbfc29026
  custom:scripting/monoscript/fileName/CreateWorkspaceViewState.cs: 1deb37b3c17c224d9a7dca9c990ea191 -> 0fe23b7cca9336b31a27790c714de652
  custom:scripting/monoscript/fileName/MergeLinkListViewItem.cs: ebc1e6f9e3a3005d8f4c51a794adfdaa -> 3fa407d29597803190dd374d88ed170d
  custom:scripting/monoscript/fileName/DrawCommentTextArea.cs: ad5449f632fd412ac0f7ba0d171fd453 -> c58c26552f95f108a8d9610eaf001fbc
  custom:scripting/monoscript/fileName/TestRunnerApi.cs: b582e8d89da1ce04ff5e8605fa1b5a2e -> b5c17af6fa247dfc791b512a209021d3
  custom:scripting/monoscript/fileName/ErrorsListHeaderState.cs: 9141660c9776c5dac5f980fd03a672a8 -> b961336a4a43551eb826f97c57673007
  custom:scripting/monoscript/fileName/MergeViewDirectoryConflictMenu.cs: d45972e8b5f74223c607a4daa895ff3d -> fad8e1937fc14fd75ca21a68ee1037b8
  custom:scripting/monoscript/fileName/RefreshAsset.cs: 4479d2949a66a97f66d1e550067f3767 -> 5a15c606785f1f54a697bb0d0d846dfb
  custom:scripting/monoscript/fileName/IUtpMessageReporter.cs: 02b26b8c414970dd7d96e6dcfbe9a861 -> e8e6a62b6032a5642706a62156dd8314
  custom:scripting/monoscript/fileName/BoolSetting.cs: d67f952c3a5976591f3e9a9e7356bbab -> 12bf039ccd38b0f4ccfffbec3cbbf108
  custom:scripting/monoscript/fileName/IErrorCallbacks.cs: 525b2a3e515b976057d42e4abfcec602 -> fd7a49712e8a919d38dd0fddef8872df
  custom:scripting/monoscript/fileName/IScriptingRuntimeProxy.cs: 207c12828ef43f5ca31b3bcec485e9f7 -> c75af2a6ef439df9f19f151aeb5749ea
  custom:scripting/monoscript/fileName/ExitCallbacks.cs: 716173503afdef0ae4c4023adba1972e -> 
  custom:scripting/monoscript/fileName/CreateChangelistDialog.cs: 774371d4233cc1d394d98dc80507a1f8 -> 386b03e27c951c5f1d63daf7aae486ca
  custom:scripting/monoscript/fileName/ImmediateEnumerableCommand.cs: e79fd27a9b7f6505ae6a4aa7c72274db -> 89dd27d23dccf969b99d79611e8fed9a
  custom:scripting/monoscript/fileName/ApplePlatformSetup.cs: 4b442da1fea709240aeaf74bde720d3c -> 0ceeffeb4378c50fe08ff9b5d16a73f3
  custom:scripting/monoscript/fileName/HistoryListViewMenu.cs: 15a489e494f04a7ea37a587c7601070e -> 29770348599c8d5473b78d72e5741b40
  custom:scripting/monoscript/fileName/MergeViewFileConflictMenu.cs: d7362b83d6b320a0f0ceaf99dbe21727 -> 8fc0f292158abfa71c2c7b3b6f38d32a
  custom:scripting/monoscript/fileName/FilterRulesConfirmationDialog.cs: 5186d89f21d03764f0cca01c2a0122d7 -> 9c91c6c91f20e6d013a753f32343b327
  custom:scripting/monoscript/fileName/LogAssert.cs: 8c30e2367a22f747fb9a538551ddb198 -> 195ab501c85f741ece9ac8b49385dcce
  custom:scripting/monoscript/fileName/ChangesetsSelection.cs: d154d1782ed752b83834c54a0bde3df9 -> 8b9d539af9f7e269bac4e3d79e9ffab8
  custom:scripting/monoscript/fileName/ITestListProvider.cs: 4f1a13a1dbecabb9f7515cef8fe120ff -> 0169c532d74787e64cd4163cd55d4572
  custom:scripting/monoscript/fileName/AssetPostprocessor.cs: 96208057b904410715a8df295ba4f8f4 -> 
  custom:scripting/monoscript/fileName/AllocatingGCMemoryConstraint.cs: 2542b507c3de77a99c0db5c1357ffb65 -> 8b2ed7fbfb529ba318fb8425f7a81278
  custom:scripting/monoscript/fileName/LegacyPlayModeRunTask.cs: 8a159c990fea520d0af36b86d243e79e -> 
  custom:scripting/monoscript/fileName/IsResolved.cs: 67a72533af97b9ab7830798057ab806c -> f54a3e2c5134aa4306f9ad150b1911a9
  custom:scripting/monoscript/fileName/TestCommandBuilder.cs: 7c013615052dfed5e39b8bb914f01cb8 -> bf61faf29c0aea0c4e5d4ac76abaee13
  custom:scripting/monoscript/fileName/LocalStatusCache.cs: a558fcf5f34357bab4cfc7b75e2bb356 -> 30974ea30517fbfd1b93153f6c849a76
  custom:scripting/monoscript/fileName/ITestResultAdaptor.cs: 8d865eb70a8464f5288b9274d9abc979 -> bb9e1bbb2ff45e5a5f11e877a24721d7
  custom:scripting/monoscript/fileName/RepositoryExplorerDialog.cs: 143e7416b576681e1f2ea71288e530e6 -> eea34924da79ad7254f3e141a891c78d
  custom:scripting/monoscript/fileName/Vector2ComparerWithEqualsOperator.cs: b6f6b1f33f1b74ed974042f5e0303f0d -> 1851f392f974d4a42efb0de68a402e9b
  custom:scripting/monoscript/fileName/TestFinishedMessage.cs: 90745d8bb0dd1bfeebb724d118b2d483 -> ccd3538dc4059cd71acd9bfea48dbc80
  custom:scripting/monoscript/fileName/BeforeAfterTestCommandBase.cs: 8f6297df34271fdb1ce2d9607ec6261d -> 90647cc400823b41df847a6cbfc29026
  custom:scripting/monoscript/fileName/Vector2EqualityComparer.cs: c680a095e66b9bf90931050b8b145b65 -> 4ac8b0db10bbdb7ea68d4be944c5b941
  custom:scripting/monoscript/fileName/ITestTreeRebuildCallbacks.cs: c7090567546723c1f0a184a18f5ac1fe -> f952713f83d574a58f719696be7e52a3
  custom:scripting/monoscript/fileName/FileCleanupVerifierTaskBase.cs: 50c4fc5e4ffaa31cb467fc75616b7129 -> 8c0e90b329ac988e22429767c222f3c6
  custom:scripting/monoscript/fileName/UwpPlatformSetup.cs: c89362d564a60469ebbb75e8e12d340a -> b9f50f93de5f547a7eaf96f1bc58a80f
  custom:scripting/monoscript/fileName/WorkspaceWindow.cs: ff52e13cd29dacd66db0169e14f71a23 -> b042f06133312d3bfed176231d97d77c
  custom:scripting/monoscript/fileName/BranchesTab_Operations.cs: 764cb17e9337c58ad4f5304b60b2042e -> 57c33f76c527a5aba4d269245ffff188
  custom:scripting/monoscript/fileName/DiffAndMergeOptionsFoldout.cs: 080cbf9242c0571bafa2e45ef8932448 -> 2810bae564e92b04bc7ebe4e47a2880b
  custom:scripting/monoscript/fileName/PlasticShutdown.cs: a8df8eeeed98372d06e446171a192a6d -> 
  custom:scripting/monoscript/fileName/FilesFilterPatternsMenuBuilder.cs: 28072cd275c96994687e6d4d0d6e1dff -> cf716a8d336c8113475a9ca67a799ec1
  custom:scripting/monoscript/fileName/TestRunnerWindow.cs: beab6dc6591535c1b37ec310f1e15af0 -> 156fc89bab7bdd82ca70e07c9aa9ebbd
  custom:scripting/monoscript/fileName/HistoryListViewItem.cs: 2d3b1fc954b6bdbae298ec250ade0663 -> 96f2b67ec620b83e35d13f11877e1ac1
  custom:scripting/monoscript/fileName/RemoteStatusCache.cs: 00463e6b90cfe7da080d7c266f783980 -> 402d5663f3675e9324c129274b0c00f2
  custom:scripting/monoscript/fileName/EditorWindowFocus.cs: 1012e4e2e29e9b29bdcc03d8b92762a8 -> f258b0cf85078a7435d001e522d5e8e3
  custom:scripting/monoscript/fileName/EnumExtensions.cs: dbfa4dc82972125e904bf705c452c1b9 -> cda0742409c4e8ba02ffb7d89dff3e4b
  custom:scripting/monoscript/fileName/ColorEqualityComparer.cs: 9c477fa3f8fc3439b732377dad0e7a34 -> 9ae684bc4a6b608abc9f7f131bd7cb1d
  custom:scripting/monoscript/fileName/NewIncomingChanges.cs: fc48261878ef7e4b956e7172f5803aee -> 
  custom:scripting/monoscript/fileName/IAsyncTestAssemblyBuilder.cs: f88864ba85e2ec28df36a1a7af1974da -> d4bd9849c11964145b1082a4b1d477fa
  custom:scripting/monoscript/fileName/IsExeVersion.cs: 093723a3ef9cbad630dfdc60c764eff0 -> 9ef63354090e3419637bfe79e3489687
  custom:video-encoder-webm-vp8: eb34c28f22e8b96e1ab97ce403110664 -> 
  custom:scripting/monoscript/fileName/UnityIncomingChangesTree.cs: f774bb8bf0bd45a254894c795843c695 -> 42967773c43d3de5d23be4ddc6dfd9c4
  custom:scripting/monoscript/fileName/RunData.cs: 91eb6697698b63fe6764d1aca25f1f65 -> 772bee3d6504258eed6027a2ae076850
  custom:scripting/monoscript/fileName/ResultsSavingCallbacks.cs: aaf02a1e7a92c3896802c1deb489aa0f -> 96b4b28711ac58ce3dc199f3f7371922
  custom:scripting/monoscript/fileName/RerunCallbackData.cs: 4e0f854372c4476a9269ddc9aa7c8edb -> 
  custom:scripting/monoscript/fileName/UnityDiffTree.cs: 447fc3a8922f56330f4bae8c9dc9a8be -> 1029ffd567bc0e646e6b119719dcb2ff
  custom:scripting/monoscript/fileName/TreeHeaderSettings.cs: 114eb9e27124403e8e111494b8eaf987 -> 662b1714c0fce36da72bbfe60201987a
  custom:scripting/monoscript/fileName/PostbuildCleanupAttributeFinder.cs: 23c3a89f1d3b5b5defeaa7555afa30b6 -> a060814a414a9bab17671800d815861d
  custom:graphics/hdr-cubemap-encoding: 01000000000000000000000000000000 -> 02000000000000000000000000000000
  custom:scripting/monoscript/fileName/UnityConstants.cs: 323df5e3c80d05e06517581c776fde34 -> e3d3c3e11a194da9e5bbbfb97087a7bd
  custom:scripting/monoscript/fileName/IsExeAvailable.cs: 3e4283303610c884e542b8f6d3e922d4 -> 4a3dbc5ded94087064afd97407f26631
  custom:scripting/monoscript/fileName/LoadedTwiceMenu.cs: 961f9b82936caa7937046ac23d323c2c -> b54aa2e14eb740621bb6f926af7cb8ef
  custom:scripting/monoscript/fileName/IRemoteTestResultDataFactory.cs: c24506e6d6305475bf6a430f77ac582f -> 75d430448dca0118dc834f9aa964be1e
  custom:scripting/monoscript/fileName/TestRunnerUIFilter.cs: d43f81399e97649a77164015894ec5cc -> 15cddad256d0a7abe9cb58af110bbb72
  custom:scripting/monoscript/fileName/AutoLogin.cs: e67ed70aada38469aeb667115929c368 -> b4cb98371fc38cca00d7123b7e649e12
  custom:graphics/active-color-space: 02000000000000000000000000000000 -> 03000000000000000000000000000000
  custom:scripting/monoscript/fileName/DrawMergeOverview.cs: 1db93bf179b38015949e3a3cb6ef1bd3 -> 49e0e525c3c170f79c20dc6779b7ead8
  custom:audio-decoder-ogg-vorbis: bf7c407c2cedff20999df2af8eb42d56 -> 
  custom:scripting/monoscript/fileName/UpdateReportLineListViewItem.cs: a101f0ba5292fc139445870b3f4af838 -> 9f63395e1ea590dbbab4d59cd0032ac4
  custom:scripting/monoscript/fileName/DrawSplitter.cs: ec7e8739eacabcca3e2946d9833eea0f -> d2f114a8e8e4167f7762d835a83b2f55
  custom:scripting/monoscript/fileName/IAssemblyLoadProxy.cs: df5d93b09382b84c770bb8c70be641c2 -> 10a2bd4f9f1d29ac107ff7e510533c16
  custom:scripting/monoscript/fileName/LaunchDependenciesDialog.cs: e1c527862a66e73f0417ae177d7fdfb5 -> 2cabf22eb95430074b6c730a84e03493
  custom:scripting/monoscript/fileName/EditModeLauncher.cs: 9a2b5bcdc6140673378e5f8105411606 -> 
  custom:scripting/monoscript/fileName/CredentialsResponse.cs: 96b135ae1c4ea541dc762170ea524fa9 -> 3dd2507693e56dac75ee7783f598cbb9
  custom:scripting/monoscript/fileName/GuiHelper.cs: ce709a7d3615bce262722b2ac52d710b -> 7bbb51d455f8994ae6185c7dee04068a
  custom:scripting/monoscript/fileName/LaunchDiffOperations.cs: aeae601320588a70eea7590a2f7e0f69 -> 871a0804a9fe2d9f2ad088303a89a63e
  custom:scripting/monoscript/fileName/PlasticSplitterGUILayout.cs: 111849f67dfbfea65ad2a9298ad1654d -> 
  custom:scripting/monoscript/fileName/TestFilterSettings.cs: 5275be823d4854688aedadf9bf48dfa8 -> 
  custom:scripting/monoscript/fileName/PlaymodeTestsControllerSettings.cs: e4d6c3f42e8f4d17c80242b34c68fd06 -> 90cec9ec9d50d9e797d7b80fa88b49ed
  custom:scripting/monoscript/fileName/CheckinDialogOperations.cs: 0b2a2cd4c41cf1865a29cf91b2a96a48 -> d032d69e8060311c06b88286e8f22ddd
  custom:scripting/monoscript/fileName/StacktraceFilter.cs: 0a3b08d5dc42e75c1d72e2851ec00d95 -> 2f4728b5b8f653bd2197ec8c4b722e7d
  custom:scripting/monoscript/fileName/PendingChangesViewMenu.cs: 68fab310addfd7068cfd7920070496ff -> 9b0019b6df6bb14eb3a2dbafa53fb54b
  custom:scripting/monoscript/fileName/SettingsBuilder.cs: 2166bdf8e77dc5f252cf6909a9196c25 -> 9aeeee75a181ed82e0343a1fb6b9cead
  custom:scripting/monoscript/fileName/SetupException.cs: fa81854dd78d6f47fd79d813aacdb097 -> 38724dd55c58f65b09d9fda4b6161021
  custom:scripting/monoscript/fileName/AssetsSelection.cs: 35cec24e81f0cb1de51daeb356abc4ff -> 0227d7ff4d5687932d10967a945a9b06
  custom:scripting/monoscript/fileName/EnumPopupSetting.cs: 8f6297df34271fdb1ce2d9607ec6261d -> 90647cc400823b41df847a6cbfc29026
  custom:scripting/monoscript/fileName/PlasticConnectionMonitor.cs: 920e8e381bfc94da8bb69d336dda57ca -> 
  custom:scripting/monoscript/fileName/HistoryListHeaderState.cs: 6226ef13a567fa81584864f8698be331 -> a87e0364d14866c369ad50d669bdfa85
  custom:scripting/monoscript/fileName/EnableSwitchAndShelveFeatureDialog.cs: 2cb9334d072aaff777efab2d72a2583e -> 03bdf2f298649e7c429ac90c7a3c461a
  custom:scripting/monoscript/fileName/CloudEditionWelcomeWindow.cs: c886fdb39f4b8787e6ea3701a8f88f4a -> b1721e471183956468462f6b64901640
  custom:scripting/monoscript/fileName/AssetsPath.cs: 367269acf8f676d2cdd30fdc387b3920 -> e0e986124adc46d913f0683c34b88c9f
  custom:scripting/monoscript/fileName/LogSavingCallbacks.cs: 273a5ca581d39891e634ebf18363d22c -> 8eb93b3e2c76ea1a8acb6e2d0b5c5f91
  custom:scripting/monoscript/fileName/ITestAdaptorFactory.cs: bdc8323a65aed17f1190c56e7c6cfc5f -> 0cef1125679c38dd172e82c8aed26eb9
  custom:scripting/monoscript/fileName/MetaPath.cs: 1f80313a7ce6ec6ece505285578f5745 -> 417a84eb354831f828a6752b26c8592d
  custom:scripting/monoscript/fileName/TestListJob.cs: 12fc4e0dee9c9032467b6469e3bed3a6 -> 3a58b9c1d09f7f4ecb41254c8497b5c7
  custom:scripting/monoscript/fileName/AssemblyWrapper.cs: 27441573157e5964a8aeb7d356d13908 -> 888ba979193ec837feef9add74101219
  custom:scripting/monoscript/fileName/CredentialsUIImpl.cs: 90e9c2de8d7bdd8424e0d89c415108ae -> dbacf67c37819fd95562fe169e706732
  custom:scripting/monoscript/fileName/Executer.cs: 115c3fa08937a7411c01dd40a690d19e -> 3f667ef14fa1c500658713b8aa31fd85
  custom:scripting/monoscript/fileName/FullNameFilter.cs: 03e8efaa11fd7332f02cf89719dd5868 -> 7c49c279cb0d631ca64d8b7d70065d9c
  custom:scripting/monoscript/fileName/PlayerTestAssemblyProvider.cs: 4e1569ec89688dc213248db31fc5f2f8 -> cbdd04f669e4e0054bad4f9d3133a10c
  custom:scripting/monoscript/fileName/ChangesetsViewMenu.cs: b720f0168f4ce1b1e0d358a6d5ec9a42 -> 7d1a2de81910b5990e71a0bfff26fdca
  custom:scripting/monoscript/fileName/AssetPipelineIgnore.cs: 0d6998b45aa259f19df735cf43f30691 -> 09786e27e9aef22fa608d3ec356f88ff
  custom:scripting/monoscript/fileName/UnityPlasticGuiMessage.cs: 2a7f71f59c0d7dc731fd345a3713957c -> 24eef0792e3802809607a7f9d04b8f1d
  custom:scripting/monoscript/fileName/OrganizationCredentials.cs: ee462057b3bd23cc3dab953ac4d656e2 -> 0b123406cadd651e9adc01c85fab5124
  custom:scripting/monoscript/fileName/PrebuildSceneSetupAttribute.cs: ab58680b1420f8e2f2a2597e848d8216 -> 7863da9f66129a3cef8eac0a1f19b990
  custom:scripting/monoscript/fileName/StatusBar.cs: 2c8c488a8bbfe924f6b53b202ff6aadd -> 
  custom:scripting/monoscript/fileName/IsCurrent.cs: 7343ceec4312304bb8b398eeb6c375fa -> cf1fd01890d0fd9f011c1a1a491e2cf0
  custom:scripting/monoscript/fileName/Message.cs: 6525f110369b368a724db9468ed4c271 -> 671a789acb2c7a93d0b620fe02979957
  custom:scripting/monoscript/fileName/TestTreeViewBuilder.cs: 8dcd834c64e4c5915b417a6eadea3b2a -> 6e6e33e8d70cf17e89715badfaf4fed5
  custom:scripting/monoscript/fileName/EditmodeWorkItemFactory.cs: 59e0f470d3c4d6fcf2997a182c89bbcb -> e9c8ba8d2a4b7d9a886e64626b2e6205
  custom:scripting/monoscript/fileName/TestListenerWrapper.cs: d3b4dda00570273ec0c1794249fac5d6 -> 9bd83ba3a6a675f3c605795064caa62b
  custom:scripting/monoscript/fileName/ChangesetFromCollabCommitResponse.cs: b986ab8b1acd322b0367812e2d541734 -> ba336e4117e1b7ee28e4c17197bc3d0e
  custom:scripting/monoscript/fileName/MoveToChangelistMenuBuilder.cs: 3a2ef8cb0baf69e5dadeafc731fe32a9 -> a90b3e388d3e1316fa104d4c9a03e2d1
  custom:scripting/monoscript/fileName/LoadingSpinner.cs: b3299af90b664a9f42123e7df43fae24 -> 6aff0ac022d117a8e24a7b5e4b11904c
  custom:scripting/monoscript/fileName/LocksTab.cs: 134c512484ae73354c15c06a6dc69f9f -> 00ffb5a39c16fdc2d733c7e53471a3a9
  custom:scripting/monoscript/fileName/BranchesTab.cs: 764cb17e9337c58ad4f5304b60b2042e -> 57c33f76c527a5aba4d269245ffff188
  custom:scripting/monoscript/fileName/ExecutionSettings.cs: 3e46076abe70bbfac850fc39d98561b1 -> bbd5f229f5dcda0d2d7d6fe8eb266a59
  custom:scripting/monoscript/fileName/ToolConfig.cs: 18b1ea271ce5e7b6deea7b4e8e175269 -> fcffc3165b047f54ed6ccafa4c8760dd
  custom:scripting/monoscript/fileName/DropDownTextField.cs: e66e7314096900597993d2b353757d8d -> c8fc484ce140049ff31ebc2c6cbebf28
  custom:scripting/monoscript/fileName/CallbacksHolder.cs: 064e7d359062664728ef608c9f03a07c -> 8b4255bb9b31589c4c3dd9303007381d
  custom:scripting/monoscript/fileName/AssetsProcessor.cs: 47679a6e15b70f4fef48eb1b2df31b19 -> 18737889e95cd4088e8dfd4153fa8f40
  custom:scripting/monoscript/fileName/DrawActionButton.cs: d847a7d82ac92cab2b3d0ae268cefb3d -> 81e6708d2b8fa199354e53f85db731a8
  custom:scripting/monoscript/fileName/TableViewOperations.cs: ddc7b903e0dbd6bd109f2bd709b95f0e -> bef3a31deb1fe794a90f767d16e4c868
  custom:scripting/monoscript/fileName/CategoryFilterExtended.cs: 4662b13a61207dc88937c796423baa70 -> fc9bf6f795e045112c18a4c1343c1ae1
  custom:scripting/monoscript/fileName/UpdateProgress.cs: 5b04f01bf199310f09ab9522f89c78f4 -> 281e1e05168d6a30be1d8d2f6200bef8
  custom:scripting/monoscript/fileName/RequirePlatformSupportAttribute.cs: 7ce6733bee18de599a69cb974c92fdb6 -> 6918694e41aa1ffd5ee72bd04646d4bb
  custom:scripting/monoscript/fileName/OrganizationsInformation.cs: b3f0758c6655b2dad1161792812992fa -> 5f067ea8d90fc79055a3dcfd58ae6dca
  custom:scripting/monoscript/fileName/ChangeDeleteMenu.cs: 652dcd6f863c509bfa0376b6d95ab1ec -> 4fefe66d6e279ce0ac2fdc57d409f232
  custom:scripting/monoscript/fileName/SubscriptionDetailsResponse.cs: e10e0299ef716630c63b8cf5f792cda0 -> e5121cec860a6d1097cc809217b3d8fe
  custom:scripting/monoscript/fileName/ToolbarButton.cs: 47dc767626bbd94d66707af31ddc5eb6 -> 
  custom:scripting/monoscript/fileName/DrawProgressForDialogs.cs: 5f8d39e3ea7c4a42148c6b1a7b4ca061 -> a5f2abd8875e7a6afbc171fabfbae81f
  custom:scripting/monoscript/fileName/TestPlatform.cs: 1e3283087fad58204285b5e9c2e16b4e -> 63c69f9b78d9a1c2cdf167569fd572b6
  custom:scripting/monoscript/fileName/ProjectViewAssetSelection.cs: 349dc288d32791de51156d4e59000b7b -> 2560eadaf6a13a74a46a4a207cd5a8b6
  custom:scripting/monoscript/fileName/DrawTreeViewItem.cs: cceebc4f1185658619e40964f29acb08 -> 0921a62a588ab864253743d1f07afb5a
  custom:scripting/monoscript/fileName/RemoteTestResultData.cs: ff93ebb056d1cf8fdc7e897597b04ef6 -> 68a2b51f8872b9ef697b2155d9835735
  custom:scripting/monoscript/fileName/DrawSceneOperations.cs: 2426c0c2ee58cd28be59874f6425940c -> d87f46f9fb97181a2f51490ea2e1efc3
  custom:scripting/monoscript/fileName/IMonoBehaviourTest.cs: 272926e14fa72b11b0070eae8b5853ef -> 93dca3fac2d68012529173d3e7bc10a2
  custom:scripting/monoscript/fileName/CoroutineTestWorkItem.cs: 8fab9934b84f896f44392a777ae472de -> 8a69ee5c1adc29acc0a66cb7df14cbcf
  custom:audio-encoder-webm-vorbis: bf7c407c2cedff20999df2af8eb42d56 -> 
  custom:scripting/monoscript/fileName/DrawActionHelpBox.cs: dcd6ec2e7fb1b44f22c4a79ff87b70cd -> c8f6be9dab1e6f8d71e0c63c29679186
  custom:scripting/monoscript/fileName/PendingChangesMultiColumnHeader.cs: 21802cc6929e0e180fb4f0be8e34d9d0 -> 722de7d6e07a79981d750438e6febb8f
  custom:scripting/monoscript/fileName/EditorDispatcher.cs: c739e073a8c38dbcf59192f45d1004c5 -> 3c402eae57d73cc54863f3f6a13096ae
  custom:scripting/monoscript/fileName/MovedEvilTwinMenu.cs: ce111941dc7264d29598ce7fd2770927 -> d480b839850d28c1c9526cb587fc752d
  custom:scripting/monoscript/fileName/UnityWorkItemDataHolder.cs: 5e123fac5cc49e9acfe91048eee308ae -> 94e44d74f673f889418b2b9926b6615c
  custom:scripting/monoscript/fileName/ICallbacksHolder.cs: e330f681a4da017eb82339063a410722 -> 790e89a97c8150c3044e584386d3ba9a
  custom:scripting/monoscript/fileName/PlayerLauncher.cs: 7004f613ecfe1e179e7b362c88c3ddb7 -> c1129f48ad00377c128c470482bb7e8e
  custom:scripting/monoscript/fileName/UnityCombinatorialStrategy.cs: bd44b85caa82e1f08c977cc9d9157c40 -> e857e6faada8b59173cb249a8a6be6fa
  custom:scripting/monoscript/fileName/IIncomingChangesTab.cs: d4ceabdc48d8a1872bbe87f04d89a4ff -> 40644cd18074db84684b9e437bf8fa77
  custom:scripting/monoscript/fileName/CoroutineRunner.cs: bb2107d11619bb60075736a2632662be -> 06bef19f6905915189ed09a2db9f2885
  custom:scripting/monoscript/fileName/ConstructDelegator.cs: 7526886647893577a45527c0f6393600 -> c271ca33e5434ac87e82546dd149c303
  custom:scripting/monoscript/fileName/UnityLogCheckDelegatingCommand.cs: 109adc74b3ab14d952109f6ed35bdacf -> 410acedf83a5c4e9d5a212b5635d0c88
  custom:scripting/monoscript/fileName/GetChangesOverlayIcon.cs: f00e4b795697c6cf3092760f3b6fc49d -> d599d6efdee28305661bc0cf6683858a
  custom:scripting/monoscript/fileName/ShelvedChangesNotification.cs: 13b6a2ccd8b4ac1f5ee30c8404cea3b0 -> a27e9e7b242b904f41fc1b16d3a1b3fd
  custom:scripting/monoscript/fileName/ILogScope.cs: dd29c4b8ed4c54280ca787c474cdd843 -> e99dd640a2ac2c8b1c0c97725f23440d
  custom:scripting/monoscript/fileName/EvilTwinMenu.cs: 475a88947051822ca4915306469f9bcc -> 919e4faae0573e49949f6dfbb5a733da
  custom:scripting/monoscript/fileName/ChangesetsListView.cs: caae0aefb36c869f50691482a5cd0944 -> 87b74e0d80cf59010f55e2baaeb6679d
  custom:scripting/monoscript/fileName/UnityWorkItem.cs: 03c602cd83845fe6265dc83816099666 -> ce02ef2c77c866afeb6c04a89a364a8a
  custom:scripting/monoscript/fileName/UpdateReportListView.cs: 2d8fccdaad50bbd7454b52cf9cb4a0f9 -> 08d26df1ab6c3a7628addc5e54e50b08
  custom:scripting/monoscript/fileName/IAssetsDatabaseHelper.cs: 8bbb0e39e3cfde6c5b6c11074d90971a -> 4f8027cddf715e38f75ab454f20fe051
  custom:scripting/monoscript/fileName/UnityConfigurationChecker.cs: 59a8f0715a7c89a752351bf42f94abbd -> 874cd65cce0384fef4b60e71fb08a429
  custom:scripting/monoscript/fileName/EditModeRunner.cs: 0c2c70d0e910f1733ef8492efbf3dda1 -> f1ceb581ae48e42ca32e80f796ce45bc
  custom:scripting/monoscript/fileName/ConstraintsExtensions.cs: 19d048a2938a4b2b178e7e91279126b7 -> 89e01f1f8de15d891db3bad70117d924
  custom:scripting/monoscript/fileName/UnityTestTimeoutException.cs: 7c70971bbddd1caf6485b8c5b935d369 -> b7ec28ea102309dc20886c45fff1e1b5
  custom:scripting/monoscript/fileName/TestRunnerResult.cs: 2b3fdbda67626b6faa7139ccea15b17a -> 613fb3e1dfef14aa9d5aea2cd635ffff
  custom:scripting/monoscript/fileName/UtpMessageReporter.cs: 6f35c7d2ea8786c1fd8fe557180d6c38 -> 1ce82c57220e51532d6b3e5da0cecc24
  custom:scripting/monoscript/fileName/EnumeratorStepHelper.cs: a2fa98a2f974f377b9c2905ce60dea0f -> 05022a723dcf173476ccb43403871168
  custom:scripting/monoscript/fileName/PlaymodeWorkItemFactory.cs: a61a7bf2d749182a50c049a0ad4afb89 -> 8bb2d7c0ad22b08cf17b1748007ae8c3
  custom:scripting/monoscript/fileName/CheckWorkspaceTreeNodeStatus.cs: 5e11ff64963669981115eb58dc2b6e8b -> 1e1255b803bf7cbc935bb804bf0dbe7b
  custom:scripting/monoscript/fileName/RemoteTestData.cs: 5baf4798e5344c86aa4ccafb41b2624c -> 51ba1ddd57fb71948e60067806b9cfcd
  custom:scripting/monoscript/fileName/TreeViewSessionState.cs: 8333273b312d475b653610e2871c20a5 -> 9f39a2ca55a7481b8ba078d3a2b6815e
  custom:scripting/monoscript/fileName/StadiaPlatformSetup.cs: 589eaf4f5c2f63a79deb4c2735e3b746 -> 27e00e91e04b4888c1d6354fa4baa6a5
  custom:scripting/monoscript/fileName/ErrorsPanel.cs: 21fc210ee17d5e95782397ef8c7dafab -> 515b7ba9af5e7885ba3068b1d63c6104
  custom:scripting/monoscript/fileName/PlasticPlugin.cs: a57c142b98ca3d4daad221737fd72924 -> c64561980f26020cc3206ae8b1047268
  custom:scripting/monoscript/fileName/SwitchModeConfirmationDialog.cs: 4d9c02587760213784bfe53d012122b4 -> 30cd71d0b3ee4b2689cde689908d301e
  custom:scripting/monoscript/fileName/PlasticWindow.cs: fc467478941f610919bc69526ba2c215 -> 
  custom:scripting/monoscript/fileName/LogScope.cs: 51679d4f7708329af3d47e56656f8988 -> a032a8edefa3a04276b9f24e5047f2ac
  custom:scripting/monoscript/fileName/PlasticExeLauncher.cs: caa0b5dda5df50c85bb19d27252d16b9 -> f1da27253760250030952f02cb54965a
  custom:scripting/monoscript/fileName/TestPlanMessage.cs: 15cf5225dc1e7b1718be35fb09144b5b -> 6199b0505360321c39d00a607adaaf8d
  custom:scripting/monoscript/fileName/ITestRunSettings.cs: 7462715f6a540bde0acfd50948410d32 -> a5342276210c7f86635118880184dc77
  custom:scripting/monoscript/fileName/BranchesViewMenu.cs: 8089f11c30784e2e57775dd6cdbae898 -> 7bfc83e917c9b0b5aa423bb947ce2a38
  custom:scripting/monoscript/fileName/CooldownWindowDelayer.cs: 7816cfcad485500dbac9993c4502ea69 -> 4c95e39c8dd4cfa1bca106097fdb6524
  custom:scripting/monoscript/fileName/SetUpTearDownCommand.cs: 2a0e8cc178919ce84c52af1a4ddfce30 -> 684e5d1c75373405f8a6c9575324286f
  custom:scripting/monoscript/fileName/EditorEnumeratorTestWorkItem.cs: 7bf37d3cd666bc3e840f63f05aae4d05 -> b8f886476b7c18f3c1cdeae30ec0c8ea
  custom:scripting/monoscript/fileName/GetInstallerTmpFileName.cs: fa7bda723ac795b48e38504727f44981 -> d09e0b5c7a9af5874530e17ef23025f0
  custom:scripting/monoscript/fileName/AssetModificationProcessor.cs: a602c9e59e7db185e3a0d68d986e6fef -> 
  custom:scripting/monoscript/fileName/IsCollabProjectMigratedResponse.cs: 4c3294c6a51e6f42161d191230692016 -> af2b76c693935deee55cfcaed2aa7568
========================================================================
Received Import Request.
  Time since last request: 132051.557190 seconds.
  path: Assets/xxx.prefab
  artifactKey: Guid(f464c039383b40b4f807fe2875303047) Importer(815301076,1909f56bfc062723c751e8b465ee728b)
Start importing Assets/xxx.prefab using Guid(f464c039383b40b4f807fe2875303047) Importer(815301076,1909f56bfc062723c751e8b465ee728b) [PhysX] Initialized MultithreadedTaskDispatcher with 12 workers.
[PhysX] Initialized MultithreadedTaskDispatcher with 12 workers.
 -> (artifact id: '5da12dae20bd0239fc5b52765c07ce1b') in 1.349198 seconds
Number of updated asset objects reloaded before import = 0
Number of asset objects unloaded after import = 364
========================================================================
Received Prepare
Refreshing native plugins compatible for Editor in 36.26 ms, found 4 plugins.
Preloading 0 native plugins for Editor in 0.00 ms.
Unloading 0 Unused Serialized files (Serialized files now loaded: 0)
Unloading 1 unused Assets / (0.9 KB). Loaded Objects now: 4965.
Memory consumption went from 83.1 MB to 83.1 MB.
Total: 4.455200 ms (FindLiveObjects: 0.412500 ms CreateObjectMapping: 0.200600 ms MarkObjects: 3.804800 ms  DeleteObjects: 0.035700 ms)

Prepare: number of updated asset objects reloaded= 0
AssetImportParameters requested are different than current active one (requested -> active):
  custom:scripting/monoscript/fileName/IPrebuildSceneSetup.cs: 086a540b86c9ccf5ce0a23935a64c98d -> c89711320cb5af11897ec50fd61d4419
  custom:scripting/monoscript/fileName/BuildMergeTabParameters.cs: 2c923f29302a39560b4301c3fd163a7b -> 
  custom:scripting/monoscript/fileName/IncomingChangesTab.cs: 8a20aca125f6d4b837670edb6e36bc05 -> 82bff1d960538992d4e618d909869d2e
  custom:scripting/monoscript/fileName/EditorAssembliesProxy.cs: 23426c61d1cfec53ec65b1ed2f77c773 -> ef0f2d44f3e723650bf58ba30866667b
  custom:scripting/monoscript/fileName/OuterUnityTestActionCommand.cs: eacf156fb6f74d2f6b697bf47e9a72eb -> 36c13d7d2a2c5c2f372e7b1c0cc06d4d
  custom:scripting/monoscript/fileName/TestJobDataHolder.cs: 1e3b4dec54d5610ff8a852c0a9fccf2b -> 2c9edeeac80ff44e86cac8087411d260
  custom:scripting/monoscript/fileName/DiffSelection.cs: 34faf7c86f7e0c9a01162e930679d82f -> 1460aaba4240ef35322cb9c198487990
  custom:scripting/monoscript/fileName/EditModeRunnerCallback.cs: 8a8dedaa2bec26f26744df4ec8e2f191 -> 
  custom:scripting/monoscript/fileName/EnterPlayMode.cs: 3cb26e64a9bc927aa1556d517c8e8a78 -> c730bf9ff77514bb260ba9933378e49c
  custom:scripting/monoscript/fileName/Filter.cs: 18ef22850e69a0e3e97548ae5b255f92 -> 935824dbebf762a19f2d4c4751625fe2
  custom:scripting/monoscript/fileName/DrawStaticElement.cs: 6cbd346d4a1be2ee84c9ebe55a7f9f79 -> 5765d84d60602f16f5577bf0b7fc6b96
  custom:scripting/monoscript/fileName/MoveDeleteMenu.cs: f1a7b8a8be76c035d934c51863f3b934 -> c4ad4528e772c33a6167006886a8d1da
  custom:scripting/monoscript/fileName/DialogWithCheckBox.cs: 738e3e0af97e826e16805dda77e5f009 -> 
  custom:scripting/monoscript/fileName/UnityTearDownAttribute.cs: 4a3d30720366843ca221fd554845c187 -> d90d4ba0821a80f48bd6cec8eab8964f
  custom:scripting/monoscript/fileName/DateFilter.cs: de3aab0283a2b4a1d4d64145b14132d5 -> 3a6cb8c2e3ffbb5a9052e322ee5bf411
  custom:scripting/monoscript/fileName/RemotePlayerTestController.cs: 83176596b43ae79e65d8c3ccfd7c1c75 -> e65e7856c7b5238a13243fffbf64f7eb
  custom:scripting/monoscript/fileName/ConditionalIgnoreAttribute.cs: 507a506f130880469465e0381c429447 -> 9f2f3d4c6b56d5f470ccdd0e1820d51b
  custom:scripting/monoscript/fileName/TestMustExpectAllLogsAttribute.cs: f1224ac9ffb401dcd2c905e6a783da06 -> cdf1c75549affd080e0ddbde5bcb7c34
  custom:scripting/monoscript/fileName/TestBuildAssemblyFilter.cs: e3ae3b9dfa7b065b08d520845d4f070d -> 056870da734fd8ecf77d00737a22149f
  custom:scripting/monoscript/fileName/ITestRunnerListener.cs: 07f2f49d67775d1bad20bc1589a5769d -> d52675266925b8e603f210be3981d59b
  custom:scripting/monoscript/fileName/PerformInitialCheckin.cs: be22d181e456c0a8a5713675f29ac72a -> 8ef9a9f407b8b94b2b5fad9d24e61f79
  custom:scripting/monoscript/fileName/ConflictResolutionState.cs: d9394655856a9fc1a0b280bc997bac16 -> 74a230000ff2fd58c5a60ab4258207dc
  custom:scripting/monoscript/fileName/IEditorCompilationInterfaceProxy.cs: e8a39ed00046a7b93647d4de1a3e0e00 -> b1e49de3ac2ed1feea91c5f6846d6e49
  custom:scripting/monoscript/fileName/EnumerableRepeatedTestCommand.cs: 229b55de651d474bc2ca3733382eef36 -> dbdc4517e80e66a31f48ce40e06931f2
  custom:scripting/monoscript/fileName/FindWorkspace.cs: 39bbd18bfe6bf4a99f5c185dcda4dd4a -> 6af6c9e9382fef881c020ab184e6f7f5
  custom:scripting/monoscript/fileName/CommandLineOption.cs: f2f0dbe72e14e05a5259c3e6cb3ececc -> 211f73ad4421274a5a418608b74cc839
  custom:scripting/monoscript/fileName/IPostBuildCleanup.cs: 7bc004ae26b110cd32d3401b0981f815 -> 8d43f6dbc44addb43106f91d15047771
  custom:container-demuxer-ogg: 62fdf1f143b41e24485cea50d1cbac27 -> 
  custom:scripting/monoscript/fileName/TestListTreeViewDataSource.cs: 8b5a59ec2d06d36e63ce53a34e1d591e -> 153f0d5d9a6099f80f6d26e9c0ad6b7d
  custom:scripting/monoscript/fileName/CheckinConflictsDialog.cs: d3af1d70d3f60a9847d2942647274222 -> e13fa04a97fb675842c94586fc602871
  custom:scripting/monoscript/fileName/CommandLineOptionSet.cs: 6bb45bf9141d4fec50aae5aa4651fa84 -> 57b6c3812f217f48a5cedf066a216cfd
  custom:scripting/monoscript/fileName/ITestRunCallback.cs: 0ac8617cc2dc9780c575b6eb03f6d505 -> 7d90e4d27cccfe89ef24a93578e15a74
  custom:scripting/monoscript/fileName/AuthToken.cs: d22b2893825e943bc1389be142abd57e -> 0fba7e8eb1ec8b699f274cdc956451b2
  custom:scripting/monoscript/fileName/ProgressControlsForDialogs.cs: 6bf8e69ac7dc2163fe988e5d8181ce88 -> 7e6bd1727985204e3b64e1946e589b1c
  custom:scripting/monoscript/fileName/AssetStatusCache.cs: beede06d8a6d93e7907fd192ad653f2b -> 260d5f85663ac58b2a7e9553c453bc3e
  custom:scripting/monoscript/fileName/IEditorAssembliesProxy.cs: 81289fa7514ad1168ecb67afff27720d -> 8586f95fda82b1fa948b8ac0ebb50a9d
  custom:scripting/monoscript/fileName/AndroidPlatformSetup.cs: 56c28d48cf01b1b2c96f64a6827ffac4 -> 67d5fa212608c900d88b1544a5f49997
  custom:scripting/monoscript/fileName/OrganizationPanel.cs: d7ac1288bef1b15a05bb26d201a4d87f -> 57a57e6a345dbd536e91c348b70943a9
  custom:scripting/monoscript/fileName/ChangeCategoryTreeViewItem.cs: efd70108e1f6ff61ed2723220486adfc -> fd14db176fff061715c8ec88ced1902f
  custom:scripting/monoscript/fileName/CurrentUserAdminCheckResponse.cs: cec2f173fe8732108711c497674c6f66 -> d57c2dcace740834acd59fdfbc5023b8
  custom:scripting/monoscript/fileName/RenderingOptions.cs: a84cebfad0b53e3dbf0202be3cc1d6d3 -> 
  custom:scripting/monoscript/fileName/WorkItemFactory.cs: 9cd58300f748e3250316447e9d2a8d06 -> d8b2e380888ccc980a475a01f04d7a45
  custom:scripting/monoscript/fileName/UIElementsExtensions.cs: a191d7293be4538b0adb29dfe5b06a46 -> 52e0d612ab032e4d22e9558b90396b99
  custom:scripting/monoscript/fileName/PlayerLauncherContextSettings.cs: 89c041e42e3e6c336ae4ddeb40f2d12f -> 3c0a34dce28ade8f88b3e213fadb0738
  custom:scripting/monoscript/fileName/CreateBranchDialog.cs: c429477092287209232592c8cde1a615 -> 9eb29fda08033b4f847247136c412db6
  custom:scripting/monoscript/fileName/RunSettings.cs: c8ba576640d505c59ca4d995eb1b55e6 -> 6770f3fdaf287e73ff6c63f28a5a7e92
  custom:scripting/monoscript/fileName/UnhandledLogMessageException.cs: d6d6ca25090fc3eec22959040bde30f3 -> fa6ee6fe2a221a71f213304ae56898c7
  custom:scripting/monoscript/fileName/EnumerableApplyChangesToContextCommand.cs: 7e82e96f40f2bf4118aab6f6aef1d287 -> c2aa6cedc66892dd581c50a4d9b6a147
  custom:scripting/monoscript/fileName/RecompileScripts.cs: 33cdfe80e47d8b05e5ee4c6c33b4993e -> 73e345449efb1420f34aad9debcdf2bd
  custom:scripting/monoscript/fileName/DelayedCallback.cs: 4d96f98a05296a6e495fa9916bc0a91b -> e88c5396d33adcd6404b4cb8a051b2b1
  custom:scripting/monoscript/fileName/OrderedTestSuiteModifier.cs: ddbca70bf46f5e4ca706b058ef23253f -> 6a8006d91a7636d39c6731494060c3c2
  custom:scripting/monoscript/fileName/DrawCreateWorkspaceView.cs: 6422239d8f649480614f0dd4f018b7f2 -> c6039ac84d85ab3926aa94de163a9f7d
  custom:scripting/monoscript/fileName/ProjectPath.cs: 5634ebdbea8ca94089eb9622d1b60497 -> 2007f972d3a73eeb86dfe05e849c7f69
  custom:scripting/monoscript/fileName/SSOCredentialsDialog.cs: 8967ceae1bc195ea8dd32b23c42dd852 -> e140ede12a96f68f30062138385171c3
  custom:scripting/monoscript/fileName/DefaultTestWorkItem.cs: df6f5a85dcc29cabfe426927cfff8766 -> f906b4fb5b78cb9d23a07212620919d9
  custom:scripting/monoscript/fileName/TestRunnerApiMapper.cs: 213999ba10693518027e8ab0204d1885 -> 241489454095fad1d1d89166ee62820f
  custom:scripting/monoscript/fileName/LegacyPlayerRunTask.cs: 328c044124055242f6ddb7aa596ab1d3 -> 148e0500b0761261bc418d25c26e82b1
  custom:scripting/monoscript/fileName/Vector3ComparerWithEqualsOperator.cs: 6b9a33545ada02177d266ed1f5b19290 -> c497cde63ec72672e5f69e70b932688f
  custom:scripting/monoscript/fileName/IGuiHelper.cs: c60290192a780a358cb4d2eed657f7f8 -> da57d3fb0f8ace42d5b01eed25e9e3d5
  custom:scripting/monoscript/fileName/DownloadPlasticExeDialog.cs: 2dd40c53d0303d041a27a44a95c331cb -> 093cfe0607c2346a88cdfdfe1435614f
  custom:scripting/monoscript/fileName/GetOperationDelegate.cs: e719058321e4f2be94be212e42f097c8 -> 
  custom:scripting/monoscript/fileName/OutOfOrderExpectedLogMessageException.cs: 22c4a953865c583fd55d80a54c5d6c18 -> 4ff78bac16cc86124e588c20ad3ddba7
  custom:scripting/monoscript/fileName/IPlatformSetup.cs: 9a0668684da27d1ddefa88d99d869448 -> 6f20476898784a15f8b8eb28653a67fd
  custom:scripting/monoscript/fileName/TestTreeViewItem.cs: 3239fe248332ddd6a904d9cb0680e538 -> aae3d62f4daf680133c1c18c7814d15e
  custom:scripting/monoscript/fileName/AssemblyLoadProxy.cs: c6dff8352382292b9959041d98303a41 -> 0f3a4ee005eb8f7b33161c2ba6196e00
  custom:video-codec-MediaFoundation-h265: 746d11721c4dcdbdad8f713fa42b33f4 -> 
  custom:scripting/monoscript/fileName/SaveUndoIndexTask.cs: ab03f94eed1b9c2e86cabe91ffdb6ab8 -> 6e0bcd5f418cf8184993174ac732fff4
  custom:scripting/monoscript/fileName/TestResultRenderer.cs: 9bb52db8cdd7fbc7b27d62af73d00df8 -> 2e8123de6d2eea4d42efb7a87e150b27
  custom:scripting/monoscript/fileName/WaitForDomainReload.cs: ec74674e8cae527fdeb410a81a4658a3 -> b6033700f0adcf3b23782f04c42e269c
  custom:scripting/monoscript/fileName/PendingChangesTab_Operations.cs: c99065f3c85ec85c85ece2a1a30665af -> 15ae6787065f4af65778e981f418a60b
  custom:scripting/monoscript/fileName/LocksListViewItem.cs: cc9cd24c5be4f7363367cba72f12aad4 -> f4a19fabbec093eb3d6a7e1cd4f42611
  custom:scripting/monoscript/fileName/ITestSettingsDeserializer.cs: e43933e90cb98a9555f922952cdb833f -> 22e37de7af2cea07971d0ba87110dad7
  custom:scripting/monoscript/fileName/UnityTestAssemblyBuilder.cs: 9b6ef4c0578639ba943c8f65e1e8d74d -> fa151eb16842256647a2914b37e4bf9d
  custom:scripting/monoscript/fileName/PendingChangesViewPendingChangeMenu.cs: 561ad0f702e1db14300a4a5f810051f9 -> 9a6ef2277212bf26d647c7f12f946287
  custom:scripting/monoscript/fileName/SignInPanel.cs: f7e82045994d4eefe3b021faa87b55c6 -> bac0318ce35e37bed3a2cc8137452435
  custom:scripting/monoscript/fileName/DrawInspectorOperations.cs: 61c4a6a6507d8f84ef5bdf5cba3f0aee -> 8c94fe642e98309082411f46db89106b
  custom:scripting/monoscript/fileName/AnalyticsTestCallback.cs: 86b513e5c36f0343183de924372e6da6 -> 70c2658c96c40ebe349fda85c81dae6e
  custom:scripting/monoscript/fileName/TestTaskBase.cs: 4b3bfcc0ce488c09e9c983c955b234c0 -> 162ca0c58961a22b2d7f2a866ccb62df
  custom:scripting/monoscript/fileName/DrawDirectoryResolutionPanel.cs: b77d9918f02a8eac64394aaf99fa4b28 -> e4e3c9b4bc511687802b504b71016540
  custom:scripting/monoscript/fileName/CloseWindowIfOpened.cs: d820344e932a12600b5fe6fb7e9f1563 -> ce229ef3b7461ff17e2c1af0695a6657
  custom:scripting/monoscript/fileName/SaveAssets.cs: e472a52843752df7d7ad4ca6b2c8da98 -> b56abea3d51c742ac29e4aec958afad6
  custom:scripting/monoscript/fileName/TestLauncherBase.cs: 55b4d99610fbeb9ecb7ee6ead3251104 -> c78237b225a855d3af10df4cd8d6a1b2
  custom:scripting/monoscript/fileName/FloatEqualityComparer.cs: 4dac02b3f722be0497415c960455318c -> 6ddc5d5b0944c660e6b695f37c9febc8
  custom:scripting/monoscript/fileName/ResultSummarizer.cs: fcfdcb2adeeb82cb8f411b44b44abdb0 -> 
  custom:scripting/monoscript/fileName/MergeViewMenu.cs: 93bc40369a2f104c249cef1d685ad358 -> c1676e16bdcf215f6595ea9de7a1fc33
  custom:scripting/monoscript/fileName/RepositoriesListView.cs: 9f95c83dc460fb03fb0916472f14b8a7 -> 95287f65338ca0073ad04002a16eaaf7
  custom:scripting/monoscript/fileName/HandleMenuItem.cs: 740e54c5f6dca1acc88cad87af74b744 -> b4ad1ecc5243212c5967125ad5e41b1f
  custom:scripting/monoscript/fileName/CompositeWorkItem.cs: 77037823112276c67676f1e42edf1cd2 -> bc884a89fde61fa75209209a03bbd836
  custom:scripting/monoscript/fileName/ScreenResolution.cs: 5c975132cf4e36dcc261bd0acd604271 -> 7bb7bb5b955671820101b322f0a7bf3d
  custom:scripting/monoscript/fileName/RunFinishedData.cs: 35b8f95dad4fefe115ad61c2c01125ab -> a22f15c3a79d1f15ccc31ec29ab37874
  custom:scripting/monoscript/fileName/ApplicationDataPath.cs: 8e4094e28762fb76a1baecfe90c6b65e -> 3e8c4ea8debfda8013fed860ac233d22
  custom:scripting/monoscript/fileName/MergeSelection.cs: 6deb9bc55c10a7ac7c9f905a7b92dbe8 -> 630eecd27cae3311e65e09d9c63da8b7
  custom:scripting/monoscript/fileName/PlayModeTestListGUI.cs: 9528035223f9376ea8c5bf32da2d30c1 -> 
  custom:video-decoder-ogg-theora: a1e56fd34408186e4bbccfd4996cb3dc -> 
  custom:scripting/monoscript/fileName/RepaintInspector.cs: f134606300316994850c28a68d0cb5a3 -> 
  custom:scripting/monoscript/fileName/LockStatusCache.cs: 5e3725e03dc21c716034553589a67eae -> e99b3f34c5cd3eb73ec19439af1f7f80
  custom:scripting/monoscript/fileName/DiffTreeView.cs: 68195907d129ef826aa6b6df7202696d -> 49f46fd2a65ea674a218eead75f27aac
  custom:scripting/monoscript/fileName/UnityTestProtocolListener.cs: 031f67bcc950e88772c7e00661691db9 -> 0d4d2ab58d3a081f00c0f200ee8696be
  custom:scripting/monoscript/fileName/DependenciesDialog.cs: 82d30fc8d5e1a73ec0d1ee9acc00fbc2 -> c8902186ab2f4e6471b5dd147afb01b6
  custom:scripting/monoscript/fileName/ChangesetListViewItem.cs: 95a197949f1e777703db60eea8cc21b3 -> d742a4910e302777daa1ccb9c8e92cb9
  custom:scripting/monoscript/fileName/LocksViewMenu.cs: fda08381fa9abca53b6eaf3bf55f14f8 -> 186d8514e824865b191ba1829afe4b33
  custom:scripting/monoscript/fileName/MonoBehaviourTest.cs: 8f6297df34271fdb1ce2d9607ec6261d -> 90647cc400823b41df847a6cbfc29026
  custom:scripting/monoscript/fileName/IncomingChangesViewMenu.cs: 5f96afa82d3e2a8078206b7f6d3b0752 -> 13196979a03411533716f6775c9a624b
  custom:scripting/monoscript/fileName/QueryVisualElementsExtensions.cs: 75ea535788abf9c38ba9341c984a6241 -> a49740b6efbb934f55475cc70b864a4c
  custom:scripting/monoscript/fileName/DivergentMoveMenu.cs: 5b146ed65a6a030ab7d86a0d711244f7 -> 98d76b5791494212a0c25aa6a4af7288
  custom:scripting/monoscript/fileName/TestResultRendererCallback.cs: 11a504294abe84b81ed7535d2d6b52d7 -> 215106b260625bb3e26681b849d9307d
  custom:scripting/monoscript/fileName/PlatformSpecificSetup.cs: c7583018fa54cbb13353f07300f73380 -> 0a7f9c0b27ae370d8bd5d3df4916ae28
  custom:scripting/monoscript/fileName/EditModeLauncherContextSettings.cs: 716154923321c522b7f6492b24dc4629 -> d1e413330d98a9101237ccbe91f95dea
  custom:scripting/monoscript/fileName/PlayerQuitHandler.cs: b367910cee7b2e682885ab95e27ec0ea -> b4085dee8fd70ae04ac96945fafed489
  custom:scripting/monoscript/fileName/WriteLogConfiguration.cs: 1a8401f47b522f631a3dc005105719f5 -> 1589212d1638ae91a029ea3ddf9999f2
  custom:scripting/monoscript/fileName/PrebuildSetupTask.cs: c7a55bff004702e0146f0b7de9de0c32 -> a4e888a510b1441a257b12183e59237b
  custom:scripting/monoscript/fileName/UnexpectedLogMessageException.cs: eb4b453bac6ce1ffa84fa1fcbecd8818 -> a7bbf32861c66018271b093fc1d1061b
  custom:scripting/monoscript/fileName/FileSystemOperation.cs: c31a686e69e66801c204a11be56c950a -> f0ccbe91654279794a85bf6f1c034716
  custom:scripting/monoscript/fileName/RerunCallback.cs: ffe49cf602017087ffa7749d06513ace -> 
  custom:scripting/monoscript/fileName/MigrateCollabProject.cs: af93695e471d9c8e4ad014c4165f2c3c -> 9f3487f03a783b35518405572f20ac9e
  custom:framework-win-MediaFoundation: 216162199b28c13a410421893ffa2e32 -> 
  custom:scripting/monoscript/fileName/ITestListCache.cs: 530322f74ae4ee44bba33a2f253d3260 -> 93f202374a8dd6602503d990ab2feb72
  custom:scripting/monoscript/fileName/TestRunCallbackAttribute.cs: 0f465317bd2bfaae92f90a6ee84c0d18 -> c61459d4a70eab5bd767d5a1f82f55d8
  custom:scripting/monoscript/fileName/ProgressControlsForViews.cs: 7d677c6df38ab15cf390062b5b0bb854 -> a8a18a90f46aa63848e1e45d8d7ff9af
  custom:scripting/monoscript/fileName/DrawAssetOverlay.cs: 04a46044def089f0abcdafdd281e3646 -> 
  custom:scripting/monoscript/fileName/PrebuildSetupAttributeFinder.cs: 2bad1feb91972325181c65f0d7b65426 -> 1f975f3a70c8f9747da919735d84e6c3
  custom:scripting/monoscript/fileName/ProjectWindow.cs: c62567a3d71fd74636bc783de5162474 -> 
  custom:scripting/monoscript/fileName/TestExtensions.cs: 06f4dc0f3112fa2e5582ace2497b1b80 -> 8e47deac44d7b87eaa5df5d00556dc15
  custom:scripting/monoscript/fileName/TestEnumeratorWrapper.cs: 3f82598f123760f637b0f70a1f287d77 -> 3e969f8448dc5644f60fbcb6f1badbcb
  custom:scripting/monoscript/fileName/MergeLinksListView.cs: 826afb5fb5988163105086b4bf5027af -> c9488671ae9b14523680d0c19097baa0
  custom:scripting/monoscript/fileName/UnityCloudProjectLinkMonitor.cs: a6d5b729fcd63f578363f7929a986e8b -> 86b74508945daf368996ea82904ac8da
  custom:scripting/monoscript/fileName/LogWriter.cs: a4f5ec34386b4e23f87b43dd16f6db46 -> 89105d9cfbe59e79a996dde998b3e7ff
  custom:scripting/monoscript/fileName/AttributeHelper.cs: 9458f4b34c0ac14db5c169abc8e43f94 -> dcab3630cb119e1a5f7f9c7b24677e49
  custom:scripting/monoscript/fileName/TestRunCanceledException.cs: 95340416bb18b4fa3930cdab2cc1fc66 -> ff7dc6bce365deb50fafe94b823009cb
  custom:scripting/monoscript/fileName/ISettingsBuilder.cs: 519472d4601ec620807556de1c3db699 -> af84c62ea6a033820a24a2d04c70d5c3
  custom:scripting/monoscript/fileName/Vector4ComparerWithEqualsOperator.cs: 3cde4a46f80e6bcedaef4297c8060490 -> 982db4358832ddfb456522b96543f1da
  custom:scripting/monoscript/fileName/UnityTestExecutionContext.cs: eca56c04b69a8399029cc9730daae5fd -> 4c0ef8e8d96fc20b3ec58c9447d6ec92
  custom:scripting/monoscript/fileName/EditorProgressBar.cs: 7418be9b22aaea32732f8a5f49569d1c -> 08c2f2b90ef64df631d46389f0e22c8e
  custom:scripting/monoscript/fileName/MeasureMaxWidth.cs: cd9322680ae61d38397008451b7ed0ed -> 1569e3f1dad91a9b01cba66ab6aa30b0
  custom:scripting/monoscript/fileName/SaveModiedSceneTask.cs: 135adac13be698ff4439d6c6268aa5b8 -> 
  custom:scripting/monoscript/fileName/TestSettingsDeserializer.cs: a44271a81256da8d6d9195e1628af709 -> 2daa2d89ea5f024d33cb1e72a3d35d63
  custom:scripting/monoscript/fileName/ChangesetsListHeaderState.cs: 69fc4f1a2bc3782d7043ec48961a3616 -> fe1392f9b135da83e13fe8a5e5f39fc2
  custom:scripting/monoscript/fileName/EditModeTestListGUI.cs: 8831f0ca2dcd13614282b516af72c688 -> 
  custom:scripting/monoscript/fileName/TestResultSerializer.cs: 52a416bb91eef89cbb19dd3cf67adb65 -> b75c8de5ed0cf8b4071350488249260d
  custom:scripting/monoscript/fileName/PendingChangesTreeHeaderState.cs: 7d278b5569d28437d07554a3bbb56e1b -> 5d7f70d142c9ac67864ec14950523d62
  custom:scripting/monoscript/fileName/BeforeAfterTestCommandState.cs: ffd46073254dc1bdb5c1bca6005d67d9 -> 590f9af42d8f6706b758d6c33b25bf7d
  custom:scripting/monoscript/fileName/MissingEncryptionPasswordPromptHandler.cs: 7f5831fc8a41e9cadd84fcfd0e885072 -> 5d7b9646eb14a39b6d3d5bab19d266ff
  custom:scripting/monoscript/fileName/ChangelistMenu.cs: ca33bac56b3a337faa90a1b1bba632d6 -> c1bf5aeb760cc5eae584ea3944d6531b
  custom:scripting/monoscript/fileName/NotificationBar.cs: d1a4cf5e8103d80fd25347275f906aa8 -> 50f1a85fa18d94338418def78dcd8543
  custom:scripting/monoscript/fileName/EmptyCommentDialog.cs: c9c28ff22d24598d7e4856f434bb1b92 -> 99cc06133e502eab7998108e26fd5614
  custom:scripting/monoscript/fileName/UnityThreadWaiter.cs: dbd556f2802baab90a20da38c288d36c -> 99333406d92d10003984b4d1920de2f9
  custom:scripting/monoscript/fileName/CredentialsDialog.cs: 179b5e49656a1623c2e79d838f0f5876 -> c785d5e40f8d66b7ef7ba04ee7c324e0
  custom:scripting/monoscript/fileName/ProcessHubCommand.cs: 30630f626164e285c361aa64e681100e -> 8ab0fc63fa4d9d749198dd61b09d7e37
  custom:scripting/monoscript/fileName/GetRestorePathDialog.cs: e21eb9983f0b989125951478cd5e9b35 -> 353d1126ca2d2063d5bdbd06806ffc08
  custom:scripting/monoscript/fileName/UpdateReportListHeaderState.cs: 64a5bf775d221ad9a5ff8c78a1e0e1fa -> d6cbe54be2898ed2c96c2e79572c2e08
  custom:scripting/monoscript/fileName/LocksListView.cs: 8c6202774eebcf67be9c3b5a2926cc7c -> 7aa51ff93bcc98aa05dec8b46ec200c4
  custom:scripting/monoscript/fileName/DownloadAndInstallOperation.cs: b043b8d5921892e87f4566e00162cff6 -> 4f4065aeafda2af0ec272a3c228e27b2
  custom:scripting/monoscript/fileName/DiffTreeViewMenu.cs: 3e62bfc69ca7486976988e151b88922e -> 8039fc4ecf68b3e966e1f4822789e7fa
  custom:scripting/monoscript/fileName/ICommandLineOption.cs: 147751a92efc4c8cac91a9a528c2fb1c -> 58da599070a3bdab08afc8355de79ed5
  custom:scripting/monoscript/fileName/UnityStyles.cs: 1a176026ce9da8057f3ec90dfe0bac74 -> bbbba3cda37678cfc74d71ffebf36e7f
  custom:scripting/monoscript/fileName/EditModePCHelper.cs: fed3c3b34697ace66d06f26c80e9297a -> e16a214ddb2d161f4792170cb0c8e6aa
  custom:scripting/monoscript/fileName/HistoryTab.cs: 4d086984813cd90d6be245dd8e03a2ba -> d57f000c65fde42a2228c7a105a836e5
  custom:scripting/monoscript/fileName/AssemblyNameFilter.cs: 6517804d9019b844c3f33c3b43a18f84 -> ce7ef29746fb23841833950bb87cfa6a
  custom:scripting/monoscript/fileName/HistorySelection.cs: 7c3afcf345a55e8b77ea41ca0f570218 -> 3d07a3d1241e204b5420d71f1137eba4
  custom:scripting/monoscript/fileName/CreateWorkspace.cs: 7b3086384e5ddcd73cd5064a3ce31cd2 -> 5256205b5cf0570b6f698c7abe518f5a
  custom:scripting/monoscript/fileName/ShowWindow.cs: c731454122754eec192bc3c53fac3d95 -> a6bb1d20733c178256b38974418d7450
  custom:scripting/monoscript/fileName/LocksListHeaderState.cs: b80c5f044f18764adef2e9dbea5f0fb1 -> c7fe4d3b5f954615048f8e79925d29e3
  custom:scripting/monoscript/fileName/RemotePlayerLogController.cs: 6007c2a9667c47ca237ace4f2531438b -> 158b55f2a8781eb1cac7ac26acd42fc6
  custom:scripting/monoscript/fileName/EnumerableTestState.cs: 074d7b301977647491f399c62e52cbc1 -> 30e3efb82d3f99d65cdecdd2f0bc0194
  custom:scripting/monoscript/fileName/CreateRepositoryDialog.cs: 1e1c5399cf3d0b071c7982c565a710ce -> 5cec3e66b09e0dbe1f805953c5c64af9
  custom:scripting/monoscript/fileName/UnityTestAssemblyRunner.cs: 3816e248a2cfe06e2622e0204123f53a -> 6329fd25aa4b3ce344b8f9506a5c2047
  custom:scripting/monoscript/fileName/RenameBranchDialog.cs: a3111a345c6451ee64cd16f1989c2313 -> e5c89c05c87517babb3730e87196a494
  custom:scripting/monoscript/fileName/ITestPlayerBuildModifier.cs: 144d61bec4e604c687a559324e865570 -> fe113c86bde5fdad424c8cc5e51fe0a4
  custom:scripting/monoscript/fileName/EncryptionConfigurationDialog.cs: 6423045767c07e6360ff314ec741c601 -> 19e9c54aff6ffc68d60fe11f80578947
  custom:scripting/monoscript/fileName/RemoteTestResultDataFactory.cs: 82b227499ad613fb85cbd7542a960c8c -> 875f30f4d57949231d64836d9e348a72
  custom:scripting/monoscript/fileName/UnityTestAttribute.cs: f0f5f36d5b331df20c3357ff1637e397 -> a53f050fb661d50bb6c962963a554f8e
  custom:scripting/monoscript/fileName/TestListCache.cs: 8e95164bb40beaf2361efc98dc17a66b -> ff7c7e6ac29ad86c5fe33a64ed0d2f4f
  custom:scripting/monoscript/fileName/UnityTestMethodCommand.cs: adc652ef2db502396e2bc23b9d9a66f3 -> ccfa8ff8b49ded2664d646e8ee3d5ff4
  custom:scripting/monoscript/fileName/CheckinProgress.cs: 298ac58365579798eb3b4defc181ccaf -> 75b93dbc5ef307111f0647f735640420
  custom:scripting/monoscript/fileName/ITestRunnerApi.cs: 7ab503b15e3438e134c0702f000eb0a9 -> a476c74c9cbf5732bdfc8c88b9702476
  custom:scripting/monoscript/fileName/AssetCopyPathOperation.cs: 571ede78b6298606a236918df9df62d5 -> 633a9d130b72ba594756844b628f0ae2
  custom:scripting/monoscript/fileName/Vector4EqualityComparer.cs: 2b4abe9ea592b7513d6aeaf121d66f76 -> 998bf018f3e79a3b4501bebf13133ef3
  custom:scripting/monoscript/fileName/PendingChangesSelection.cs: 766664749a54eea9ecce5dff917430ef -> 1721ad72d074757364587c71b49d9382
  custom:scripting/monoscript/fileName/EditorLoadedTestAssemblyProvider.cs: 30976bb8f0671594f080cfda4f365c0a -> 406b39f61e53aa4b6c435e30af6b5276
  custom:scripting/monoscript/fileName/Utils.cs: 0d3272cd783b90f4eef2bf111d5a7b15 -> 38efaa10a2cec4e71a9eaf567c91a8a5
  custom:scripting/monoscript/fileName/LuminPlatformSetup.cs: a7bbd552cf00b6b349997b7d2e68359d -> e65a295a4e58fc042cc74afa9243a080
  custom:scripting/monoscript/fileName/ResultsWriter.cs: 45d4009781f259d024c859617b776a29 -> ccd0afcd43fc96f0f8be5313b60e6c07
  custom:scripting/monoscript/fileName/LoadAsset.cs: 9042eb334fc462cf466672445be1d4c2 -> 5e4e082aa5b21c13b80eb237fe94d00b
  custom:scripting/monoscript/fileName/EditorAssemblyWrapper.cs: 1da4fb3eb1b01bdabc7899984e06e2b2 -> 8682dbb48030d53c622cd194bfa9e87d
  custom:scripting/monoscript/fileName/Images.cs: 0b0c14141950fed99e3ef33199b3b4c9 -> fbdd1e600315d249327f3effde045c9d
  custom:scripting/monoscript/fileName/DrawLocksListViewItem.cs: ce3a3d64ec2d84c3556ffd4141efc4f7 -> 6201c4d50383e970d554210505562d37
  custom:scripting/monoscript/fileName/DrawProgressForOperations.cs: ea9179848be98ee7719316b39339ef29 -> b544f18e6532ba53bbd1b691fa5cd571
  custom:scripting/monoscript/fileName/RequireApiProfileAttribute.cs: 519035bad40b0361872a678d221fcd1e -> 4cce4894a0d08ef40fd237b8e50d1caa
  custom:scripting/monoscript/fileName/CleanupVerificationTask.cs: 66002b5b43bdce8f787c2d84fc03dc42 -> 12e81b196e7eac521f1ae8e0411b3d28
  custom:scripting/monoscript/fileName/ViewSwitcher.cs: bb22cc2814598bf2511f6c811c1dc194 -> dd1f6d6bc6ad5beda69b13cdb560799f
  custom:scripting/monoscript/fileName/RepositoryListViewItem.cs: 2f16ba7694ec7934685021093e722c4e -> 3cabcd81911a2500dcd9e2b6ffae3f00
  custom:scripting/monoscript/fileName/InspectorAssetSelection.cs: 71ba78e42827a9b22a9a6016733d756f -> 4b3c1ae4c44d88205aef26229acfe022
  custom:scripting/monoscript/fileName/UVCPackageVersion.cs: c4d95cb84d9d8dff4727eba6b0a64378 -> 
  custom:scripting/monoscript/fileName/IncomingChangesTreeHeaderState.cs: f578f4545f0afb1f0a2de9a25e26e33b -> 9fcb97ef2da44c66332f5c6800c2e6ed
  custom:scripting/monoscript/fileName/EnumerableSetUpTearDownCommand.cs: 6c84bee1095d71c3f496285ac7de29fb -> 16b603dbb9724508977696171a42991f
  custom:scripting/monoscript/fileName/DrawTextBlockWithLink.cs: d38f3ee197d9063693d0301d5157b32c -> 1d43814d810f0d56e2964ad3b72f271e
  custom:scripting/monoscript/fileName/EnumerableTestMethodCommand.cs: dfec1548954add0987599d6dd0f01df0 -> 9040b48595c4d63d6c1126d81d3f1105
  custom:scripting/monoscript/fileName/WorkspaceOperationsMonitor.cs: 5f05751fd4d94e02e79a5bf200f98f9a -> 43dcc435c252a54bdaaf4d6588b7d66e
  custom:scripting/monoscript/fileName/EditorCompilationInterfaceProxy.cs: e4c0c6a3551d03ebd5ce8bc0c8444c16 -> 12bc7b3dd0ab2ff83629d76ca37d0d4d
  custom:CustomObjectIndexerAttribute: 9a22284fe3817be447336de3de66b15e -> 
  custom:scripting/monoscript/fileName/TestResultAdaptor.cs: 39fb6e85727c0d47ffa8785f61586e3d -> fb4db3971d5379750cda884e7e44e3e4
  custom:scripting/monoscript/fileName/PostBuildCleanupAttribute.cs: 31fa08dd08b1105fe7a49dcbe5b1ac85 -> 71391ff444f943d9ad8dd0d42b7ac81f
  custom:scripting/monoscript/fileName/ShelvesSelection.cs: 05891c88858e4ac7776c0c0c49b5b74f -> 8a3e11e7cd7bbf10b24988c7bf636dea
  custom:scripting/monoscript/fileName/TestTreeData.cs: 0f4cb01478895c7c3d9e4409dc682c1d -> 1859d24be324d8fb87ab0c693d76d928
  custom:scripting/monoscript/fileName/Vector3EqualityComparer.cs: b5ef1af8e8222802b1e616dabbbf7eb3 -> 1c8652cac1f220d6409ab1ba3f211615
  custom:scripting/monoscript/fileName/ScriptingRuntimeProxy.cs: e5e5d36b9b276c8f6937a94b5dfabde5 -> 19d9ac4d844404a0464698120ed39275
  custom:scripting/monoscript/fileName/MacOSConfigWorkaround.cs: 8634a542fc5c45ea8cd9a8244bf2c871 -> 9fe61e763da506601651f6c451cecb0a
  custom:scripting/monoscript/fileName/IncomingChangesSelection.cs: a96a5a084d59fe3917a3831b68fa9479 -> d86f9f4463e6f9d99bb815e1f018ccf1
  custom:scripting/monoscript/fileName/AddMoveMenu.cs: 07e842d83dd343358454fef0a7927a0d -> e681c3341f01390e9c1d636ae93280df
  custom:scripting/monoscript/fileName/RestoreTestContextAfterDomainReload.cs: f915dc737a51db5619c0ddbc3d7e4801 -> 3f8ddcbc7c316ccf5012287995780eb2
  custom:scripting/monoscript/fileName/PlasticProjectSettingsProvider.cs: c126b47f9f934d48f0646c249a5bfcca -> 8c4ae1aeb34c51d2a5a8924265075ff2
  custom:scripting/monoscript/fileName/WindowResultUpdater.cs: 62ee47153c9bac0200ac618954dd51d8 -> 605812b0e2a9a0174e15ed86a3d5ac57
  custom:scripting/monoscript/fileName/Icons.cs: fab81a9d523e5a61e28f0f54bbcc88b3 -> abf089f96620a0dfa1fac77a06c6c48e
  custom:scripting/monoscript/fileName/AssetMenuItems.cs: 9ce81cedb8e568c6b7b646aa6263645b -> 
  custom:scripting/monoscript/fileName/ToolConstants.cs: a088b027c7b0922429c756f12b0507ea -> 3b0d2490617bc7f94a0bdab65a399e1d
  custom:scripting/monoscript/fileName/MergeTab.cs: f39dce5bbfdc053d284a55fc102a8be9 -> f0a9f00e065364eb63b070091ade67f8
  custom:scripting/monoscript/fileName/IAssemblyWrapper.cs: c5aecaa35bc67342edbe5a12fdcda610 -> 993dbd556e2f14ec6d4f6bce6cb00191
  custom:scripting/monoscript/fileName/UITestRunnerFilter.cs: 06335d4aeb6c8af701629dcac5fd648c -> a9e31eaec62dd508fa917eadb1c52808
  custom:scripting/monoscript/fileName/IUtpLogger.cs: ebcfd45287927053700f4f66ff35b501 -> 1b41334d9fc4fd5edb024e0bd2a6db56
  custom:scripting/monoscript/fileName/GetSelectedPaths.cs: 02423a81496d6c63598b5cdc203f4354 -> be35dd49dddd53fc840b9febf21b4d0d
  custom:scripting/monoscript/fileName/TokenExchangeResponse.cs: 0dd9138dbeab6f132711a5b608de5c13 -> f20183d4cf939766d3c1e15cc3bec2e3
  custom:scripting/monoscript/fileName/ChangesetsTab_Operations.cs: eca44847b108faefa69f8c525242c965 -> 3290c4c0cd248666e01a08ee6d621249
  custom:scripting/monoscript/fileName/ConfigurePartialWorkspace.cs: 309d4276b0164b05348aedbd51cc0b2f -> 10fcc6b6d43dd5ed36c43c6f7b5906c4
  custom:scripting/monoscript/fileName/OverlayRect.cs: 59d6887e4803f8a44ffaa0409470e410 -> 
  custom:scripting/monoscript/fileName/ValidRepositoryName.cs: 43c262be3f66a970816e3d3a3ee8872a -> 56bcf92a3678f6ad6215cae2e4914cfd
  custom:scripting/monoscript/fileName/OtherOptionsFoldout.cs: eea27b9873519c1ea7c35b8afc1b7947 -> cc8f3a7680050422963ebd2bf169a841
  custom:scripting/monoscript/fileName/BuildTestTreeTask.cs: 96cb982a37fe5925168754787bdebc15 -> ca4a5380bc07f43d0ad6bc5c2ca39b4b
  custom:scripting/monoscript/fileName/TestListGuiHelper.cs: 6d40eb061ebdba07e078b90b14eadffd -> 
  custom:container-demuxer-webm: 4f35f7cbe854078d1ac9338744f61a02 -> 
  custom:scripting/monoscript/fileName/TestResultExtensions.cs: f40703becc02ea8bc3b6c19d19f9d745 -> 1c512e213c49ce6d72b9d37b957b9372
  custom:scripting/monoscript/fileName/GetPlasticShortcut.cs: 2a84c035152261f00e7e66eb44cd0ffa -> 5c2b7bf07ddd2284efc64b09ef0f1f72
  custom:scripting/monoscript/fileName/LogMatch.cs: 3705a2877c87af4c4355c7933d389895 -> fed715ef044674dde53628d58d931b50
  custom:scripting/monoscript/fileName/TestCommandPcHelper.cs: acbadd8ac17c9074f1c7f1b037d57596 -> f958b2880473418011bc0cda18245d1e
  custom:scripting/monoscript/fileName/CallbacksDelegatorListener.cs: f80c4f45fed6816f24285f468af00026 -> 
  custom:scripting/monoscript/fileName/TestRunnerWindowSettings.cs: edf34156a2b1507caf7c6651f5ea4bc3 -> fb70b758f65d0605100dbd9482b7158e
  custom:scripting/monoscript/fileName/ApplyShelveWithConflictsQuestionerBuilder.cs: e109c624745dcc4304c557872b253808 -> 02e4256f31bc905362a382e31c3387eb
  custom:scripting/monoscript/fileName/GuiEnabled.cs: 1b1658fd7715b5cc664c10a130c6b629 -> 7bb13fcc8d8cbd392e00f7232841f086
  custom:scripting/monoscript/fileName/BuildPathDictionary.cs: 943911b84162d26cea47f964f9a0a399 -> 9fabc7cc73fcfc50b8a3307c6aa6ec4d
  custom:scripting/monoscript/fileName/FindEditorWindow.cs: 2bb64182aef631315344623cf583c78a -> 8c3c78bb7e82ac5008f8a2b8a0d68cff
  custom:scripting/monoscript/fileName/ShelvePendingChangesDialog.cs: 47aa4c07d31152c0c1eff64d2ba76cc6 -> 86b1f48b5fbaffa67e939e7f404062e6
  custom:scripting/monoscript/fileName/AnalyticsReporter.cs: c71b24da736c66608a20411bc3a519d2 -> 990f0ccd7dd9ebe56483e30a572c9394
  custom:scripting/monoscript/fileName/TestEnumerator.cs: bf6d1620a5c6bd3f28c72bbfed80e429 -> 26328e1622cb69ba0b1e01e906e7f65f
  custom:scripting/monoscript/fileName/DrawProgressForViews.cs: c153245b67af73b7ee03f693a1127796 -> 068a172cb549ad77d9873d721698bd0d
  custom:scripting/monoscript/fileName/EnumerableRetryTestCommand.cs: 73d6d5af06eff02f63f972c0d9d4ad7c -> b281084796eb91cc19de80f3f2b73a56
  custom:scripting/monoscript/fileName/UtpDebuglogger.cs: 06c62e7bf4b353d0d89b78258065c40a -> 2f96cd7ac1384aa23e8238df80ef8354
  custom:scripting/monoscript/fileName/UpdateReportDialog.cs: 706e7e86547c339cdb3a4462e3f7a54d -> 087837d8f73228f1a817d0de82c77260
  custom:scripting/monoscript/fileName/UnityMergeTree.cs: f81f2d7551ab855fe9dc724f3f2e2892 -> 59edaa0a4669bbcb540a261166adc144
  custom:scripting/monoscript/fileName/CycleMoveMenu.cs: 91c21a0be9b3727d7673f94321029c52 -> b3993a7306fc941f55ca963833965729
  custom:scripting/monoscript/fileName/HistoryListView.cs: 527da2d093462f1c4a278d6957e7d5ac -> 7b2d1d2c12ab43d9d244e35197127919
  custom:scripting/monoscript/fileName/ChangeTreeViewItem.cs: 506ed128854137d9f75f9e3d2576a06b -> b0a38ce0a620643c776a3db4fd91bc4c
  custom:scripting/monoscript/fileName/QuaternionEqualityComparer.cs: 1bf489e3042604f863689ba3c73f9e1b -> 0787e0a336d915c2829c2f55fd970a0d
  custom:scripting/monoscript/fileName/ITestAdaptor.cs: 2a73ddc53f1c7b5bf11396536f687ca4 -> 1f6228260995615097fc339d08bee2f4
  custom:scripting/monoscript/fileName/BringWindowToFront.cs: 88b20f2a2881db6a013f54923d68cdee -> a30c7c1ba746c6d277a5aedd3057d15e
  custom:scripting/monoscript/fileName/ShelvesViewMenu.cs: 947ea245959bf421539573511c3a0058 -> da5dc74b3444288f443961ecab7245d6
  custom:scripting/monoscript/fileName/ITestSuiteModifier.cs: 2c6fc66f35fdd1866881280ae909eaa5 -> 4374b14ce25f3e6c8b983b3d579e38b4
  custom:scripting/monoscript/fileName/LaunchCheckinConflictsDialog.cs: 4417eba1591eccb2221bfdce0106c1e0 -> e2c1e3f8f4e14a62e4363fe6259adbc2
  custom:scripting/monoscript/fileName/ParseArguments.cs: 03c1a4d7e357164ca313a0019713c3db -> ae915d9f5fe287ced40627c9ca8bfafd
  custom:scripting/monoscript/fileName/ExternalLink.cs: 685ff1dd6f55eb61a1fd8af84a2aa7f5 -> a8ff952d8c27d10f226ab92b7aa83b69
  custom:scripting/monoscript/fileName/WaitingSignInPanel.cs: 247680fcfc6a176b9fa28a3df600a754 -> 7585e1c7111b6b900784e6d1c9454258
  custom:scripting/monoscript/fileName/RemoteTestResultReciever.cs: 3396dcbdb7cfcd933b2182fbc1532e1a -> 
  custom:scripting/monoscript/fileName/OperationProgressData.cs: 0db72349eeecbe9449a517b1d79cc760 -> 15f68712baaea535af36d9e0333c0a6e
  custom:scripting/monoscript/fileName/ExitPlayMode.cs: 64d4ea6d596aecaf913f45e499564e88 -> f2eb63cb1a92bddb334eb5c2d75abc43
  custom:scripting/monoscript/fileName/IStateSerializer.cs: c5a3e7fac8482b2fe72d059b34fdea4b -> 2c22f7cb714163eee04bfe4b72ec4957
  custom:scripting/monoscript/fileName/UnityTestProtocolStarter.cs: d1e78341b65caa27eeb465ea61128aba -> e4b107bc354fd6dcbd62420da6500b7c
  custom:scripting/monoscript/fileName/RepositoriesListHeaderState.cs: c0353a1af15ae4fd3d5a2a3cac816423 -> fb71b961ab7c924511a6b0e8680b60ee
  custom:scripting/monoscript/fileName/ClientDiffTreeViewItem.cs: 56be9d3aa410e770e75de2d8b93be89d -> 43bdd7aa5bf1aa039a5b572c119c38d0
  custom:scripting/monoscript/fileName/CreateWorkspaceView.cs: c40bc4c8524ef3e2374ef997beb2e4a6 -> 9ae2295080d141c0f12d02a71014e11c
  custom:scripting/monoscript/fileName/CommandLineArguments.cs: 0d20ca25f94249586a7c1484c469d8a2 -> 48a62ad3f817c0269ea7fc4a53799594
  custom:scripting/monoscript/fileName/BuildActionTaskBase.cs: 8f6297df34271fdb1ce2d9607ec6261d -> 90647cc400823b41df847a6cbfc29026
  custom:scripting/monoscript/fileName/DownloadRepository.cs: 46fc68d9cc4da8e8ed765ff28b2dd438 -> 5bad8d3f76a3fcb41a94637e37c11ab0
  custom:scripting/monoscript/fileName/ParentWindow.cs: 2476d8a6ba9c3055f984ac9792cae61a -> d6aa079e592e01701c5baa3ab98898bc
  custom:scripting/monoscript/fileName/OperationParams.cs: 091a140b35535b91c773ddf98925322d -> 3312c7a4424a66ffbf2f88f056f329aa
  custom:scripting/monoscript/fileName/IEditModeTestYieldInstruction.cs: e4c6a749d843914165935ce080f657d8 -> ad49fb85f2d4ed0badb27552deac0771
  custom:scripting/monoscript/fileName/CachingTestListProvider.cs: cac67f32d723c8745a1f511390945781 -> bfcb79acce43a93633071168c814d063
  custom:scripting/monoscript/fileName/SignInWithEmailPanel.cs: a5823728eb62cf6dbd8c933c1cb26f53 -> 6e8957c0ed7609303e68389067e72d72
  custom:scripting/monoscript/fileName/UnityPlatformAttribute.cs: 05ff6a4a5828d32604e864a3b44f3fb8 -> e79555e200698f1b55c6c54851cd369e
  custom:scripting/monoscript/fileName/TestStarter.cs: e2d0587cebe915ea1c55ef726c6bd082 -> d1bc3fba65bb4735afc3828355ea6c72
  custom:scripting/monoscript/fileName/LaunchInstaller.cs: f9b7c99441bc32980ce9b95be066824b -> b75efdf5909b501e06cacd9c66f75981
  custom:scripting/monoscript/fileName/GetWindowIfOpened.cs: 84a2356c61155912908cf98a62600c22 -> fd8bfd1a9b371371ebbff48e377726f9
  custom:scripting/monoscript/fileName/TestPlayerBuildModifierAttribute.cs: e033609ef117a17dda08e3556f30bfa5 -> d4ffc53911ef24dec9dc901e0444a77b
  custom:scripting/monoscript/fileName/AvatarImages.cs: ea6dca998cf0ec5122553a9e010ef687 -> 3aa8c25a350843151ec4070c820c411a
  custom:scripting/monoscript/fileName/DrawUserIcon.cs: 2f65feb9bed897237f97fbf9c5479092 -> 7d5385bf780ae84e648a8b49f8fe0825
  custom:scripting/monoscript/fileName/ITestListCacheData.cs: 1c95486e8d67b5eedd3530759306c580 -> 09682e3e03141d9f43100cdaff3665eb
  custom:scripting/monoscript/fileName/TestListCacheData.cs: 1f5a847fa8b54233f179d3f9f5a719db -> 295232838ed90f85679b2d004562d59e
  custom:scripting/monoscript/fileName/TreeViewItemExtensions.cs: d22abf8de7a9ab0e852b869a652f100d -> 6849c47ffa8623d630ef12f76bd49905
  custom:scripting/monoscript/fileName/AssetStatus.cs: b9ea657347f2c22e8e401cdb256c516c -> e017010009bdb28bcb0d7d8ef05e7dd9
  custom:scripting/monoscript/fileName/BranchesListView.cs: 334a3fb302f855f71fb71520fb442a71 -> 3f5ed9fe5a1bca512014ae1600ee1666
  custom:scripting/monoscript/fileName/DrawGuiModeSwitcher.cs: 363adc150c5f1c5059a678f179906090 -> d3be34a3134d3fe80ef6b14d0d519128
  custom:scripting/monoscript/fileName/Is.cs: 0371baf7f4d4fda1df93e36baa3a7f7c -> 6922f89182cd28e32ba48e34cda7947d
  custom:scripting/monoscript/fileName/TestListGUIBase.cs: 3323ae02564bf80ecb144d790edf3454 -> a2b53f3d1923dc6fb3d7f4c9f9855104
  custom:scripting/monoscript/fileName/WindowResultUpdaterDataHolder.cs: e4b0333fa05c0f3ef2128a54294a2588 -> 2de8ba1615f5d28c30d54411d42e2524
  custom:scripting/monoscript/fileName/UnityMenuItem.cs: 5f445176ad3735e69769d93250663be7 -> 73f3c859f1b5092ad362c09e23b3a922
  custom:scripting/monoscript/fileName/WebRestApiClient.cs: 8ab6ae74a3793a3375cc48f328048a82 -> 746756fd499dddd02a4e7ccdbac48be3
  custom:scripting/monoscript/fileName/PlayerConnectionMessageIds.cs: a896cc1ebb022b48f652641f623e4c5c -> 2e4b7265f0eeb40e1260d00fe6e4614e
  custom:scripting/monoscript/fileName/ShelveListViewItem.cs: a37862556d04b25f75804d991e109d87 -> 373418f0ae11fc25a26ff7fe4f472006
  custom:scripting/monoscript/fileName/OpenPlasticProjectSettings.cs: 5a86fd454f7c9f74b62653e269818d3f -> 
  custom:scripting/monoscript/fileName/RemoteTestResultDataWithTestData.cs: 21f6a5ed6216bf99941b16dfe0613ec5 -> bcf701fb298ed6f8cab894b203300c37
  custom:scripting/monoscript/fileName/SwitchPlatformSetup.cs: 86e207190212b6666c14096ec0beb845 -> 576de741bbd585688af4b8aaf70f0708
  custom:scripting/monoscript/fileName/PendingChangesOptionsFoldout.cs: 2a2f5a0ba87bd75c4475236a9a012016 -> f9e651bcc5d4441496c88ab59a32f360
  custom:scripting/monoscript/fileName/IncomingChangesTreeView.cs: d8c19bc81b07c04d7721396d2821d297 -> 96479648d4498738733254eb4e4c6fb5
  custom:scripting/monoscript/fileName/GenericProgress.cs: 11287c7d038c487f32d0c8edc476a32d -> 8492ec26f01fc248d3eb3c2f5b3b6c0f
  custom:scripting/monoscript/fileName/ShelvesListView.cs: 0763e4076b11a683fa148282680085c0 -> 01c1f087b2f83b458da6b8ad18736606
  custom:scripting/monoscript/fileName/MergeCategoryTreeViewItem.cs: c1ecd9dc0cd73eb7eb129994dedc1a91 -> 6bd59fcbfeafe06987a54631991d755b
  custom:scripting/monoscript/fileName/CheckinDialog.cs: 1709b78fae1329cc05fd4f39334b25f5 -> 702fdb8d0a3b4bfcb9ba109e71325cad
  custom:scripting/monoscript/fileName/SortOrderComparer.cs: 8f6297df34271fdb1ce2d9607ec6261d -> 90647cc400823b41df847a6cbfc29026
  custom:scripting/monoscript/fileName/GUIActionRunner.cs: 69af7de0762ed6d085feb4cc4b5101b3 -> 4a0608de635b0d82868d57923d68eff7
  custom:scripting/monoscript/fileName/PlasticMenuItem.cs: 30c3a785b4c2607e2ae9aad693d5f604 -> 
  custom:scripting/monoscript/fileName/PendingChangesTreeView.cs: f3722f38014385705913f17dbe0f90c1 -> 17142d220a0a50a3f3d184c4718a0da7
  custom:scripting/monoscript/fileName/TestJobData.cs: 45c2452d3aa545742dc2b57ad55fa794 -> b5764cc21ae3016cae3c4ce5053458f7
  custom:scripting/monoscript/fileName/VCSPlugin.cs: 69c1b7249af35f35848ae707bd5e7113 -> 
  custom:scripting/monoscript/fileName/RuntimeTestRunnerFilter.cs: 230571a0569274dbd5e47e4595a3be33 -> 526247a6af82c71973a55c9c5be36280
  custom:scripting/monoscript/fileName/GetClientDiffInfos.cs: 4ae14b15e2cf5177a84735548a44cdc9 -> f8db8e637ded2d5e935a953a13b85ebe
  custom:scripting/monoscript/fileName/DrawActionButtonWithMenu.cs: d7f31944358aed2f3ed3982246fca039 -> 8d4f5edd02a1dd0f38c4f2baf5ee8a33
  custom:scripting/monoscript/fileName/ITestSettings.cs: 608b72c12786bbdd128c096353cc10e2 -> 7d6676128f469c2eefb2813ec592ab4f
  custom:scripting/monoscript/fileName/ErrorListViewItem.cs: 9bf59c82e9c9992a012a3eb2b6c2bfe5 -> 509edc26860f8be303ec97d68aabc30d
  custom:scripting/monoscript/fileName/RemoteTestResultSender.cs: 570055716108540c9c34e71343ce0f03 -> 2b6acbe484994dc310d0ac406904e742
  custom:container-muxer-webm: aa71ff27fc2769a1b78a27578f13a17b -> 
  custom:scripting/monoscript/fileName/AttributeFinderBase.cs: b09010f5776af2a4f3460127027ca105 -> 7e104530f871143fdb60a169114dd663
  custom:scripting/monoscript/fileName/EditorProgressControls.cs: b1f133fa38afd918d537a72574fc93a0 -> 2e606eb01a6e6a567f3de9a0379ed3ae
  custom:scripting/monoscript/fileName/PlaymodeLauncher.cs: 3a6fe823ef85e4189eb7e25bbb98798f -> 981dc587e53c0f0d21b816af7469156c
  custom:scripting/monoscript/fileName/BranchesListHeaderState.cs: d47f1164fa7093137db851c4c16ffba3 -> 82eab21603f4efc696334ee80641c2c9
  custom:scripting/monoscript/fileName/ExitCallbacksDataHolder.cs: 2a73f9623aa81becb5d8d11a43747b12 -> 
  custom:scripting/monoscript/fileName/DrawSearchField.cs: b11b864a92c7d76f85d4ec87d6faf61c -> 3de70beba9f4447205d50241d95b066a
  custom:scripting/monoscript/fileName/PendingChangesTab.cs: c99065f3c85ec85c85ece2a1a30665af -> 15ae6787065f4af65778e981f418a60b
  custom:scripting/monoscript/fileName/TestAdaptorFactory.cs: ac39772b57c14123c1a057d315d0217c -> b9e4d12260befcd688940e2c80db8ee8
  custom:scripting/monoscript/fileName/IEnumerableTestMethodCommand.cs: e89b2da6fd5c9e148c3a0687c618f62e -> 81260787415c187c9e413e476b816cd2
  custom:scripting/monoscript/fileName/MergeTreeHeaderState.cs: d266e9dd03ced7ec66ad3688e5f18f26 -> 6293ca7f65e9641fcbe12100e705a990
  custom:scripting/monoscript/fileName/BuildGetEventExtraInfoFunction.cs: 1308a6936e8051866a117b3b7c2c7b77 -> 74bfc8c01f931108a3c2b127aa04cc8d
  custom:scripting/monoscript/fileName/ShelvesTab.cs: 88e0da7511313c57d3f51ba183c4d3fc -> fca0a219bdad45e636bd34724e5dc89d
  custom:video-decoder-webm-vp8: 9c59270c3fd7afecdb556c50c9e8de78 -> 
  custom:scripting/monoscript/fileName/AssetsDatabaseHelper.cs: 3deb384d73768aa5a87c1835c3d7553a -> e690d63c7b932a5efaeaf8c476198e75
  custom:scripting/monoscript/fileName/WelcomeView.cs: 07e35bfe1faa2c52c049eb30958acd54 -> f06c185659ea2f4a75f9397861dc6096
  custom:scripting/monoscript/fileName/DeleteMoveMenu.cs: 39c593e854a9a8ae0e6d34ceb587fce1 -> 4d026cbabd8105e38661f97da078042a
  custom:scripting/monoscript/fileName/PlasticApp.cs: c440a0fb380601a77ad475d6c15d4fa1 -> c57de230d90beac7b586f10b9c7c6cb5
  custom:scripting/monoscript/fileName/PerformUndoTask.cs: a88080dc60788c59917e5a5da2beea27 -> f38e53873dc9c7e638622dda18102b41
  custom:scripting/monoscript/fileName/ChangesetsTab.cs: ef408d8aaf89e01b17643ed0c836680d -> 46dde8f7856048792ad2e75490bb8c5e
  custom:scripting/monoscript/fileName/DeleteBranchDialog.cs: efbbc070bfeda2b746e8b15a4380cb26 -> 8549b0fc52962c89115fd78724fee578
  custom:scripting/monoscript/fileName/IncomingChangesNotification.cs: d7ac4b8f9ea939309b8ceb7f729100a2 -> caa8ea2c7336b9227381f0971759e01a
  custom:scripting/monoscript/fileName/DrawTreeViewEmptyState.cs: d4c16fd6aad8161eda7d99fd74cbb08e -> 
  custom:scripting/monoscript/fileName/ErrorsListView.cs: cc3142391037796392fcd3fe860891dd -> cd35171982f17897dd5148dda46e0956
  custom:scripting/monoscript/fileName/UnityPendingChangesTree.cs: fd6f0a038401268983bd9328d10dec93 -> f391d9a00dc9e202cee4d4ebcf6d21c0
  custom:scripting/monoscript/fileName/RuntimeTestLauncherBase.cs: 545e0e1c1701551e51a349e0cfbf7e09 -> 9c570bd0d91da3e5211e4436ad92314b
  custom:scripting/monoscript/fileName/TestActionCommand.cs: 9d9a215c413c4354b3d31801a3312f5a -> 753f99c04dd69dc2a43030237870dd1f
  custom:scripting/monoscript/fileName/ClientConfiguration.cs: 5f5e47bfb7cedc7420d7e59c6d7ae6f0 -> 01b18b09a6dbb3756e1f42a5b64aab0f
  custom:scripting/monoscript/fileName/AssetVcsOperations.cs: 50ee89e011ba3d800b4e7a9a24aca7e1 -> 
  custom:scripting/monoscript/fileName/BaseDelegator.cs: 39f1c059498e3e1e37d5e631bbc24cc7 -> d270baecbc007d1328bc5c9991d1dea9
  custom:scripting/monoscript/fileName/TestRunCallbackListener.cs: 6d0e8c714fa72bff0fe809d3fbb8d587 -> 15fa13086a2949901b1e4a3584b83cd8
  custom:scripting/monoscript/fileName/IOuterUnityTestAction.cs: 1f62717facda0b560b4af9da3d21fc98 -> 58e7f8b884a5d88e319b8f448f29bfdb
  custom:scripting/monoscript/fileName/TestSettings.cs: df291dfe8fbaf1e1f1d4ae4925c14a92 -> d583ccee803a035f2d53ba29374aac19
  custom:scripting/monoscript/fileName/SynchronousFilter.cs: fb46e705a687283ca79c6357a2f78760 -> b84da53d6d10348793b3683f19a6d4b3
  custom:scripting/monoscript/fileName/PlasticDialog.cs: b0aae1bf1889af041741f324070b7b84 -> 63a17a2b696bc2a13c9046aa16f8cea4
  custom:scripting/monoscript/fileName/LegacyEditModeRunTask.cs: 2b5f09ef7f63773ca676d71969800516 -> 
  custom:SearchIndexIgnoredProperties: e643bd26f0fe6173181afceb89e7c659 -> 
  custom:scripting/monoscript/fileName/AutoRefresh.cs: 9d30d5d3f0e8985355be1ab597da1dbb -> 0a8afde180a876655ad16caa14493409
  custom:scripting/monoscript/fileName/PlasticPluginIsEnabledPreference.cs: 7953272c37f4a828a3d1096e7479f346 -> 
  custom:scripting/monoscript/fileName/GetRelativePath.cs: 9b16eb2de9e98b392077181cc34243c1 -> ab04ae5e0cafb93ebf5c96148bb52df0
  custom:scripting/monoscript/fileName/UnityEvents.cs: 253411328de37811883aded592b97268 -> c830e584565fcd66ca0d5a23ad8b9bd6
  custom:AudioImporter_EditorPlatform: d09bf68614088b80899f8185d706f6e7 -> 
  custom:scripting/monoscript/fileName/DeleteChangeMenu.cs: 540c783b689e4d6a4a383862455d5d39 -> bfa368dc06e11abcc107d6f80c7c19c5
  custom:scripting/monoscript/fileName/PlayerLauncherTestRunSettings.cs: 5d2b9db2556b475d527662dfc40538f1 -> ac04d6a6a9c6380f318071a2f4da8a2f
  custom:scripting/monoscript/fileName/SelectNewCodeReviewBehavior.cs: df6e8e132199ea6ec467c9bced11011d -> a16edf3a8c3e5ac26863e890f68fd937
  custom:scripting/monoscript/fileName/DockEditorWindow.cs: 581124d5e19667105f2446d6dfbf7982 -> a9e5e467234133af999283610b6e84e6
  custom:scripting/monoscript/fileName/ActionDelegator.cs: 0b37ded58104f18659a880de95881951 -> f2eb6c2fd33630cfdd6d3183b4a2ca3f
  custom:scripting/monoscript/fileName/ITestRunnerApiMapper.cs: 864c8f6cc3985f3365e8b5f02afeb230 -> 337d02b691c8103d2eedc6b52f4f76ab
  custom:scripting/monoscript/fileName/RerunCallbackInitializer.cs: a2ca4a4e4bb070fd30ec377e61ed66cb -> 
  custom:scripting/monoscript/fileName/ICallbacks.cs: e6fb4966887be0b97bef44d92d561a69 -> a9c5fd289272fce7e09c7f3e5f11b8a0
  custom:scripting/monoscript/fileName/ProjectPackages.cs: e247c98bd45807b228765f9a94d82145 -> 9e9e13e39b2e9718b602503b87245c18
  custom:scripting/monoscript/fileName/IEditorLoadedTestAssemblyProvider.cs: 0be7fc5fa38a5453fe58cce555760ed4 -> cbb3f715010afa8cd4f0f40294bb78ba
  custom:scripting/monoscript/fileName/BranchesSelection.cs: 7eb1fcb556f0fad697e4ec9d989be099 -> 33b36e7b03910960966036894ec90c7c
  custom:scripting/monoscript/fileName/TestListProvider.cs: 58a05dfe9100cc52adea57fc4a0b6c62 -> f8235933605b6a025c9638df0194bf97
  custom:scripting/monoscript/fileName/SaveAction.cs: b68fbb4319dbb368959c40781b39fdf8 -> 27c387bb58f3a69b0c9ff60d2209e18f
  custom:scripting/monoscript/fileName/AutoConfig.cs: 6c4e7f9dc55323aa1299debfe9723aa6 -> bf4bbd2f2e752464ef51dbf102faed17
  custom:scripting/monoscript/fileName/InvalidSignatureException.cs: 293ad969d76fdecf7dc5f86949047e54 -> f250eccc836ee674127ecdee41f7a4ea
  custom:scripting/monoscript/fileName/UnitySetUpAttribute.cs: 4ed69b5a4764c67bceaa6f04d0d8776f -> 78bcd37bf54751e70200df4ae24f405b
  custom:scripting/monoscript/fileName/DiffPanel.cs: 02288a38bd14cc2b52a25b302a6f154e -> 210366dab3631628227b9406f87a9b7f
  custom:scripting/monoscript/fileName/PlasticAssetsProcessor.cs: ff731c8aacf4a537dc74c7cf9eaeaed0 -> 
  custom:scripting/monoscript/fileName/PlayModeRunnerCallback.cs: 10f699e46ae6f3eea3e1c18bf2bc25ed -> 6cd874bc3032a6eaf4228f5877b27ba0
  custom:scripting/monoscript/fileName/DrawActionToolbar.cs: 52293cb82089e0370f52e257f41c0869 -> e05748a99799f26304c1bbafd90f703b
  custom:scripting/monoscript/fileName/TreeViewItemIds.cs: 7d654a2b5b3a10da3e7d8472196e96d1 -> 0cdf409b5aa8d4c25876d72b5c6a3b60
  custom:scripting/monoscript/fileName/EditorVersion.cs: 70953c9eccf7726f70c672a9a51619e9 -> 698aba075b19a52a056d67a7b809d179
  custom:scripting/monoscript/fileName/TeamEditionConfigurationWindow.cs: d06f049421c16e5927ec29f770917e09 -> e53b1ca5561894aaeff930afb696d001
  custom:scripting/monoscript/fileName/ProgressOperationHandler.cs: 5fbb4e0f656dcfaa4498bd2e492e4710 -> ec62666c0ca1649dd33cc6bc6834c6f7
  custom:scripting/monoscript/fileName/UnityPlasticTimer.cs: 961fdb6492c99b4a3eadbed28e78c4b0 -> 6c887e722e951c2964523825cad70c4c
  custom:scripting/monoscript/fileName/TreeHeaderColumns.cs: 9fc4a0396a421346b8aa3b7788860851 -> 316e5ea62e66b20fd6e687a6b9e5958e
  custom:scripting/monoscript/fileName/MergeOptionsDialog.cs: 25ac62df73845405e13f44e4dfdcf0d1 -> 9250ce23d260ab84f87bd5899c6cf983
  custom:scripting/monoscript/fileName/AssetFilesFilterPatternsMenuBuilder.cs: 8fe5de6e5dc3d42fb7e95de2aaedbf5a -> 0d99e7514c6a33cda8314deed8f34bc5
  custom:scripting/monoscript/fileName/ICallbacksDelegator.cs: 3824b8185f5cd32ad0de995dbcedd1e3 -> 2bfa822de05a601b9fbe2f79d4d317c0
  custom:scripting/monoscript/fileName/MergeTreeView.cs: 143a828a1a236483d3cdc1d010ce9d51 -> 3feb38cec50d3fc7576ddbf07a9a9ce8
  custom:scripting/monoscript/fileName/TestAdaptor.cs: 8d757a7cd1f19e6976312b3b884a590f -> 486cec8559bad7c56adc699f165feb67
  custom:scripting/monoscript/fileName/PlasticNotification.cs: 3629fdff9f054b2013702f5b131b2c47 -> 
  custom:scripting/monoscript/fileName/TestStartedMessage.cs: f3c1a94a591f54531913c8a032d9a4b8 -> ac38229ae4e3c67de75cf9d77c73b95e
  custom:scripting/monoscript/fileName/CallbacksDelegator.cs: c76e06d7a0a6084464f55a923795d8df -> e0dcdade48f633c0a7cebc925bd686c4
  custom:scripting/monoscript/fileName/ConfirmContinueWithPendingChangesDialog.cs: c0e147ff008a0b77c9337132a3ea70af -> 77462b1904ad8f6fee2f8da4523d59fe
  custom:scripting/monoscript/fileName/ShelvesListHeaderState.cs: d3cea237aa496a145829475430d90f29 -> 287f23cbe09ecb9b28ec8dd05ede8846
  custom:scripting/monoscript/fileName/ChangelistTreeViewItem.cs: a4a6f6169cdb3afe249e104e2b7b1a2c -> 87f69636be8bd1a264ec4eac1bffa701
  custom:scripting/monoscript/fileName/PlayerLauncherBuildOptions.cs: 1155187d1390024c0e84b222b67c4059 -> 39352f62028667e3cc8d13371f828f55
  custom:scripting/monoscript/fileName/CollabPlugin.cs: bda741ff77a19affbf276298e29313ec -> ca276d65e7cd77c5c99d9f119ffdb215
  custom:scripting/monoscript/fileName/TabButton.cs: 757146b89ed597b1d75c77241e5d5f63 -> 
  custom:scripting/monoscript/fileName/RegisterFilesForCleanupVerificationTask.cs: 89d04f0389116a1354de9cde88045aa7 -> f18fd2d946c9ea52b8232f47d6d70221
  custom:scripting/monoscript/fileName/LaunchTool.cs: 3ac53c8af1f56365aad9e1ae5366d98d -> 60773d78646dc188d4b2caca77f20b17
  custom:scripting/monoscript/fileName/RunModal.cs: 33b931100ee477e6812324eabaa2e837 -> c83ee2ef642c5d8b8dfd32f033bfc438
  custom:scripting/monoscript/fileName/TestRunnerStateSerializer.cs: 68058e60ab6d5d33b7935f4205c97bb2 -> 7206f4f1eb4c5991ea76b5c39830dba4
  custom:scripting/monoscript/fileName/BranchListViewItem.cs: 8fdaa5aa842f5a70237affa304b9d506 -> 55028f4aef24d6227589aaa95582b2ff
  custom:scripting/monoscript/fileName/LogEvent.cs: a1178cf4bd49345a2f924044f341effd -> 9bf386b9808c16608387e196f7a5e9d6
  custom:scripting/monoscript/fileName/GetAvatar.cs: 07c98163f75f0b7c672bd453fc82bf61 -> 04ffae2a9e5a4c32a119f93144f558d2
  custom:scripting/monoscript/fileName/PlaymodeTestsController.cs: 7726dd936e1c608c494987ba2754eb47 -> 59c9d4597d46ecf4c6fbc8f49c64d0b9
  custom:scripting/monoscript/fileName/MoveAddMenu.cs: 81d47caeb9f49803adfe1627c8ce5bf4 -> 1fbfab870b2e95fdd8a81f6019f764df
  custom:scripting/monoscript/fileName/FindTool.cs: fc3b0710b24078288fe829d0bb041dd0 -> 2f9d82566cfb01fb68fc30111fb47624
  custom:scripting/monoscript/fileName/ChannelCertificateUiImpl.cs: 75d7831ab5da75cc0082e28863abb142 -> cefccf1e13b7bcf15e3c9f2dd4cd2fc8
  custom:scripting/monoscript/fileName/ApplyCircleMask.cs: 02eb67e485278e7c9b719fee5ff90f4a -> b955b378d261fdcbd6272fe8711d1e4f
  custom:scripting/monoscript/fileName/TestListTreeViewGUI.cs: 5d4e7ac9fc0c5382f19d49599ef6cbd8 -> bf873c97e960a33b0be65a5b638e7ff5
  custom:scripting/monoscript/fileName/TestJobRunner.cs: e4deb98063838e020557c338e0bd4ebb -> 1c3d9f2bfcdac33a01c4bb25c392ab4f
  custom:scripting/monoscript/fileName/TestRunnerCallback.cs: 61231fce5590e38bfc5e9165e9803d8b -> 
  custom:scripting/monoscript/fileName/AssetMenuOperations.cs: 131bfc7279b97eba576abe13a47f8f91 -> ebcce67603e288b4a84d49287db6ef5a
  custom:scripting/monoscript/fileName/ShelveAndSwitchOptionsFoldout.cs: 676902ec49ff9c5abb2a832f067966e8 -> e7b216a23869eafb9aecd00a8905fafa
  custom:scripting/monoscript/fileName/VisualElementExtensions.cs: cd98f4a51563fccdfc39eed097290325 -> 0aad2728225c469038631668406aebb3
  custom:scripting/monoscript/fileName/FailCommand.cs: fba5f7b9c1e8d00f41e9076aac4a1d8d -> e0622be95cb9f4c04ff53066589d6d7e
  custom:scripting/monoscript/fileName/LocksSelector.cs: 70b046a562568fd78d093736e68a3a58 -> 7b0f4fc5552c1d92ba7f4648526ceb21
  custom:scripting/monoscript/fileName/ListViewItemIds.cs: 8f6297df34271fdb1ce2d9607ec6261d -> 90647cc400823b41df847a6cbfc29026
  custom:scripting/monoscript/fileName/CreateWorkspaceViewState.cs: 1deb37b3c17c224d9a7dca9c990ea191 -> 0fe23b7cca9336b31a27790c714de652
  custom:scripting/monoscript/fileName/MergeLinkListViewItem.cs: ebc1e6f9e3a3005d8f4c51a794adfdaa -> 3fa407d29597803190dd374d88ed170d
  custom:scripting/monoscript/fileName/DrawCommentTextArea.cs: ad5449f632fd412ac0f7ba0d171fd453 -> c58c26552f95f108a8d9610eaf001fbc
  custom:scripting/monoscript/fileName/TestRunnerApi.cs: b582e8d89da1ce04ff5e8605fa1b5a2e -> b5c17af6fa247dfc791b512a209021d3
  custom:scripting/monoscript/fileName/ErrorsListHeaderState.cs: 9141660c9776c5dac5f980fd03a672a8 -> b961336a4a43551eb826f97c57673007
  custom:scripting/monoscript/fileName/MergeViewDirectoryConflictMenu.cs: d45972e8b5f74223c607a4daa895ff3d -> fad8e1937fc14fd75ca21a68ee1037b8
  custom:scripting/monoscript/fileName/RefreshAsset.cs: 4479d2949a66a97f66d1e550067f3767 -> 5a15c606785f1f54a697bb0d0d846dfb
  custom:scripting/monoscript/fileName/IUtpMessageReporter.cs: 02b26b8c414970dd7d96e6dcfbe9a861 -> e8e6a62b6032a5642706a62156dd8314
  custom:scripting/monoscript/fileName/BoolSetting.cs: d67f952c3a5976591f3e9a9e7356bbab -> 12bf039ccd38b0f4ccfffbec3cbbf108
  custom:scripting/monoscript/fileName/IErrorCallbacks.cs: 525b2a3e515b976057d42e4abfcec602 -> fd7a49712e8a919d38dd0fddef8872df
  custom:scripting/monoscript/fileName/IScriptingRuntimeProxy.cs: 207c12828ef43f5ca31b3bcec485e9f7 -> c75af2a6ef439df9f19f151aeb5749ea
  custom:scripting/monoscript/fileName/ExitCallbacks.cs: 716173503afdef0ae4c4023adba1972e -> 
  custom:scripting/monoscript/fileName/CreateChangelistDialog.cs: 774371d4233cc1d394d98dc80507a1f8 -> 386b03e27c951c5f1d63daf7aae486ca
  custom:scripting/monoscript/fileName/ImmediateEnumerableCommand.cs: e79fd27a9b7f6505ae6a4aa7c72274db -> 89dd27d23dccf969b99d79611e8fed9a
  custom:scripting/monoscript/fileName/ApplePlatformSetup.cs: 4b442da1fea709240aeaf74bde720d3c -> 0ceeffeb4378c50fe08ff9b5d16a73f3
  custom:scripting/monoscript/fileName/HistoryListViewMenu.cs: 15a489e494f04a7ea37a587c7601070e -> 29770348599c8d5473b78d72e5741b40
  custom:scripting/monoscript/fileName/MergeViewFileConflictMenu.cs: d7362b83d6b320a0f0ceaf99dbe21727 -> 8fc0f292158abfa71c2c7b3b6f38d32a
  custom:scripting/monoscript/fileName/FilterRulesConfirmationDialog.cs: 5186d89f21d03764f0cca01c2a0122d7 -> 9c91c6c91f20e6d013a753f32343b327
  custom:scripting/monoscript/fileName/LogAssert.cs: 8c30e2367a22f747fb9a538551ddb198 -> 195ab501c85f741ece9ac8b49385dcce
  custom:scripting/monoscript/fileName/ChangesetsSelection.cs: d154d1782ed752b83834c54a0bde3df9 -> 8b9d539af9f7e269bac4e3d79e9ffab8
  custom:scripting/monoscript/fileName/ITestListProvider.cs: 4f1a13a1dbecabb9f7515cef8fe120ff -> 0169c532d74787e64cd4163cd55d4572
  custom:scripting/monoscript/fileName/AssetPostprocessor.cs: 96208057b904410715a8df295ba4f8f4 -> 
  custom:scripting/monoscript/fileName/AllocatingGCMemoryConstraint.cs: 2542b507c3de77a99c0db5c1357ffb65 -> 8b2ed7fbfb529ba318fb8425f7a81278
  custom:scripting/monoscript/fileName/LegacyPlayModeRunTask.cs: 8a159c990fea520d0af36b86d243e79e -> 
  custom:scripting/monoscript/fileName/IsResolved.cs: 67a72533af97b9ab7830798057ab806c -> f54a3e2c5134aa4306f9ad150b1911a9
  custom:scripting/monoscript/fileName/TestCommandBuilder.cs: 7c013615052dfed5e39b8bb914f01cb8 -> bf61faf29c0aea0c4e5d4ac76abaee13
  custom:scripting/monoscript/fileName/LocalStatusCache.cs: a558fcf5f34357bab4cfc7b75e2bb356 -> 30974ea30517fbfd1b93153f6c849a76
  custom:scripting/monoscript/fileName/ITestResultAdaptor.cs: 8d865eb70a8464f5288b9274d9abc979 -> bb9e1bbb2ff45e5a5f11e877a24721d7
  custom:scripting/monoscript/fileName/RepositoryExplorerDialog.cs: 143e7416b576681e1f2ea71288e530e6 -> eea34924da79ad7254f3e141a891c78d
  custom:scripting/monoscript/fileName/Vector2ComparerWithEqualsOperator.cs: b6f6b1f33f1b74ed974042f5e0303f0d -> 1851f392f974d4a42efb0de68a402e9b
  custom:scripting/monoscript/fileName/TestFinishedMessage.cs: 90745d8bb0dd1bfeebb724d118b2d483 -> ccd3538dc4059cd71acd9bfea48dbc80
  custom:scripting/monoscript/fileName/BeforeAfterTestCommandBase.cs: 8f6297df34271fdb1ce2d9607ec6261d -> 90647cc400823b41df847a6cbfc29026
  custom:scripting/monoscript/fileName/Vector2EqualityComparer.cs: c680a095e66b9bf90931050b8b145b65 -> 4ac8b0db10bbdb7ea68d4be944c5b941
  custom:scripting/monoscript/fileName/ITestTreeRebuildCallbacks.cs: c7090567546723c1f0a184a18f5ac1fe -> f952713f83d574a58f719696be7e52a3
  custom:scripting/monoscript/fileName/FileCleanupVerifierTaskBase.cs: 50c4fc5e4ffaa31cb467fc75616b7129 -> 8c0e90b329ac988e22429767c222f3c6
  custom:scripting/monoscript/fileName/UwpPlatformSetup.cs: c89362d564a60469ebbb75e8e12d340a -> b9f50f93de5f547a7eaf96f1bc58a80f
  custom:scripting/monoscript/fileName/WorkspaceWindow.cs: ff52e13cd29dacd66db0169e14f71a23 -> b042f06133312d3bfed176231d97d77c
  custom:scripting/monoscript/fileName/BranchesTab_Operations.cs: 764cb17e9337c58ad4f5304b60b2042e -> 57c33f76c527a5aba4d269245ffff188
  custom:scripting/monoscript/fileName/DiffAndMergeOptionsFoldout.cs: 080cbf9242c0571bafa2e45ef8932448 -> 2810bae564e92b04bc7ebe4e47a2880b
  custom:scripting/monoscript/fileName/PlasticShutdown.cs: a8df8eeeed98372d06e446171a192a6d -> 
  custom:scripting/monoscript/fileName/FilesFilterPatternsMenuBuilder.cs: 28072cd275c96994687e6d4d0d6e1dff -> cf716a8d336c8113475a9ca67a799ec1
  custom:scripting/monoscript/fileName/TestRunnerWindow.cs: beab6dc6591535c1b37ec310f1e15af0 -> 156fc89bab7bdd82ca70e07c9aa9ebbd
  custom:scripting/monoscript/fileName/HistoryListViewItem.cs: 2d3b1fc954b6bdbae298ec250ade0663 -> 96f2b67ec620b83e35d13f11877e1ac1
  custom:scripting/monoscript/fileName/RemoteStatusCache.cs: 00463e6b90cfe7da080d7c266f783980 -> 402d5663f3675e9324c129274b0c00f2
  custom:scripting/monoscript/fileName/EditorWindowFocus.cs: 1012e4e2e29e9b29bdcc03d8b92762a8 -> f258b0cf85078a7435d001e522d5e8e3
  custom:scripting/monoscript/fileName/EnumExtensions.cs: dbfa4dc82972125e904bf705c452c1b9 -> cda0742409c4e8ba02ffb7d89dff3e4b
  custom:scripting/monoscript/fileName/ColorEqualityComparer.cs: 9c477fa3f8fc3439b732377dad0e7a34 -> 9ae684bc4a6b608abc9f7f131bd7cb1d
  custom:scripting/monoscript/fileName/NewIncomingChanges.cs: fc48261878ef7e4b956e7172f5803aee -> 
  custom:scripting/monoscript/fileName/IAsyncTestAssemblyBuilder.cs: f88864ba85e2ec28df36a1a7af1974da -> d4bd9849c11964145b1082a4b1d477fa
  custom:scripting/monoscript/fileName/IsExeVersion.cs: 093723a3ef9cbad630dfdc60c764eff0 -> 9ef63354090e3419637bfe79e3489687
  custom:video-encoder-webm-vp8: eb34c28f22e8b96e1ab97ce403110664 -> 
  custom:scripting/monoscript/fileName/UnityIncomingChangesTree.cs: f774bb8bf0bd45a254894c795843c695 -> 42967773c43d3de5d23be4ddc6dfd9c4
  custom:scripting/monoscript/fileName/RunData.cs: 91eb6697698b63fe6764d1aca25f1f65 -> 772bee3d6504258eed6027a2ae076850
  custom:scripting/monoscript/fileName/ResultsSavingCallbacks.cs: aaf02a1e7a92c3896802c1deb489aa0f -> 96b4b28711ac58ce3dc199f3f7371922
  custom:scripting/monoscript/fileName/RerunCallbackData.cs: 4e0f854372c4476a9269ddc9aa7c8edb -> 
  custom:scripting/monoscript/fileName/UnityDiffTree.cs: 447fc3a8922f56330f4bae8c9dc9a8be -> 1029ffd567bc0e646e6b119719dcb2ff
  custom:scripting/monoscript/fileName/TreeHeaderSettings.cs: 114eb9e27124403e8e111494b8eaf987 -> 662b1714c0fce36da72bbfe60201987a
  custom:scripting/monoscript/fileName/PostbuildCleanupAttributeFinder.cs: 23c3a89f1d3b5b5defeaa7555afa30b6 -> a060814a414a9bab17671800d815861d
  custom:graphics/hdr-cubemap-encoding: 01000000000000000000000000000000 -> 02000000000000000000000000000000
  custom:scripting/monoscript/fileName/UnityConstants.cs: 323df5e3c80d05e06517581c776fde34 -> e3d3c3e11a194da9e5bbbfb97087a7bd
  custom:scripting/monoscript/fileName/IsExeAvailable.cs: 3e4283303610c884e542b8f6d3e922d4 -> 4a3dbc5ded94087064afd97407f26631
  custom:scripting/monoscript/fileName/LoadedTwiceMenu.cs: 961f9b82936caa7937046ac23d323c2c -> b54aa2e14eb740621bb6f926af7cb8ef
  custom:scripting/monoscript/fileName/IRemoteTestResultDataFactory.cs: c24506e6d6305475bf6a430f77ac582f -> 75d430448dca0118dc834f9aa964be1e
  custom:scripting/monoscript/fileName/TestRunnerUIFilter.cs: d43f81399e97649a77164015894ec5cc -> 15cddad256d0a7abe9cb58af110bbb72
  custom:scripting/monoscript/fileName/AutoLogin.cs: e67ed70aada38469aeb667115929c368 -> b4cb98371fc38cca00d7123b7e649e12
  custom:scripting/monoscript/fileName/DrawMergeOverview.cs: 1db93bf179b38015949e3a3cb6ef1bd3 -> 49e0e525c3c170f79c20dc6779b7ead8
  custom:audio-decoder-ogg-vorbis: bf7c407c2cedff20999df2af8eb42d56 -> 
  custom:scripting/monoscript/fileName/UpdateReportLineListViewItem.cs: a101f0ba5292fc139445870b3f4af838 -> 9f63395e1ea590dbbab4d59cd0032ac4
  custom:scripting/monoscript/fileName/DrawSplitter.cs: ec7e8739eacabcca3e2946d9833eea0f -> d2f114a8e8e4167f7762d835a83b2f55
  custom:scripting/monoscript/fileName/IAssemblyLoadProxy.cs: df5d93b09382b84c770bb8c70be641c2 -> 10a2bd4f9f1d29ac107ff7e510533c16
  custom:scripting/monoscript/fileName/LaunchDependenciesDialog.cs: e1c527862a66e73f0417ae177d7fdfb5 -> 2cabf22eb95430074b6c730a84e03493
  custom:scripting/monoscript/fileName/EditModeLauncher.cs: 9a2b5bcdc6140673378e5f8105411606 -> 
  custom:scripting/monoscript/fileName/CredentialsResponse.cs: 96b135ae1c4ea541dc762170ea524fa9 -> 3dd2507693e56dac75ee7783f598cbb9
  custom:scripting/monoscript/fileName/GuiHelper.cs: ce709a7d3615bce262722b2ac52d710b -> 7bbb51d455f8994ae6185c7dee04068a
  custom:scripting/monoscript/fileName/LaunchDiffOperations.cs: aeae601320588a70eea7590a2f7e0f69 -> 871a0804a9fe2d9f2ad088303a89a63e
  custom:scripting/monoscript/fileName/PlasticSplitterGUILayout.cs: 111849f67dfbfea65ad2a9298ad1654d -> 
  custom:scripting/monoscript/fileName/TestFilterSettings.cs: 5275be823d4854688aedadf9bf48dfa8 -> 
  custom:scripting/monoscript/fileName/PlaymodeTestsControllerSettings.cs: e4d6c3f42e8f4d17c80242b34c68fd06 -> 90cec9ec9d50d9e797d7b80fa88b49ed
  custom:scripting/monoscript/fileName/CheckinDialogOperations.cs: 0b2a2cd4c41cf1865a29cf91b2a96a48 -> d032d69e8060311c06b88286e8f22ddd
  custom:scripting/monoscript/fileName/StacktraceFilter.cs: 0a3b08d5dc42e75c1d72e2851ec00d95 -> 2f4728b5b8f653bd2197ec8c4b722e7d
  custom:scripting/monoscript/fileName/PendingChangesViewMenu.cs: 68fab310addfd7068cfd7920070496ff -> 9b0019b6df6bb14eb3a2dbafa53fb54b
  custom:scripting/monoscript/fileName/SettingsBuilder.cs: 2166bdf8e77dc5f252cf6909a9196c25 -> 9aeeee75a181ed82e0343a1fb6b9cead
  custom:scripting/monoscript/fileName/SetupException.cs: fa81854dd78d6f47fd79d813aacdb097 -> 38724dd55c58f65b09d9fda4b6161021
  custom:scripting/monoscript/fileName/AssetsSelection.cs: 35cec24e81f0cb1de51daeb356abc4ff -> 0227d7ff4d5687932d10967a945a9b06
  custom:scripting/monoscript/fileName/EnumPopupSetting.cs: 8f6297df34271fdb1ce2d9607ec6261d -> 90647cc400823b41df847a6cbfc29026
  custom:scripting/monoscript/fileName/PlasticConnectionMonitor.cs: 920e8e381bfc94da8bb69d336dda57ca -> 
  custom:scripting/monoscript/fileName/HistoryListHeaderState.cs: 6226ef13a567fa81584864f8698be331 -> a87e0364d14866c369ad50d669bdfa85
  custom:scripting/monoscript/fileName/EnableSwitchAndShelveFeatureDialog.cs: 2cb9334d072aaff777efab2d72a2583e -> 03bdf2f298649e7c429ac90c7a3c461a
  custom:scripting/monoscript/fileName/CloudEditionWelcomeWindow.cs: c886fdb39f4b8787e6ea3701a8f88f4a -> b1721e471183956468462f6b64901640
  custom:scripting/monoscript/fileName/AssetsPath.cs: 367269acf8f676d2cdd30fdc387b3920 -> e0e986124adc46d913f0683c34b88c9f
  custom:scripting/monoscript/fileName/LogSavingCallbacks.cs: 273a5ca581d39891e634ebf18363d22c -> 8eb93b3e2c76ea1a8acb6e2d0b5c5f91
  custom:scripting/monoscript/fileName/ITestAdaptorFactory.cs: bdc8323a65aed17f1190c56e7c6cfc5f -> 0cef1125679c38dd172e82c8aed26eb9
  custom:scripting/monoscript/fileName/MetaPath.cs: 1f80313a7ce6ec6ece505285578f5745 -> 417a84eb354831f828a6752b26c8592d
  custom:scripting/monoscript/fileName/TestListJob.cs: 12fc4e0dee9c9032467b6469e3bed3a6 -> 3a58b9c1d09f7f4ecb41254c8497b5c7
  custom:scripting/monoscript/fileName/AssemblyWrapper.cs: 27441573157e5964a8aeb7d356d13908 -> 888ba979193ec837feef9add74101219
  custom:scripting/monoscript/fileName/CredentialsUIImpl.cs: 90e9c2de8d7bdd8424e0d89c415108ae -> dbacf67c37819fd95562fe169e706732
  custom:scripting/monoscript/fileName/Executer.cs: 115c3fa08937a7411c01dd40a690d19e -> 3f667ef14fa1c500658713b8aa31fd85
  custom:scripting/monoscript/fileName/FullNameFilter.cs: 03e8efaa11fd7332f02cf89719dd5868 -> 7c49c279cb0d631ca64d8b7d70065d9c
  custom:scripting/monoscript/fileName/PlayerTestAssemblyProvider.cs: 4e1569ec89688dc213248db31fc5f2f8 -> cbdd04f669e4e0054bad4f9d3133a10c
  custom:scripting/monoscript/fileName/ChangesetsViewMenu.cs: b720f0168f4ce1b1e0d358a6d5ec9a42 -> 7d1a2de81910b5990e71a0bfff26fdca
  custom:scripting/monoscript/fileName/AssetPipelineIgnore.cs: 0d6998b45aa259f19df735cf43f30691 -> 09786e27e9aef22fa608d3ec356f88ff
  custom:scripting/monoscript/fileName/UnityPlasticGuiMessage.cs: 2a7f71f59c0d7dc731fd345a3713957c -> 24eef0792e3802809607a7f9d04b8f1d
  custom:scripting/monoscript/fileName/OrganizationCredentials.cs: ee462057b3bd23cc3dab953ac4d656e2 -> 0b123406cadd651e9adc01c85fab5124
  custom:scripting/monoscript/fileName/PrebuildSceneSetupAttribute.cs: ab58680b1420f8e2f2a2597e848d8216 -> 7863da9f66129a3cef8eac0a1f19b990
  custom:scripting/monoscript/fileName/StatusBar.cs: 2c8c488a8bbfe924f6b53b202ff6aadd -> 
  custom:scripting/monoscript/fileName/IsCurrent.cs: 7343ceec4312304bb8b398eeb6c375fa -> cf1fd01890d0fd9f011c1a1a491e2cf0
  custom:scripting/monoscript/fileName/Message.cs: 6525f110369b368a724db9468ed4c271 -> 671a789acb2c7a93d0b620fe02979957
  custom:scripting/monoscript/fileName/TestTreeViewBuilder.cs: 8dcd834c64e4c5915b417a6eadea3b2a -> 6e6e33e8d70cf17e89715badfaf4fed5
  custom:scripting/monoscript/fileName/EditmodeWorkItemFactory.cs: 59e0f470d3c4d6fcf2997a182c89bbcb -> e9c8ba8d2a4b7d9a886e64626b2e6205
  custom:scripting/monoscript/fileName/TestListenerWrapper.cs: d3b4dda00570273ec0c1794249fac5d6 -> 9bd83ba3a6a675f3c605795064caa62b
  custom:scripting/monoscript/fileName/ChangesetFromCollabCommitResponse.cs: b986ab8b1acd322b0367812e2d541734 -> ba336e4117e1b7ee28e4c17197bc3d0e
  custom:scripting/monoscript/fileName/MoveToChangelistMenuBuilder.cs: 3a2ef8cb0baf69e5dadeafc731fe32a9 -> a90b3e388d3e1316fa104d4c9a03e2d1
  custom:scripting/monoscript/fileName/LoadingSpinner.cs: b3299af90b664a9f42123e7df43fae24 -> 6aff0ac022d117a8e24a7b5e4b11904c
  custom:scripting/monoscript/fileName/LocksTab.cs: 134c512484ae73354c15c06a6dc69f9f -> 00ffb5a39c16fdc2d733c7e53471a3a9
  custom:scripting/monoscript/fileName/BranchesTab.cs: 764cb17e9337c58ad4f5304b60b2042e -> 57c33f76c527a5aba4d269245ffff188
  custom:scripting/monoscript/fileName/ExecutionSettings.cs: 3e46076abe70bbfac850fc39d98561b1 -> bbd5f229f5dcda0d2d7d6fe8eb266a59
  custom:scripting/monoscript/fileName/ToolConfig.cs: 18b1ea271ce5e7b6deea7b4e8e175269 -> fcffc3165b047f54ed6ccafa4c8760dd
  custom:scripting/monoscript/fileName/DropDownTextField.cs: e66e7314096900597993d2b353757d8d -> c8fc484ce140049ff31ebc2c6cbebf28
  custom:scripting/monoscript/fileName/CallbacksHolder.cs: 064e7d359062664728ef608c9f03a07c -> 8b4255bb9b31589c4c3dd9303007381d
  custom:scripting/monoscript/fileName/AssetsProcessor.cs: 47679a6e15b70f4fef48eb1b2df31b19 -> 18737889e95cd4088e8dfd4153fa8f40
  custom:scripting/monoscript/fileName/DrawActionButton.cs: d847a7d82ac92cab2b3d0ae268cefb3d -> 81e6708d2b8fa199354e53f85db731a8
  custom:scripting/monoscript/fileName/TableViewOperations.cs: ddc7b903e0dbd6bd109f2bd709b95f0e -> bef3a31deb1fe794a90f767d16e4c868
  custom:scripting/monoscript/fileName/CategoryFilterExtended.cs: 4662b13a61207dc88937c796423baa70 -> fc9bf6f795e045112c18a4c1343c1ae1
  custom:scripting/monoscript/fileName/UpdateProgress.cs: 5b04f01bf199310f09ab9522f89c78f4 -> 281e1e05168d6a30be1d8d2f6200bef8
  custom:scripting/monoscript/fileName/RequirePlatformSupportAttribute.cs: 7ce6733bee18de599a69cb974c92fdb6 -> 6918694e41aa1ffd5ee72bd04646d4bb
  custom:scripting/monoscript/fileName/OrganizationsInformation.cs: b3f0758c6655b2dad1161792812992fa -> 5f067ea8d90fc79055a3dcfd58ae6dca
  custom:scripting/monoscript/fileName/ChangeDeleteMenu.cs: 652dcd6f863c509bfa0376b6d95ab1ec -> 4fefe66d6e279ce0ac2fdc57d409f232
  custom:scripting/monoscript/fileName/SubscriptionDetailsResponse.cs: e10e0299ef716630c63b8cf5f792cda0 -> e5121cec860a6d1097cc809217b3d8fe
  custom:scripting/monoscript/fileName/ToolbarButton.cs: 47dc767626bbd94d66707af31ddc5eb6 -> 
  custom:scripting/monoscript/fileName/DrawProgressForDialogs.cs: 5f8d39e3ea7c4a42148c6b1a7b4ca061 -> a5f2abd8875e7a6afbc171fabfbae81f
  custom:scripting/monoscript/fileName/TestPlatform.cs: 1e3283087fad58204285b5e9c2e16b4e -> 63c69f9b78d9a1c2cdf167569fd572b6
  custom:scripting/monoscript/fileName/ProjectViewAssetSelection.cs: 349dc288d32791de51156d4e59000b7b -> 2560eadaf6a13a74a46a4a207cd5a8b6
  custom:scripting/monoscript/fileName/DrawTreeViewItem.cs: cceebc4f1185658619e40964f29acb08 -> 0921a62a588ab864253743d1f07afb5a
  custom:scripting/monoscript/fileName/RemoteTestResultData.cs: ff93ebb056d1cf8fdc7e897597b04ef6 -> 68a2b51f8872b9ef697b2155d9835735
  custom:scripting/monoscript/fileName/DrawSceneOperations.cs: 2426c0c2ee58cd28be59874f6425940c -> d87f46f9fb97181a2f51490ea2e1efc3
  custom:scripting/monoscript/fileName/IMonoBehaviourTest.cs: 272926e14fa72b11b0070eae8b5853ef -> 93dca3fac2d68012529173d3e7bc10a2
  custom:scripting/monoscript/fileName/CoroutineTestWorkItem.cs: 8fab9934b84f896f44392a777ae472de -> 8a69ee5c1adc29acc0a66cb7df14cbcf
  custom:audio-encoder-webm-vorbis: bf7c407c2cedff20999df2af8eb42d56 -> 
  custom:scripting/monoscript/fileName/DrawActionHelpBox.cs: dcd6ec2e7fb1b44f22c4a79ff87b70cd -> c8f6be9dab1e6f8d71e0c63c29679186
  custom:scripting/monoscript/fileName/PendingChangesMultiColumnHeader.cs: 21802cc6929e0e180fb4f0be8e34d9d0 -> 722de7d6e07a79981d750438e6febb8f
  custom:scripting/monoscript/fileName/EditorDispatcher.cs: c739e073a8c38dbcf59192f45d1004c5 -> 3c402eae57d73cc54863f3f6a13096ae
  custom:scripting/monoscript/fileName/MovedEvilTwinMenu.cs: ce111941dc7264d29598ce7fd2770927 -> d480b839850d28c1c9526cb587fc752d
  custom:scripting/monoscript/fileName/UnityWorkItemDataHolder.cs: 5e123fac5cc49e9acfe91048eee308ae -> 94e44d74f673f889418b2b9926b6615c
  custom:scripting/monoscript/fileName/ICallbacksHolder.cs: e330f681a4da017eb82339063a410722 -> 790e89a97c8150c3044e584386d3ba9a
  custom:scripting/monoscript/fileName/PlayerLauncher.cs: 7004f613ecfe1e179e7b362c88c3ddb7 -> c1129f48ad00377c128c470482bb7e8e
  custom:scripting/monoscript/fileName/UnityCombinatorialStrategy.cs: bd44b85caa82e1f08c977cc9d9157c40 -> e857e6faada8b59173cb249a8a6be6fa
  custom:scripting/monoscript/fileName/IIncomingChangesTab.cs: d4ceabdc48d8a1872bbe87f04d89a4ff -> 40644cd18074db84684b9e437bf8fa77
  custom:scripting/monoscript/fileName/CoroutineRunner.cs: bb2107d11619bb60075736a2632662be -> 06bef19f6905915189ed09a2db9f2885
  custom:scripting/monoscript/fileName/ConstructDelegator.cs: 7526886647893577a45527c0f6393600 -> c271ca33e5434ac87e82546dd149c303
  custom:scripting/monoscript/fileName/UnityLogCheckDelegatingCommand.cs: 109adc74b3ab14d952109f6ed35bdacf -> 410acedf83a5c4e9d5a212b5635d0c88
  custom:scripting/monoscript/fileName/GetChangesOverlayIcon.cs: f00e4b795697c6cf3092760f3b6fc49d -> d599d6efdee28305661bc0cf6683858a
  custom:scripting/monoscript/fileName/ShelvedChangesNotification.cs: 13b6a2ccd8b4ac1f5ee30c8404cea3b0 -> a27e9e7b242b904f41fc1b16d3a1b3fd
  custom:scripting/monoscript/fileName/ILogScope.cs: dd29c4b8ed4c54280ca787c474cdd843 -> e99dd640a2ac2c8b1c0c97725f23440d
  custom:scripting/monoscript/fileName/EvilTwinMenu.cs: 475a88947051822ca4915306469f9bcc -> 919e4faae0573e49949f6dfbb5a733da
  custom:scripting/monoscript/fileName/ChangesetsListView.cs: caae0aefb36c869f50691482a5cd0944 -> 87b74e0d80cf59010f55e2baaeb6679d
  custom:scripting/monoscript/fileName/UnityWorkItem.cs: 03c602cd83845fe6265dc83816099666 -> ce02ef2c77c866afeb6c04a89a364a8a
  custom:scripting/monoscript/fileName/UpdateReportListView.cs: 2d8fccdaad50bbd7454b52cf9cb4a0f9 -> 08d26df1ab6c3a7628addc5e54e50b08
  custom:scripting/monoscript/fileName/IAssetsDatabaseHelper.cs: 8bbb0e39e3cfde6c5b6c11074d90971a -> 4f8027cddf715e38f75ab454f20fe051
  custom:scripting/monoscript/fileName/UnityConfigurationChecker.cs: 59a8f0715a7c89a752351bf42f94abbd -> 874cd65cce0384fef4b60e71fb08a429
  custom:scripting/monoscript/fileName/EditModeRunner.cs: 0c2c70d0e910f1733ef8492efbf3dda1 -> f1ceb581ae48e42ca32e80f796ce45bc
  custom:scripting/monoscript/fileName/ConstraintsExtensions.cs: 19d048a2938a4b2b178e7e91279126b7 -> 89e01f1f8de15d891db3bad70117d924
  custom:scripting/monoscript/fileName/UnityTestTimeoutException.cs: 7c70971bbddd1caf6485b8c5b935d369 -> b7ec28ea102309dc20886c45fff1e1b5
  custom:scripting/monoscript/fileName/TestRunnerResult.cs: 2b3fdbda67626b6faa7139ccea15b17a -> 613fb3e1dfef14aa9d5aea2cd635ffff
  custom:scripting/monoscript/fileName/UtpMessageReporter.cs: 6f35c7d2ea8786c1fd8fe557180d6c38 -> 1ce82c57220e51532d6b3e5da0cecc24
  custom:scripting/monoscript/fileName/EnumeratorStepHelper.cs: a2fa98a2f974f377b9c2905ce60dea0f -> 05022a723dcf173476ccb43403871168
  custom:scripting/monoscript/fileName/PlaymodeWorkItemFactory.cs: a61a7bf2d749182a50c049a0ad4afb89 -> 8bb2d7c0ad22b08cf17b1748007ae8c3
  custom:scripting/monoscript/fileName/CheckWorkspaceTreeNodeStatus.cs: 5e11ff64963669981115eb58dc2b6e8b -> 1e1255b803bf7cbc935bb804bf0dbe7b
  custom:scripting/monoscript/fileName/RemoteTestData.cs: 5baf4798e5344c86aa4ccafb41b2624c -> 51ba1ddd57fb71948e60067806b9cfcd
  custom:scripting/monoscript/fileName/TreeViewSessionState.cs: 8333273b312d475b653610e2871c20a5 -> 9f39a2ca55a7481b8ba078d3a2b6815e
  custom:scripting/monoscript/fileName/StadiaPlatformSetup.cs: 589eaf4f5c2f63a79deb4c2735e3b746 -> 27e00e91e04b4888c1d6354fa4baa6a5
  custom:scripting/monoscript/fileName/ErrorsPanel.cs: 21fc210ee17d5e95782397ef8c7dafab -> 515b7ba9af5e7885ba3068b1d63c6104
  custom:scripting/monoscript/fileName/PlasticPlugin.cs: a57c142b98ca3d4daad221737fd72924 -> c64561980f26020cc3206ae8b1047268
  custom:scripting/monoscript/fileName/SwitchModeConfirmationDialog.cs: 4d9c02587760213784bfe53d012122b4 -> 30cd71d0b3ee4b2689cde689908d301e
  custom:scripting/monoscript/fileName/PlasticWindow.cs: fc467478941f610919bc69526ba2c215 -> 
  custom:scripting/monoscript/fileName/LogScope.cs: 51679d4f7708329af3d47e56656f8988 -> a032a8edefa3a04276b9f24e5047f2ac
  custom:scripting/monoscript/fileName/PlasticExeLauncher.cs: caa0b5dda5df50c85bb19d27252d16b9 -> f1da27253760250030952f02cb54965a
  custom:scripting/monoscript/fileName/TestPlanMessage.cs: 15cf5225dc1e7b1718be35fb09144b5b -> 6199b0505360321c39d00a607adaaf8d
  custom:scripting/monoscript/fileName/ITestRunSettings.cs: 7462715f6a540bde0acfd50948410d32 -> a5342276210c7f86635118880184dc77
  custom:scripting/monoscript/fileName/BranchesViewMenu.cs: 8089f11c30784e2e57775dd6cdbae898 -> 7bfc83e917c9b0b5aa423bb947ce2a38
  custom:scripting/monoscript/fileName/CooldownWindowDelayer.cs: 7816cfcad485500dbac9993c4502ea69 -> 4c95e39c8dd4cfa1bca106097fdb6524
  custom:scripting/monoscript/fileName/SetUpTearDownCommand.cs: 2a0e8cc178919ce84c52af1a4ddfce30 -> 684e5d1c75373405f8a6c9575324286f
  custom:scripting/monoscript/fileName/EditorEnumeratorTestWorkItem.cs: 7bf37d3cd666bc3e840f63f05aae4d05 -> b8f886476b7c18f3c1cdeae30ec0c8ea
  custom:scripting/monoscript/fileName/GetInstallerTmpFileName.cs: fa7bda723ac795b48e38504727f44981 -> d09e0b5c7a9af5874530e17ef23025f0
  custom:scripting/monoscript/fileName/AssetModificationProcessor.cs: a602c9e59e7db185e3a0d68d986e6fef -> 
  custom:scripting/monoscript/fileName/IsCollabProjectMigratedResponse.cs: 4c3294c6a51e6f42161d191230692016 -> af2b76c693935deee55cfcaed2aa7568
========================================================================
Received Prepare
Caller must complete domain reload
Begin MonoManager ReloadAssembly
- Loaded All Assemblies, in  3.911 seconds
Native extension for WindowsStandalone target not found
Native extension for Android target not found
Mono: successfully reloaded assembly
[Package Manager] Server::EnsureServerProcessIsRunning -- launch failed, reason: Unity was launched with the -noUpm command-line argument
[Package Manager] UpmClient::Send -- Unable to send message (not connected to UPM process).
[Package Manager] Cannot connect to Unity Package Manager local server
- Finished resetting the current domain, in  9.181 seconds
Domain Reload Profiling: 12979ms
	BeginReloadAssembly (682ms)
		ExecutionOrderSort (0ms)
		DisableScriptedObjects (28ms)
		BackupInstance (0ms)
		ReleaseScriptingObjects (0ms)
		CreateAndSetChildDomain (121ms)
	RebuildCommonClasses (546ms)
	RebuildNativeTypeToScriptingClass (60ms)
	initialDomainReloadingComplete (542ms)
	LoadAllAssembliesAndSetupDomain (1967ms)
		LoadAssemblies (2313ms)
		RebuildTransferFunctionScriptingTraits (0ms)
		AnalyzeDomain (56ms)
			TypeCache.Refresh (23ms)
				TypeCache.ScanAssembly (0ms)
			ScanForSourceGeneratedMonoScriptInfo (1ms)
			ResolveRequiredComponents (25ms)
	FinalizeReload (9182ms)
		ReleaseScriptCaches (0ms)
		RebuildScriptCaches (0ms)
		SetupLoadedEditorAssemblies (1672ms)
			LogAssemblyErrors (0ms)
			InitializePlatformSupportModulesInManaged (70ms)
			SetLoadedEditorAssemblies (12ms)
			RefreshPlugins (0ms)
			BeforeProcessingInitializeOnLoad (574ms)
			ProcessInitializeOnLoadAttributes (945ms)
			ProcessInitializeOnLoadMethodAttributes (42ms)
			AfterProcessingInitializeOnLoad (30ms)
			EditorAssembliesLoaded (0ms)
		ExecutionOrderSort2 (0ms)
		AwakeInstancesAfterBackupRestoration (16ms)
Refreshing native plugins compatible for Editor in 40.11 ms, found 4 plugins.
Preloading 0 native plugins for Editor in 0.00 ms.
Unloading 4474 Unused Serialized files (Serialized files now loaded: 0)
Unloading 15 unused Assets / (29.5 KB). Loaded Objects now: 4966.
Memory consumption went from 152.2 MB to 152.2 MB.
Total: 5.944000 ms (FindLiveObjects: 0.569500 ms CreateObjectMapping: 0.288800 ms MarkObjects: 5.012300 ms  DeleteObjects: 0.071700 ms)

Prepare: number of updated asset objects reloaded= 0
AssetImportParameters requested are different than current active one (requested -> active):
  custom:scripting/monoscript/fileName/IPrebuildSceneSetup.cs: 086a540b86c9ccf5ce0a23935a64c98d -> c89711320cb5af11897ec50fd61d4419
  custom:scripting/monoscript/fileName/BuildMergeTabParameters.cs: 2c923f29302a39560b4301c3fd163a7b -> 
  custom:scripting/monoscript/fileName/IncomingChangesTab.cs: 8a20aca125f6d4b837670edb6e36bc05 -> 82bff1d960538992d4e618d909869d2e
  custom:scripting/monoscript/fileName/EditorAssembliesProxy.cs: 23426c61d1cfec53ec65b1ed2f77c773 -> ef0f2d44f3e723650bf58ba30866667b
  custom:scripting/monoscript/fileName/OuterUnityTestActionCommand.cs: eacf156fb6f74d2f6b697bf47e9a72eb -> 36c13d7d2a2c5c2f372e7b1c0cc06d4d
  custom:scripting/monoscript/fileName/TestJobDataHolder.cs: 1e3b4dec54d5610ff8a852c0a9fccf2b -> 2c9edeeac80ff44e86cac8087411d260
  custom:scripting/monoscript/fileName/DiffSelection.cs: 34faf7c86f7e0c9a01162e930679d82f -> 1460aaba4240ef35322cb9c198487990
  custom:scripting/monoscript/fileName/EditModeRunnerCallback.cs: 8a8dedaa2bec26f26744df4ec8e2f191 -> 
  custom:scripting/monoscript/fileName/EnterPlayMode.cs: 3cb26e64a9bc927aa1556d517c8e8a78 -> c730bf9ff77514bb260ba9933378e49c
  custom:scripting/monoscript/fileName/Filter.cs: 18ef22850e69a0e3e97548ae5b255f92 -> 935824dbebf762a19f2d4c4751625fe2
  custom:scripting/monoscript/fileName/DrawStaticElement.cs: 6cbd346d4a1be2ee84c9ebe55a7f9f79 -> 5765d84d60602f16f5577bf0b7fc6b96
  custom:scripting/monoscript/fileName/MoveDeleteMenu.cs: f1a7b8a8be76c035d934c51863f3b934 -> c4ad4528e772c33a6167006886a8d1da
  custom:scripting/monoscript/fileName/DialogWithCheckBox.cs: 738e3e0af97e826e16805dda77e5f009 -> 
  custom:scripting/monoscript/fileName/UnityTearDownAttribute.cs: 4a3d30720366843ca221fd554845c187 -> d90d4ba0821a80f48bd6cec8eab8964f
  custom:scripting/monoscript/fileName/DateFilter.cs: de3aab0283a2b4a1d4d64145b14132d5 -> 3a6cb8c2e3ffbb5a9052e322ee5bf411
  custom:scripting/monoscript/fileName/RemotePlayerTestController.cs: 83176596b43ae79e65d8c3ccfd7c1c75 -> e65e7856c7b5238a13243fffbf64f7eb
  custom:scripting/monoscript/fileName/ConditionalIgnoreAttribute.cs: 507a506f130880469465e0381c429447 -> 9f2f3d4c6b56d5f470ccdd0e1820d51b
  custom:scripting/monoscript/fileName/TestMustExpectAllLogsAttribute.cs: f1224ac9ffb401dcd2c905e6a783da06 -> cdf1c75549affd080e0ddbde5bcb7c34
  custom:scripting/monoscript/fileName/TestBuildAssemblyFilter.cs: e3ae3b9dfa7b065b08d520845d4f070d -> 056870da734fd8ecf77d00737a22149f
  custom:scripting/monoscript/fileName/ITestRunnerListener.cs: 07f2f49d67775d1bad20bc1589a5769d -> d52675266925b8e603f210be3981d59b
  custom:scripting/monoscript/fileName/PerformInitialCheckin.cs: be22d181e456c0a8a5713675f29ac72a -> 8ef9a9f407b8b94b2b5fad9d24e61f79
  custom:scripting/monoscript/fileName/ConflictResolutionState.cs: d9394655856a9fc1a0b280bc997bac16 -> 74a230000ff2fd58c5a60ab4258207dc
  custom:scripting/monoscript/fileName/IEditorCompilationInterfaceProxy.cs: e8a39ed00046a7b93647d4de1a3e0e00 -> b1e49de3ac2ed1feea91c5f6846d6e49
  custom:scripting/monoscript/fileName/EnumerableRepeatedTestCommand.cs: 229b55de651d474bc2ca3733382eef36 -> dbdc4517e80e66a31f48ce40e06931f2
  custom:scripting/monoscript/fileName/FindWorkspace.cs: 39bbd18bfe6bf4a99f5c185dcda4dd4a -> 6af6c9e9382fef881c020ab184e6f7f5
  custom:scripting/monoscript/fileName/CommandLineOption.cs: f2f0dbe72e14e05a5259c3e6cb3ececc -> 211f73ad4421274a5a418608b74cc839
  custom:scripting/monoscript/fileName/IPostBuildCleanup.cs: 7bc004ae26b110cd32d3401b0981f815 -> 8d43f6dbc44addb43106f91d15047771
  custom:container-demuxer-ogg: 62fdf1f143b41e24485cea50d1cbac27 -> 
  custom:scripting/monoscript/fileName/TestListTreeViewDataSource.cs: 8b5a59ec2d06d36e63ce53a34e1d591e -> 153f0d5d9a6099f80f6d26e9c0ad6b7d
  custom:scripting/monoscript/fileName/CheckinConflictsDialog.cs: d3af1d70d3f60a9847d2942647274222 -> e13fa04a97fb675842c94586fc602871
  custom:scripting/monoscript/fileName/CommandLineOptionSet.cs: 6bb45bf9141d4fec50aae5aa4651fa84 -> 57b6c3812f217f48a5cedf066a216cfd
  custom:scripting/monoscript/fileName/ITestRunCallback.cs: 0ac8617cc2dc9780c575b6eb03f6d505 -> 7d90e4d27cccfe89ef24a93578e15a74
  custom:scripting/monoscript/fileName/AuthToken.cs: d22b2893825e943bc1389be142abd57e -> 0fba7e8eb1ec8b699f274cdc956451b2
  custom:scripting/monoscript/fileName/ProgressControlsForDialogs.cs: 6bf8e69ac7dc2163fe988e5d8181ce88 -> 7e6bd1727985204e3b64e1946e589b1c
  custom:scripting/monoscript/fileName/AssetStatusCache.cs: beede06d8a6d93e7907fd192ad653f2b -> 260d5f85663ac58b2a7e9553c453bc3e
  custom:scripting/monoscript/fileName/IEditorAssembliesProxy.cs: 81289fa7514ad1168ecb67afff27720d -> 8586f95fda82b1fa948b8ac0ebb50a9d
  custom:scripting/monoscript/fileName/AndroidPlatformSetup.cs: 56c28d48cf01b1b2c96f64a6827ffac4 -> 67d5fa212608c900d88b1544a5f49997
  custom:scripting/monoscript/fileName/OrganizationPanel.cs: d7ac1288bef1b15a05bb26d201a4d87f -> 57a57e6a345dbd536e91c348b70943a9
  custom:scripting/monoscript/fileName/ChangeCategoryTreeViewItem.cs: efd70108e1f6ff61ed2723220486adfc -> fd14db176fff061715c8ec88ced1902f
  custom:scripting/monoscript/fileName/CurrentUserAdminCheckResponse.cs: cec2f173fe8732108711c497674c6f66 -> d57c2dcace740834acd59fdfbc5023b8
  custom:scripting/monoscript/fileName/RenderingOptions.cs: a84cebfad0b53e3dbf0202be3cc1d6d3 -> 
  custom:scripting/monoscript/fileName/WorkItemFactory.cs: 9cd58300f748e3250316447e9d2a8d06 -> d8b2e380888ccc980a475a01f04d7a45
  custom:scripting/monoscript/fileName/UIElementsExtensions.cs: a191d7293be4538b0adb29dfe5b06a46 -> 52e0d612ab032e4d22e9558b90396b99
  custom:scripting/monoscript/fileName/PlayerLauncherContextSettings.cs: 89c041e42e3e6c336ae4ddeb40f2d12f -> 3c0a34dce28ade8f88b3e213fadb0738
  custom:scripting/monoscript/fileName/CreateBranchDialog.cs: c429477092287209232592c8cde1a615 -> 9eb29fda08033b4f847247136c412db6
  custom:scripting/monoscript/fileName/RunSettings.cs: c8ba576640d505c59ca4d995eb1b55e6 -> 6770f3fdaf287e73ff6c63f28a5a7e92
  custom:scripting/monoscript/fileName/UnhandledLogMessageException.cs: d6d6ca25090fc3eec22959040bde30f3 -> fa6ee6fe2a221a71f213304ae56898c7
  custom:scripting/monoscript/fileName/EnumerableApplyChangesToContextCommand.cs: 7e82e96f40f2bf4118aab6f6aef1d287 -> c2aa6cedc66892dd581c50a4d9b6a147
  custom:scripting/monoscript/fileName/RecompileScripts.cs: 33cdfe80e47d8b05e5ee4c6c33b4993e -> 73e345449efb1420f34aad9debcdf2bd
  custom:scripting/monoscript/fileName/DelayedCallback.cs: 4d96f98a05296a6e495fa9916bc0a91b -> e88c5396d33adcd6404b4cb8a051b2b1
  custom:scripting/monoscript/fileName/OrderedTestSuiteModifier.cs: ddbca70bf46f5e4ca706b058ef23253f -> 6a8006d91a7636d39c6731494060c3c2
  custom:scripting/monoscript/fileName/DrawCreateWorkspaceView.cs: 6422239d8f649480614f0dd4f018b7f2 -> c6039ac84d85ab3926aa94de163a9f7d
  custom:scripting/monoscript/fileName/ProjectPath.cs: 5634ebdbea8ca94089eb9622d1b60497 -> 2007f972d3a73eeb86dfe05e849c7f69
  custom:scripting/monoscript/fileName/SSOCredentialsDialog.cs: 8967ceae1bc195ea8dd32b23c42dd852 -> e140ede12a96f68f30062138385171c3
  custom:scripting/monoscript/fileName/DefaultTestWorkItem.cs: df6f5a85dcc29cabfe426927cfff8766 -> f906b4fb5b78cb9d23a07212620919d9
  custom:scripting/monoscript/fileName/TestRunnerApiMapper.cs: 213999ba10693518027e8ab0204d1885 -> 241489454095fad1d1d89166ee62820f
  custom:scripting/monoscript/fileName/LegacyPlayerRunTask.cs: 328c044124055242f6ddb7aa596ab1d3 -> 148e0500b0761261bc418d25c26e82b1
  custom:scripting/monoscript/fileName/Vector3ComparerWithEqualsOperator.cs: 6b9a33545ada02177d266ed1f5b19290 -> c497cde63ec72672e5f69e70b932688f
  custom:scripting/monoscript/fileName/IGuiHelper.cs: c60290192a780a358cb4d2eed657f7f8 -> da57d3fb0f8ace42d5b01eed25e9e3d5
  custom:scripting/monoscript/fileName/DownloadPlasticExeDialog.cs: 2dd40c53d0303d041a27a44a95c331cb -> 093cfe0607c2346a88cdfdfe1435614f
  custom:scripting/monoscript/fileName/GetOperationDelegate.cs: e719058321e4f2be94be212e42f097c8 -> 
  custom:scripting/monoscript/fileName/OutOfOrderExpectedLogMessageException.cs: 22c4a953865c583fd55d80a54c5d6c18 -> 4ff78bac16cc86124e588c20ad3ddba7
  custom:scripting/monoscript/fileName/IPlatformSetup.cs: 9a0668684da27d1ddefa88d99d869448 -> 6f20476898784a15f8b8eb28653a67fd
  custom:scripting/monoscript/fileName/TestTreeViewItem.cs: 3239fe248332ddd6a904d9cb0680e538 -> aae3d62f4daf680133c1c18c7814d15e
  custom:scripting/monoscript/fileName/AssemblyLoadProxy.cs: c6dff8352382292b9959041d98303a41 -> 0f3a4ee005eb8f7b33161c2ba6196e00
  custom:video-codec-MediaFoundation-h265: 746d11721c4dcdbdad8f713fa42b33f4 -> 
  custom:scripting/monoscript/fileName/SaveUndoIndexTask.cs: ab03f94eed1b9c2e86cabe91ffdb6ab8 -> 6e0bcd5f418cf8184993174ac732fff4
  custom:scripting/monoscript/fileName/TestResultRenderer.cs: 9bb52db8cdd7fbc7b27d62af73d00df8 -> 2e8123de6d2eea4d42efb7a87e150b27
  custom:scripting/monoscript/fileName/WaitForDomainReload.cs: ec74674e8cae527fdeb410a81a4658a3 -> b6033700f0adcf3b23782f04c42e269c
  custom:scripting/monoscript/fileName/PendingChangesTab_Operations.cs: c99065f3c85ec85c85ece2a1a30665af -> 15ae6787065f4af65778e981f418a60b
  custom:scripting/monoscript/fileName/LocksListViewItem.cs: cc9cd24c5be4f7363367cba72f12aad4 -> f4a19fabbec093eb3d6a7e1cd4f42611
  custom:scripting/monoscript/fileName/ITestSettingsDeserializer.cs: e43933e90cb98a9555f922952cdb833f -> 22e37de7af2cea07971d0ba87110dad7
  custom:scripting/monoscript/fileName/UnityTestAssemblyBuilder.cs: 9b6ef4c0578639ba943c8f65e1e8d74d -> fa151eb16842256647a2914b37e4bf9d
  custom:scripting/monoscript/fileName/PendingChangesViewPendingChangeMenu.cs: 561ad0f702e1db14300a4a5f810051f9 -> 9a6ef2277212bf26d647c7f12f946287
  custom:scripting/monoscript/fileName/SignInPanel.cs: f7e82045994d4eefe3b021faa87b55c6 -> bac0318ce35e37bed3a2cc8137452435
  custom:scripting/monoscript/fileName/DrawInspectorOperations.cs: 61c4a6a6507d8f84ef5bdf5cba3f0aee -> 8c94fe642e98309082411f46db89106b
  custom:scripting/monoscript/fileName/AnalyticsTestCallback.cs: 86b513e5c36f0343183de924372e6da6 -> 70c2658c96c40ebe349fda85c81dae6e
  custom:scripting/monoscript/fileName/TestTaskBase.cs: 4b3bfcc0ce488c09e9c983c955b234c0 -> 162ca0c58961a22b2d7f2a866ccb62df
  custom:scripting/monoscript/fileName/DrawDirectoryResolutionPanel.cs: b77d9918f02a8eac64394aaf99fa4b28 -> e4e3c9b4bc511687802b504b71016540
  custom:scripting/monoscript/fileName/CloseWindowIfOpened.cs: d820344e932a12600b5fe6fb7e9f1563 -> ce229ef3b7461ff17e2c1af0695a6657
  custom:scripting/monoscript/fileName/SaveAssets.cs: e472a52843752df7d7ad4ca6b2c8da98 -> b56abea3d51c742ac29e4aec958afad6
  custom:scripting/monoscript/fileName/TestLauncherBase.cs: 55b4d99610fbeb9ecb7ee6ead3251104 -> c78237b225a855d3af10df4cd8d6a1b2
  custom:scripting/monoscript/fileName/FloatEqualityComparer.cs: 4dac02b3f722be0497415c960455318c -> 6ddc5d5b0944c660e6b695f37c9febc8
  custom:scripting/monoscript/fileName/ResultSummarizer.cs: fcfdcb2adeeb82cb8f411b44b44abdb0 -> 
  custom:scripting/monoscript/fileName/MergeViewMenu.cs: 93bc40369a2f104c249cef1d685ad358 -> c1676e16bdcf215f6595ea9de7a1fc33
  custom:scripting/monoscript/fileName/RepositoriesListView.cs: 9f95c83dc460fb03fb0916472f14b8a7 -> 95287f65338ca0073ad04002a16eaaf7
  custom:scripting/monoscript/fileName/HandleMenuItem.cs: 740e54c5f6dca1acc88cad87af74b744 -> b4ad1ecc5243212c5967125ad5e41b1f
  custom:scripting/monoscript/fileName/CompositeWorkItem.cs: 77037823112276c67676f1e42edf1cd2 -> bc884a89fde61fa75209209a03bbd836
  custom:scripting/monoscript/fileName/ScreenResolution.cs: 5c975132cf4e36dcc261bd0acd604271 -> 7bb7bb5b955671820101b322f0a7bf3d
  custom:scripting/monoscript/fileName/RunFinishedData.cs: 35b8f95dad4fefe115ad61c2c01125ab -> a22f15c3a79d1f15ccc31ec29ab37874
  custom:scripting/monoscript/fileName/ApplicationDataPath.cs: 8e4094e28762fb76a1baecfe90c6b65e -> 3e8c4ea8debfda8013fed860ac233d22
  custom:scripting/monoscript/fileName/MergeSelection.cs: 6deb9bc55c10a7ac7c9f905a7b92dbe8 -> 630eecd27cae3311e65e09d9c63da8b7
  custom:scripting/monoscript/fileName/PlayModeTestListGUI.cs: 9528035223f9376ea8c5bf32da2d30c1 -> 
  custom:video-decoder-ogg-theora: a1e56fd34408186e4bbccfd4996cb3dc -> 
  custom:scripting/monoscript/fileName/RepaintInspector.cs: f134606300316994850c28a68d0cb5a3 -> 
  custom:scripting/monoscript/fileName/LockStatusCache.cs: 5e3725e03dc21c716034553589a67eae -> e99b3f34c5cd3eb73ec19439af1f7f80
  custom:scripting/monoscript/fileName/DiffTreeView.cs: 68195907d129ef826aa6b6df7202696d -> 49f46fd2a65ea674a218eead75f27aac
  custom:scripting/monoscript/fileName/UnityTestProtocolListener.cs: 031f67bcc950e88772c7e00661691db9 -> 0d4d2ab58d3a081f00c0f200ee8696be
  custom:scripting/monoscript/fileName/DependenciesDialog.cs: 82d30fc8d5e1a73ec0d1ee9acc00fbc2 -> c8902186ab2f4e6471b5dd147afb01b6
  custom:scripting/monoscript/fileName/ChangesetListViewItem.cs: 95a197949f1e777703db60eea8cc21b3 -> d742a4910e302777daa1ccb9c8e92cb9
  custom:scripting/monoscript/fileName/LocksViewMenu.cs: fda08381fa9abca53b6eaf3bf55f14f8 -> 186d8514e824865b191ba1829afe4b33
  custom:scripting/monoscript/fileName/MonoBehaviourTest.cs: 8f6297df34271fdb1ce2d9607ec6261d -> 90647cc400823b41df847a6cbfc29026
  custom:scripting/monoscript/fileName/IncomingChangesViewMenu.cs: 5f96afa82d3e2a8078206b7f6d3b0752 -> 13196979a03411533716f6775c9a624b
  custom:scripting/monoscript/fileName/QueryVisualElementsExtensions.cs: 75ea535788abf9c38ba9341c984a6241 -> a49740b6efbb934f55475cc70b864a4c
  custom:scripting/monoscript/fileName/DivergentMoveMenu.cs: 5b146ed65a6a030ab7d86a0d711244f7 -> 98d76b5791494212a0c25aa6a4af7288
  custom:scripting/monoscript/fileName/TestResultRendererCallback.cs: 11a504294abe84b81ed7535d2d6b52d7 -> 215106b260625bb3e26681b849d9307d
  custom:scripting/monoscript/fileName/PlatformSpecificSetup.cs: c7583018fa54cbb13353f07300f73380 -> 0a7f9c0b27ae370d8bd5d3df4916ae28
  custom:scripting/monoscript/fileName/EditModeLauncherContextSettings.cs: 716154923321c522b7f6492b24dc4629 -> d1e413330d98a9101237ccbe91f95dea
  custom:scripting/monoscript/fileName/PlayerQuitHandler.cs: b367910cee7b2e682885ab95e27ec0ea -> b4085dee8fd70ae04ac96945fafed489
  custom:scripting/monoscript/fileName/WriteLogConfiguration.cs: 1a8401f47b522f631a3dc005105719f5 -> 1589212d1638ae91a029ea3ddf9999f2
  custom:scripting/monoscript/fileName/PrebuildSetupTask.cs: c7a55bff004702e0146f0b7de9de0c32 -> a4e888a510b1441a257b12183e59237b
  custom:scripting/monoscript/fileName/UnexpectedLogMessageException.cs: eb4b453bac6ce1ffa84fa1fcbecd8818 -> a7bbf32861c66018271b093fc1d1061b
  custom:scripting/monoscript/fileName/FileSystemOperation.cs: c31a686e69e66801c204a11be56c950a -> f0ccbe91654279794a85bf6f1c034716
  custom:scripting/monoscript/fileName/RerunCallback.cs: ffe49cf602017087ffa7749d06513ace -> 
  custom:scripting/monoscript/fileName/MigrateCollabProject.cs: af93695e471d9c8e4ad014c4165f2c3c -> 9f3487f03a783b35518405572f20ac9e
  custom:framework-win-MediaFoundation: 216162199b28c13a410421893ffa2e32 -> 
  custom:scripting/monoscript/fileName/ITestListCache.cs: 530322f74ae4ee44bba33a2f253d3260 -> 93f202374a8dd6602503d990ab2feb72
  custom:scripting/monoscript/fileName/TestRunCallbackAttribute.cs: 0f465317bd2bfaae92f90a6ee84c0d18 -> c61459d4a70eab5bd767d5a1f82f55d8
  custom:scripting/monoscript/fileName/ProgressControlsForViews.cs: 7d677c6df38ab15cf390062b5b0bb854 -> a8a18a90f46aa63848e1e45d8d7ff9af
  custom:scripting/monoscript/fileName/DrawAssetOverlay.cs: 04a46044def089f0abcdafdd281e3646 -> 
  custom:scripting/monoscript/fileName/PrebuildSetupAttributeFinder.cs: 2bad1feb91972325181c65f0d7b65426 -> 1f975f3a70c8f9747da919735d84e6c3
  custom:scripting/monoscript/fileName/ProjectWindow.cs: c62567a3d71fd74636bc783de5162474 -> 
  custom:scripting/monoscript/fileName/TestExtensions.cs: 06f4dc0f3112fa2e5582ace2497b1b80 -> 8e47deac44d7b87eaa5df5d00556dc15
  custom:scripting/monoscript/fileName/TestEnumeratorWrapper.cs: 3f82598f123760f637b0f70a1f287d77 -> 3e969f8448dc5644f60fbcb6f1badbcb
  custom:scripting/monoscript/fileName/MergeLinksListView.cs: 826afb5fb5988163105086b4bf5027af -> c9488671ae9b14523680d0c19097baa0
  custom:scripting/monoscript/fileName/UnityCloudProjectLinkMonitor.cs: a6d5b729fcd63f578363f7929a986e8b -> 86b74508945daf368996ea82904ac8da
  custom:scripting/monoscript/fileName/LogWriter.cs: a4f5ec34386b4e23f87b43dd16f6db46 -> 89105d9cfbe59e79a996dde998b3e7ff
  custom:scripting/monoscript/fileName/AttributeHelper.cs: 9458f4b34c0ac14db5c169abc8e43f94 -> dcab3630cb119e1a5f7f9c7b24677e49
  custom:scripting/monoscript/fileName/TestRunCanceledException.cs: 95340416bb18b4fa3930cdab2cc1fc66 -> ff7dc6bce365deb50fafe94b823009cb
  custom:scripting/monoscript/fileName/ISettingsBuilder.cs: 519472d4601ec620807556de1c3db699 -> af84c62ea6a033820a24a2d04c70d5c3
  custom:scripting/monoscript/fileName/Vector4ComparerWithEqualsOperator.cs: 3cde4a46f80e6bcedaef4297c8060490 -> 982db4358832ddfb456522b96543f1da
  custom:scripting/monoscript/fileName/UnityTestExecutionContext.cs: eca56c04b69a8399029cc9730daae5fd -> 4c0ef8e8d96fc20b3ec58c9447d6ec92
  custom:scripting/monoscript/fileName/EditorProgressBar.cs: 7418be9b22aaea32732f8a5f49569d1c -> 08c2f2b90ef64df631d46389f0e22c8e
  custom:scripting/monoscript/fileName/MeasureMaxWidth.cs: cd9322680ae61d38397008451b7ed0ed -> 1569e3f1dad91a9b01cba66ab6aa30b0
  custom:scripting/monoscript/fileName/SaveModiedSceneTask.cs: 135adac13be698ff4439d6c6268aa5b8 -> 
  custom:scripting/monoscript/fileName/TestSettingsDeserializer.cs: a44271a81256da8d6d9195e1628af709 -> 2daa2d89ea5f024d33cb1e72a3d35d63
  custom:scripting/monoscript/fileName/ChangesetsListHeaderState.cs: 69fc4f1a2bc3782d7043ec48961a3616 -> fe1392f9b135da83e13fe8a5e5f39fc2
  custom:scripting/monoscript/fileName/EditModeTestListGUI.cs: 8831f0ca2dcd13614282b516af72c688 -> 
  custom:scripting/monoscript/fileName/TestResultSerializer.cs: 52a416bb91eef89cbb19dd3cf67adb65 -> b75c8de5ed0cf8b4071350488249260d
  custom:scripting/monoscript/fileName/PendingChangesTreeHeaderState.cs: 7d278b5569d28437d07554a3bbb56e1b -> 5d7f70d142c9ac67864ec14950523d62
  custom:scripting/monoscript/fileName/BeforeAfterTestCommandState.cs: ffd46073254dc1bdb5c1bca6005d67d9 -> 590f9af42d8f6706b758d6c33b25bf7d
  custom:scripting/monoscript/fileName/MissingEncryptionPasswordPromptHandler.cs: 7f5831fc8a41e9cadd84fcfd0e885072 -> 5d7b9646eb14a39b6d3d5bab19d266ff
  custom:scripting/monoscript/fileName/ChangelistMenu.cs: ca33bac56b3a337faa90a1b1bba632d6 -> c1bf5aeb760cc5eae584ea3944d6531b
  custom:scripting/monoscript/fileName/NotificationBar.cs: d1a4cf5e8103d80fd25347275f906aa8 -> 50f1a85fa18d94338418def78dcd8543
  custom:scripting/monoscript/fileName/EmptyCommentDialog.cs: c9c28ff22d24598d7e4856f434bb1b92 -> 99cc06133e502eab7998108e26fd5614
  custom:scripting/monoscript/fileName/UnityThreadWaiter.cs: dbd556f2802baab90a20da38c288d36c -> 99333406d92d10003984b4d1920de2f9
  custom:scripting/monoscript/fileName/CredentialsDialog.cs: 179b5e49656a1623c2e79d838f0f5876 -> c785d5e40f8d66b7ef7ba04ee7c324e0
  custom:scripting/monoscript/fileName/ProcessHubCommand.cs: 30630f626164e285c361aa64e681100e -> 8ab0fc63fa4d9d749198dd61b09d7e37
  custom:scripting/monoscript/fileName/GetRestorePathDialog.cs: e21eb9983f0b989125951478cd5e9b35 -> 353d1126ca2d2063d5bdbd06806ffc08
  custom:scripting/monoscript/fileName/UpdateReportListHeaderState.cs: 64a5bf775d221ad9a5ff8c78a1e0e1fa -> d6cbe54be2898ed2c96c2e79572c2e08
  custom:scripting/monoscript/fileName/LocksListView.cs: 8c6202774eebcf67be9c3b5a2926cc7c -> 7aa51ff93bcc98aa05dec8b46ec200c4
  custom:scripting/monoscript/fileName/DownloadAndInstallOperation.cs: b043b8d5921892e87f4566e00162cff6 -> 4f4065aeafda2af0ec272a3c228e27b2
  custom:scripting/monoscript/fileName/DiffTreeViewMenu.cs: 3e62bfc69ca7486976988e151b88922e -> 8039fc4ecf68b3e966e1f4822789e7fa
  custom:scripting/monoscript/fileName/ICommandLineOption.cs: 147751a92efc4c8cac91a9a528c2fb1c -> 58da599070a3bdab08afc8355de79ed5
  custom:scripting/monoscript/fileName/UnityStyles.cs: 1a176026ce9da8057f3ec90dfe0bac74 -> bbbba3cda37678cfc74d71ffebf36e7f
  custom:scripting/monoscript/fileName/EditModePCHelper.cs: fed3c3b34697ace66d06f26c80e9297a -> e16a214ddb2d161f4792170cb0c8e6aa
  custom:scripting/monoscript/fileName/HistoryTab.cs: 4d086984813cd90d6be245dd8e03a2ba -> d57f000c65fde42a2228c7a105a836e5
  custom:scripting/monoscript/fileName/AssemblyNameFilter.cs: 6517804d9019b844c3f33c3b43a18f84 -> ce7ef29746fb23841833950bb87cfa6a
  custom:scripting/monoscript/fileName/HistorySelection.cs: 7c3afcf345a55e8b77ea41ca0f570218 -> 3d07a3d1241e204b5420d71f1137eba4
  custom:scripting/monoscript/fileName/CreateWorkspace.cs: 7b3086384e5ddcd73cd5064a3ce31cd2 -> 5256205b5cf0570b6f698c7abe518f5a
  custom:scripting/monoscript/fileName/ShowWindow.cs: c731454122754eec192bc3c53fac3d95 -> a6bb1d20733c178256b38974418d7450
  custom:scripting/monoscript/fileName/LocksListHeaderState.cs: b80c5f044f18764adef2e9dbea5f0fb1 -> c7fe4d3b5f954615048f8e79925d29e3
  custom:scripting/monoscript/fileName/RemotePlayerLogController.cs: 6007c2a9667c47ca237ace4f2531438b -> 158b55f2a8781eb1cac7ac26acd42fc6
  custom:scripting/monoscript/fileName/EnumerableTestState.cs: 074d7b301977647491f399c62e52cbc1 -> 30e3efb82d3f99d65cdecdd2f0bc0194
  custom:scripting/monoscript/fileName/CreateRepositoryDialog.cs: 1e1c5399cf3d0b071c7982c565a710ce -> 5cec3e66b09e0dbe1f805953c5c64af9
  custom:scripting/monoscript/fileName/UnityTestAssemblyRunner.cs: 3816e248a2cfe06e2622e0204123f53a -> 6329fd25aa4b3ce344b8f9506a5c2047
  custom:scripting/monoscript/fileName/RenameBranchDialog.cs: a3111a345c6451ee64cd16f1989c2313 -> e5c89c05c87517babb3730e87196a494
  custom:scripting/monoscript/fileName/ITestPlayerBuildModifier.cs: 144d61bec4e604c687a559324e865570 -> fe113c86bde5fdad424c8cc5e51fe0a4
  custom:scripting/monoscript/fileName/EncryptionConfigurationDialog.cs: 6423045767c07e6360ff314ec741c601 -> 19e9c54aff6ffc68d60fe11f80578947
  custom:scripting/monoscript/fileName/RemoteTestResultDataFactory.cs: 82b227499ad613fb85cbd7542a960c8c -> 875f30f4d57949231d64836d9e348a72
  custom:scripting/monoscript/fileName/UnityTestAttribute.cs: f0f5f36d5b331df20c3357ff1637e397 -> a53f050fb661d50bb6c962963a554f8e
  custom:scripting/monoscript/fileName/TestListCache.cs: 8e95164bb40beaf2361efc98dc17a66b -> ff7c7e6ac29ad86c5fe33a64ed0d2f4f
  custom:scripting/monoscript/fileName/UnityTestMethodCommand.cs: adc652ef2db502396e2bc23b9d9a66f3 -> ccfa8ff8b49ded2664d646e8ee3d5ff4
  custom:scripting/monoscript/fileName/CheckinProgress.cs: 298ac58365579798eb3b4defc181ccaf -> 75b93dbc5ef307111f0647f735640420
  custom:scripting/monoscript/fileName/ITestRunnerApi.cs: 7ab503b15e3438e134c0702f000eb0a9 -> a476c74c9cbf5732bdfc8c88b9702476
  custom:scripting/monoscript/fileName/AssetCopyPathOperation.cs: 571ede78b6298606a236918df9df62d5 -> 633a9d130b72ba594756844b628f0ae2
  custom:scripting/monoscript/fileName/Vector4EqualityComparer.cs: 2b4abe9ea592b7513d6aeaf121d66f76 -> 998bf018f3e79a3b4501bebf13133ef3
  custom:scripting/monoscript/fileName/PendingChangesSelection.cs: 766664749a54eea9ecce5dff917430ef -> 1721ad72d074757364587c71b49d9382
  custom:scripting/monoscript/fileName/EditorLoadedTestAssemblyProvider.cs: 30976bb8f0671594f080cfda4f365c0a -> 406b39f61e53aa4b6c435e30af6b5276
  custom:scripting/monoscript/fileName/Utils.cs: 0d3272cd783b90f4eef2bf111d5a7b15 -> 38efaa10a2cec4e71a9eaf567c91a8a5
  custom:scripting/monoscript/fileName/LuminPlatformSetup.cs: a7bbd552cf00b6b349997b7d2e68359d -> e65a295a4e58fc042cc74afa9243a080
  custom:scripting/monoscript/fileName/ResultsWriter.cs: 45d4009781f259d024c859617b776a29 -> ccd0afcd43fc96f0f8be5313b60e6c07
  custom:scripting/monoscript/fileName/LoadAsset.cs: 9042eb334fc462cf466672445be1d4c2 -> 5e4e082aa5b21c13b80eb237fe94d00b
  custom:scripting/monoscript/fileName/EditorAssemblyWrapper.cs: 1da4fb3eb1b01bdabc7899984e06e2b2 -> 8682dbb48030d53c622cd194bfa9e87d
  custom:scripting/monoscript/fileName/Images.cs: 0b0c14141950fed99e3ef33199b3b4c9 -> fbdd1e600315d249327f3effde045c9d
  custom:scripting/monoscript/fileName/DrawLocksListViewItem.cs: ce3a3d64ec2d84c3556ffd4141efc4f7 -> 6201c4d50383e970d554210505562d37
  custom:scripting/monoscript/fileName/DrawProgressForOperations.cs: ea9179848be98ee7719316b39339ef29 -> b544f18e6532ba53bbd1b691fa5cd571
  custom:scripting/monoscript/fileName/RequireApiProfileAttribute.cs: 519035bad40b0361872a678d221fcd1e -> 4cce4894a0d08ef40fd237b8e50d1caa
  custom:scripting/monoscript/fileName/CleanupVerificationTask.cs: 66002b5b43bdce8f787c2d84fc03dc42 -> 12e81b196e7eac521f1ae8e0411b3d28
  custom:scripting/monoscript/fileName/ViewSwitcher.cs: bb22cc2814598bf2511f6c811c1dc194 -> dd1f6d6bc6ad5beda69b13cdb560799f
  custom:scripting/monoscript/fileName/RepositoryListViewItem.cs: 2f16ba7694ec7934685021093e722c4e -> 3cabcd81911a2500dcd9e2b6ffae3f00
  custom:scripting/monoscript/fileName/InspectorAssetSelection.cs: 71ba78e42827a9b22a9a6016733d756f -> 4b3c1ae4c44d88205aef26229acfe022
  custom:scripting/monoscript/fileName/UVCPackageVersion.cs: c4d95cb84d9d8dff4727eba6b0a64378 -> 
  custom:scripting/monoscript/fileName/IncomingChangesTreeHeaderState.cs: f578f4545f0afb1f0a2de9a25e26e33b -> 9fcb97ef2da44c66332f5c6800c2e6ed
  custom:scripting/monoscript/fileName/EnumerableSetUpTearDownCommand.cs: 6c84bee1095d71c3f496285ac7de29fb -> 16b603dbb9724508977696171a42991f
  custom:scripting/monoscript/fileName/DrawTextBlockWithLink.cs: d38f3ee197d9063693d0301d5157b32c -> 1d43814d810f0d56e2964ad3b72f271e
  custom:scripting/monoscript/fileName/EnumerableTestMethodCommand.cs: dfec1548954add0987599d6dd0f01df0 -> 9040b48595c4d63d6c1126d81d3f1105
  custom:scripting/monoscript/fileName/WorkspaceOperationsMonitor.cs: 5f05751fd4d94e02e79a5bf200f98f9a -> 43dcc435c252a54bdaaf4d6588b7d66e
  custom:scripting/monoscript/fileName/EditorCompilationInterfaceProxy.cs: e4c0c6a3551d03ebd5ce8bc0c8444c16 -> 12bc7b3dd0ab2ff83629d76ca37d0d4d
  custom:CustomObjectIndexerAttribute: 9a22284fe3817be447336de3de66b15e -> 
  custom:scripting/monoscript/fileName/TestResultAdaptor.cs: 39fb6e85727c0d47ffa8785f61586e3d -> fb4db3971d5379750cda884e7e44e3e4
  custom:scripting/monoscript/fileName/PostBuildCleanupAttribute.cs: 31fa08dd08b1105fe7a49dcbe5b1ac85 -> 71391ff444f943d9ad8dd0d42b7ac81f
  custom:scripting/monoscript/fileName/ShelvesSelection.cs: 05891c88858e4ac7776c0c0c49b5b74f -> 8a3e11e7cd7bbf10b24988c7bf636dea
  custom:scripting/monoscript/fileName/TestTreeData.cs: 0f4cb01478895c7c3d9e4409dc682c1d -> 1859d24be324d8fb87ab0c693d76d928
  custom:scripting/monoscript/fileName/Vector3EqualityComparer.cs: b5ef1af8e8222802b1e616dabbbf7eb3 -> 1c8652cac1f220d6409ab1ba3f211615
  custom:scripting/monoscript/fileName/ScriptingRuntimeProxy.cs: e5e5d36b9b276c8f6937a94b5dfabde5 -> 19d9ac4d844404a0464698120ed39275
  custom:scripting/monoscript/fileName/MacOSConfigWorkaround.cs: 8634a542fc5c45ea8cd9a8244bf2c871 -> 9fe61e763da506601651f6c451cecb0a
  custom:scripting/monoscript/fileName/IncomingChangesSelection.cs: a96a5a084d59fe3917a3831b68fa9479 -> d86f9f4463e6f9d99bb815e1f018ccf1
  custom:scripting/monoscript/fileName/AddMoveMenu.cs: 07e842d83dd343358454fef0a7927a0d -> e681c3341f01390e9c1d636ae93280df
  custom:scripting/monoscript/fileName/RestoreTestContextAfterDomainReload.cs: f915dc737a51db5619c0ddbc3d7e4801 -> 3f8ddcbc7c316ccf5012287995780eb2
  custom:scripting/monoscript/fileName/PlasticProjectSettingsProvider.cs: c126b47f9f934d48f0646c249a5bfcca -> 8c4ae1aeb34c51d2a5a8924265075ff2
  custom:scripting/monoscript/fileName/WindowResultUpdater.cs: 62ee47153c9bac0200ac618954dd51d8 -> 605812b0e2a9a0174e15ed86a3d5ac57
  custom:scripting/monoscript/fileName/Icons.cs: fab81a9d523e5a61e28f0f54bbcc88b3 -> abf089f96620a0dfa1fac77a06c6c48e
  custom:scripting/monoscript/fileName/AssetMenuItems.cs: 9ce81cedb8e568c6b7b646aa6263645b -> 
  custom:scripting/monoscript/fileName/ToolConstants.cs: a088b027c7b0922429c756f12b0507ea -> 3b0d2490617bc7f94a0bdab65a399e1d
  custom:scripting/monoscript/fileName/MergeTab.cs: f39dce5bbfdc053d284a55fc102a8be9 -> f0a9f00e065364eb63b070091ade67f8
  custom:scripting/monoscript/fileName/IAssemblyWrapper.cs: c5aecaa35bc67342edbe5a12fdcda610 -> 993dbd556e2f14ec6d4f6bce6cb00191
  custom:scripting/monoscript/fileName/UITestRunnerFilter.cs: 06335d4aeb6c8af701629dcac5fd648c -> a9e31eaec62dd508fa917eadb1c52808
  custom:scripting/monoscript/fileName/IUtpLogger.cs: ebcfd45287927053700f4f66ff35b501 -> 1b41334d9fc4fd5edb024e0bd2a6db56
  custom:scripting/monoscript/fileName/GetSelectedPaths.cs: 02423a81496d6c63598b5cdc203f4354 -> be35dd49dddd53fc840b9febf21b4d0d
  custom:scripting/monoscript/fileName/TokenExchangeResponse.cs: 0dd9138dbeab6f132711a5b608de5c13 -> f20183d4cf939766d3c1e15cc3bec2e3
  custom:scripting/monoscript/fileName/ChangesetsTab_Operations.cs: eca44847b108faefa69f8c525242c965 -> 3290c4c0cd248666e01a08ee6d621249
  custom:scripting/monoscript/fileName/ConfigurePartialWorkspace.cs: 309d4276b0164b05348aedbd51cc0b2f -> 10fcc6b6d43dd5ed36c43c6f7b5906c4
  custom:scripting/monoscript/fileName/OverlayRect.cs: 59d6887e4803f8a44ffaa0409470e410 -> 
  custom:scripting/monoscript/fileName/ValidRepositoryName.cs: 43c262be3f66a970816e3d3a3ee8872a -> 56bcf92a3678f6ad6215cae2e4914cfd
  custom:scripting/monoscript/fileName/OtherOptionsFoldout.cs: eea27b9873519c1ea7c35b8afc1b7947 -> cc8f3a7680050422963ebd2bf169a841
  custom:scripting/monoscript/fileName/BuildTestTreeTask.cs: 96cb982a37fe5925168754787bdebc15 -> ca4a5380bc07f43d0ad6bc5c2ca39b4b
  custom:scripting/monoscript/fileName/TestListGuiHelper.cs: 6d40eb061ebdba07e078b90b14eadffd -> 
  custom:container-demuxer-webm: 4f35f7cbe854078d1ac9338744f61a02 -> 
  custom:scripting/monoscript/fileName/TestResultExtensions.cs: f40703becc02ea8bc3b6c19d19f9d745 -> 1c512e213c49ce6d72b9d37b957b9372
  custom:scripting/monoscript/fileName/GetPlasticShortcut.cs: 2a84c035152261f00e7e66eb44cd0ffa -> 5c2b7bf07ddd2284efc64b09ef0f1f72
  custom:scripting/monoscript/fileName/LogMatch.cs: 3705a2877c87af4c4355c7933d389895 -> fed715ef044674dde53628d58d931b50
  custom:scripting/monoscript/fileName/TestCommandPcHelper.cs: acbadd8ac17c9074f1c7f1b037d57596 -> f958b2880473418011bc0cda18245d1e
  custom:scripting/monoscript/fileName/CallbacksDelegatorListener.cs: f80c4f45fed6816f24285f468af00026 -> 
  custom:scripting/monoscript/fileName/TestRunnerWindowSettings.cs: edf34156a2b1507caf7c6651f5ea4bc3 -> fb70b758f65d0605100dbd9482b7158e
  custom:scripting/monoscript/fileName/ApplyShelveWithConflictsQuestionerBuilder.cs: e109c624745dcc4304c557872b253808 -> 02e4256f31bc905362a382e31c3387eb
  custom:scripting/monoscript/fileName/GuiEnabled.cs: 1b1658fd7715b5cc664c10a130c6b629 -> 7bb13fcc8d8cbd392e00f7232841f086
  custom:scripting/monoscript/fileName/BuildPathDictionary.cs: 943911b84162d26cea47f964f9a0a399 -> 9fabc7cc73fcfc50b8a3307c6aa6ec4d
  custom:scripting/monoscript/fileName/FindEditorWindow.cs: 2bb64182aef631315344623cf583c78a -> 8c3c78bb7e82ac5008f8a2b8a0d68cff
  custom:scripting/monoscript/fileName/ShelvePendingChangesDialog.cs: 47aa4c07d31152c0c1eff64d2ba76cc6 -> 86b1f48b5fbaffa67e939e7f404062e6
  custom:scripting/monoscript/fileName/AnalyticsReporter.cs: c71b24da736c66608a20411bc3a519d2 -> 990f0ccd7dd9ebe56483e30a572c9394
  custom:scripting/monoscript/fileName/TestEnumerator.cs: bf6d1620a5c6bd3f28c72bbfed80e429 -> 26328e1622cb69ba0b1e01e906e7f65f
  custom:scripting/monoscript/fileName/DrawProgressForViews.cs: c153245b67af73b7ee03f693a1127796 -> 068a172cb549ad77d9873d721698bd0d
  custom:scripting/monoscript/fileName/EnumerableRetryTestCommand.cs: 73d6d5af06eff02f63f972c0d9d4ad7c -> b281084796eb91cc19de80f3f2b73a56
  custom:scripting/monoscript/fileName/UtpDebuglogger.cs: 06c62e7bf4b353d0d89b78258065c40a -> 2f96cd7ac1384aa23e8238df80ef8354
  custom:scripting/monoscript/fileName/UpdateReportDialog.cs: 706e7e86547c339cdb3a4462e3f7a54d -> 087837d8f73228f1a817d0de82c77260
  custom:scripting/monoscript/fileName/UnityMergeTree.cs: f81f2d7551ab855fe9dc724f3f2e2892 -> 59edaa0a4669bbcb540a261166adc144
  custom:scripting/monoscript/fileName/CycleMoveMenu.cs: 91c21a0be9b3727d7673f94321029c52 -> b3993a7306fc941f55ca963833965729
  custom:scripting/monoscript/fileName/HistoryListView.cs: 527da2d093462f1c4a278d6957e7d5ac -> 7b2d1d2c12ab43d9d244e35197127919
  custom:scripting/monoscript/fileName/ChangeTreeViewItem.cs: 506ed128854137d9f75f9e3d2576a06b -> b0a38ce0a620643c776a3db4fd91bc4c
  custom:scripting/monoscript/fileName/QuaternionEqualityComparer.cs: 1bf489e3042604f863689ba3c73f9e1b -> 0787e0a336d915c2829c2f55fd970a0d
  custom:scripting/monoscript/fileName/ITestAdaptor.cs: 2a73ddc53f1c7b5bf11396536f687ca4 -> 1f6228260995615097fc339d08bee2f4
  custom:scripting/monoscript/fileName/BringWindowToFront.cs: 88b20f2a2881db6a013f54923d68cdee -> a30c7c1ba746c6d277a5aedd3057d15e
  custom:scripting/monoscript/fileName/ShelvesViewMenu.cs: 947ea245959bf421539573511c3a0058 -> da5dc74b3444288f443961ecab7245d6
  custom:scripting/monoscript/fileName/ITestSuiteModifier.cs: 2c6fc66f35fdd1866881280ae909eaa5 -> 4374b14ce25f3e6c8b983b3d579e38b4
  custom:scripting/monoscript/fileName/LaunchCheckinConflictsDialog.cs: 4417eba1591eccb2221bfdce0106c1e0 -> e2c1e3f8f4e14a62e4363fe6259adbc2
  custom:scripting/monoscript/fileName/ParseArguments.cs: 03c1a4d7e357164ca313a0019713c3db -> ae915d9f5fe287ced40627c9ca8bfafd
  custom:scripting/monoscript/fileName/ExternalLink.cs: 685ff1dd6f55eb61a1fd8af84a2aa7f5 -> a8ff952d8c27d10f226ab92b7aa83b69
  custom:scripting/monoscript/fileName/WaitingSignInPanel.cs: 247680fcfc6a176b9fa28a3df600a754 -> 7585e1c7111b6b900784e6d1c9454258
  custom:scripting/monoscript/fileName/RemoteTestResultReciever.cs: 3396dcbdb7cfcd933b2182fbc1532e1a -> 
  custom:scripting/monoscript/fileName/OperationProgressData.cs: 0db72349eeecbe9449a517b1d79cc760 -> 15f68712baaea535af36d9e0333c0a6e
  custom:scripting/monoscript/fileName/ExitPlayMode.cs: 64d4ea6d596aecaf913f45e499564e88 -> f2eb63cb1a92bddb334eb5c2d75abc43
  custom:scripting/monoscript/fileName/IStateSerializer.cs: c5a3e7fac8482b2fe72d059b34fdea4b -> 2c22f7cb714163eee04bfe4b72ec4957
  custom:scripting/monoscript/fileName/UnityTestProtocolStarter.cs: d1e78341b65caa27eeb465ea61128aba -> e4b107bc354fd6dcbd62420da6500b7c
  custom:scripting/monoscript/fileName/RepositoriesListHeaderState.cs: c0353a1af15ae4fd3d5a2a3cac816423 -> fb71b961ab7c924511a6b0e8680b60ee
  custom:scripting/monoscript/fileName/ClientDiffTreeViewItem.cs: 56be9d3aa410e770e75de2d8b93be89d -> 43bdd7aa5bf1aa039a5b572c119c38d0
  custom:scripting/monoscript/fileName/CreateWorkspaceView.cs: c40bc4c8524ef3e2374ef997beb2e4a6 -> 9ae2295080d141c0f12d02a71014e11c
  custom:scripting/monoscript/fileName/CommandLineArguments.cs: 0d20ca25f94249586a7c1484c469d8a2 -> 48a62ad3f817c0269ea7fc4a53799594
  custom:scripting/monoscript/fileName/BuildActionTaskBase.cs: 8f6297df34271fdb1ce2d9607ec6261d -> 90647cc400823b41df847a6cbfc29026
  custom:scripting/monoscript/fileName/DownloadRepository.cs: 46fc68d9cc4da8e8ed765ff28b2dd438 -> 5bad8d3f76a3fcb41a94637e37c11ab0
  custom:scripting/monoscript/fileName/ParentWindow.cs: 2476d8a6ba9c3055f984ac9792cae61a -> d6aa079e592e01701c5baa3ab98898bc
  custom:scripting/monoscript/fileName/OperationParams.cs: 091a140b35535b91c773ddf98925322d -> 3312c7a4424a66ffbf2f88f056f329aa
  custom:scripting/monoscript/fileName/IEditModeTestYieldInstruction.cs: e4c6a749d843914165935ce080f657d8 -> ad49fb85f2d4ed0badb27552deac0771
  custom:scripting/monoscript/fileName/CachingTestListProvider.cs: cac67f32d723c8745a1f511390945781 -> bfcb79acce43a93633071168c814d063
  custom:scripting/monoscript/fileName/SignInWithEmailPanel.cs: a5823728eb62cf6dbd8c933c1cb26f53 -> 6e8957c0ed7609303e68389067e72d72
  custom:scripting/monoscript/fileName/UnityPlatformAttribute.cs: 05ff6a4a5828d32604e864a3b44f3fb8 -> e79555e200698f1b55c6c54851cd369e
  custom:scripting/monoscript/fileName/TestStarter.cs: e2d0587cebe915ea1c55ef726c6bd082 -> d1bc3fba65bb4735afc3828355ea6c72
  custom:scripting/monoscript/fileName/LaunchInstaller.cs: f9b7c99441bc32980ce9b95be066824b -> b75efdf5909b501e06cacd9c66f75981
  custom:scripting/monoscript/fileName/GetWindowIfOpened.cs: 84a2356c61155912908cf98a62600c22 -> fd8bfd1a9b371371ebbff48e377726f9
  custom:scripting/monoscript/fileName/TestPlayerBuildModifierAttribute.cs: e033609ef117a17dda08e3556f30bfa5 -> d4ffc53911ef24dec9dc901e0444a77b
  custom:scripting/monoscript/fileName/AvatarImages.cs: ea6dca998cf0ec5122553a9e010ef687 -> 3aa8c25a350843151ec4070c820c411a
  custom:scripting/monoscript/fileName/DrawUserIcon.cs: 2f65feb9bed897237f97fbf9c5479092 -> 7d5385bf780ae84e648a8b49f8fe0825
  custom:scripting/monoscript/fileName/ITestListCacheData.cs: 1c95486e8d67b5eedd3530759306c580 -> 09682e3e03141d9f43100cdaff3665eb
  custom:scripting/monoscript/fileName/TestListCacheData.cs: 1f5a847fa8b54233f179d3f9f5a719db -> 295232838ed90f85679b2d004562d59e
  custom:scripting/monoscript/fileName/TreeViewItemExtensions.cs: d22abf8de7a9ab0e852b869a652f100d -> 6849c47ffa8623d630ef12f76bd49905
  custom:scripting/monoscript/fileName/AssetStatus.cs: b9ea657347f2c22e8e401cdb256c516c -> e017010009bdb28bcb0d7d8ef05e7dd9
  custom:scripting/monoscript/fileName/BranchesListView.cs: 334a3fb302f855f71fb71520fb442a71 -> 3f5ed9fe5a1bca512014ae1600ee1666
  custom:scripting/monoscript/fileName/DrawGuiModeSwitcher.cs: 363adc150c5f1c5059a678f179906090 -> d3be34a3134d3fe80ef6b14d0d519128
  custom:scripting/monoscript/fileName/Is.cs: 0371baf7f4d4fda1df93e36baa3a7f7c -> 6922f89182cd28e32ba48e34cda7947d
  custom:scripting/monoscript/fileName/TestListGUIBase.cs: 3323ae02564bf80ecb144d790edf3454 -> a2b53f3d1923dc6fb3d7f4c9f9855104
  custom:scripting/monoscript/fileName/WindowResultUpdaterDataHolder.cs: e4b0333fa05c0f3ef2128a54294a2588 -> 2de8ba1615f5d28c30d54411d42e2524
  custom:scripting/monoscript/fileName/UnityMenuItem.cs: 5f445176ad3735e69769d93250663be7 -> 73f3c859f1b5092ad362c09e23b3a922
  custom:scripting/monoscript/fileName/WebRestApiClient.cs: 8ab6ae74a3793a3375cc48f328048a82 -> 746756fd499dddd02a4e7ccdbac48be3
  custom:scripting/monoscript/fileName/PlayerConnectionMessageIds.cs: a896cc1ebb022b48f652641f623e4c5c -> 2e4b7265f0eeb40e1260d00fe6e4614e
  custom:scripting/monoscript/fileName/ShelveListViewItem.cs: a37862556d04b25f75804d991e109d87 -> 373418f0ae11fc25a26ff7fe4f472006
  custom:scripting/monoscript/fileName/OpenPlasticProjectSettings.cs: 5a86fd454f7c9f74b62653e269818d3f -> 
  custom:scripting/monoscript/fileName/RemoteTestResultDataWithTestData.cs: 21f6a5ed6216bf99941b16dfe0613ec5 -> bcf701fb298ed6f8cab894b203300c37
  custom:scripting/monoscript/fileName/SwitchPlatformSetup.cs: 86e207190212b6666c14096ec0beb845 -> 576de741bbd585688af4b8aaf70f0708
  custom:scripting/monoscript/fileName/PendingChangesOptionsFoldout.cs: 2a2f5a0ba87bd75c4475236a9a012016 -> f9e651bcc5d4441496c88ab59a32f360
  custom:scripting/monoscript/fileName/IncomingChangesTreeView.cs: d8c19bc81b07c04d7721396d2821d297 -> 96479648d4498738733254eb4e4c6fb5
  custom:scripting/monoscript/fileName/GenericProgress.cs: 11287c7d038c487f32d0c8edc476a32d -> 8492ec26f01fc248d3eb3c2f5b3b6c0f
  custom:scripting/monoscript/fileName/ShelvesListView.cs: 0763e4076b11a683fa148282680085c0 -> 01c1f087b2f83b458da6b8ad18736606
  custom:scripting/monoscript/fileName/MergeCategoryTreeViewItem.cs: c1ecd9dc0cd73eb7eb129994dedc1a91 -> 6bd59fcbfeafe06987a54631991d755b
  custom:scripting/monoscript/fileName/CheckinDialog.cs: 1709b78fae1329cc05fd4f39334b25f5 -> 702fdb8d0a3b4bfcb9ba109e71325cad
  custom:scripting/monoscript/fileName/SortOrderComparer.cs: 8f6297df34271fdb1ce2d9607ec6261d -> 90647cc400823b41df847a6cbfc29026
  custom:scripting/monoscript/fileName/GUIActionRunner.cs: 69af7de0762ed6d085feb4cc4b5101b3 -> 4a0608de635b0d82868d57923d68eff7
  custom:scripting/monoscript/fileName/PlasticMenuItem.cs: 30c3a785b4c2607e2ae9aad693d5f604 -> 
  custom:scripting/monoscript/fileName/PendingChangesTreeView.cs: f3722f38014385705913f17dbe0f90c1 -> 17142d220a0a50a3f3d184c4718a0da7
  custom:scripting/monoscript/fileName/TestJobData.cs: 45c2452d3aa545742dc2b57ad55fa794 -> b5764cc21ae3016cae3c4ce5053458f7
  custom:scripting/monoscript/fileName/VCSPlugin.cs: 69c1b7249af35f35848ae707bd5e7113 -> 
  custom:scripting/monoscript/fileName/RuntimeTestRunnerFilter.cs: 230571a0569274dbd5e47e4595a3be33 -> 526247a6af82c71973a55c9c5be36280
  custom:scripting/monoscript/fileName/GetClientDiffInfos.cs: 4ae14b15e2cf5177a84735548a44cdc9 -> f8db8e637ded2d5e935a953a13b85ebe
  custom:scripting/monoscript/fileName/DrawActionButtonWithMenu.cs: d7f31944358aed2f3ed3982246fca039 -> 8d4f5edd02a1dd0f38c4f2baf5ee8a33
  custom:scripting/monoscript/fileName/ITestSettings.cs: 608b72c12786bbdd128c096353cc10e2 -> 7d6676128f469c2eefb2813ec592ab4f
  custom:scripting/monoscript/fileName/ErrorListViewItem.cs: 9bf59c82e9c9992a012a3eb2b6c2bfe5 -> 509edc26860f8be303ec97d68aabc30d
  custom:scripting/monoscript/fileName/RemoteTestResultSender.cs: 570055716108540c9c34e71343ce0f03 -> 2b6acbe484994dc310d0ac406904e742
  custom:container-muxer-webm: aa71ff27fc2769a1b78a27578f13a17b -> 
  custom:scripting/monoscript/fileName/AttributeFinderBase.cs: b09010f5776af2a4f3460127027ca105 -> 7e104530f871143fdb60a169114dd663
  custom:scripting/monoscript/fileName/EditorProgressControls.cs: b1f133fa38afd918d537a72574fc93a0 -> 2e606eb01a6e6a567f3de9a0379ed3ae
  custom:scripting/monoscript/fileName/PlaymodeLauncher.cs: 3a6fe823ef85e4189eb7e25bbb98798f -> 981dc587e53c0f0d21b816af7469156c
  custom:scripting/monoscript/fileName/BranchesListHeaderState.cs: d47f1164fa7093137db851c4c16ffba3 -> 82eab21603f4efc696334ee80641c2c9
  custom:scripting/monoscript/fileName/ExitCallbacksDataHolder.cs: 2a73f9623aa81becb5d8d11a43747b12 -> 
  custom:scripting/monoscript/fileName/DrawSearchField.cs: b11b864a92c7d76f85d4ec87d6faf61c -> 3de70beba9f4447205d50241d95b066a
  custom:scripting/monoscript/fileName/PendingChangesTab.cs: c99065f3c85ec85c85ece2a1a30665af -> 15ae6787065f4af65778e981f418a60b
  custom:scripting/monoscript/fileName/TestAdaptorFactory.cs: ac39772b57c14123c1a057d315d0217c -> b9e4d12260befcd688940e2c80db8ee8
  custom:scripting/monoscript/fileName/IEnumerableTestMethodCommand.cs: e89b2da6fd5c9e148c3a0687c618f62e -> 81260787415c187c9e413e476b816cd2
  custom:scripting/monoscript/fileName/MergeTreeHeaderState.cs: d266e9dd03ced7ec66ad3688e5f18f26 -> 6293ca7f65e9641fcbe12100e705a990
  custom:scripting/monoscript/fileName/BuildGetEventExtraInfoFunction.cs: 1308a6936e8051866a117b3b7c2c7b77 -> 74bfc8c01f931108a3c2b127aa04cc8d
  custom:scripting/monoscript/fileName/ShelvesTab.cs: 88e0da7511313c57d3f51ba183c4d3fc -> fca0a219bdad45e636bd34724e5dc89d
  custom:video-decoder-webm-vp8: 9c59270c3fd7afecdb556c50c9e8de78 -> 
  custom:scripting/monoscript/fileName/AssetsDatabaseHelper.cs: 3deb384d73768aa5a87c1835c3d7553a -> e690d63c7b932a5efaeaf8c476198e75
  custom:scripting/monoscript/fileName/WelcomeView.cs: 07e35bfe1faa2c52c049eb30958acd54 -> f06c185659ea2f4a75f9397861dc6096
  custom:scripting/monoscript/fileName/DeleteMoveMenu.cs: 39c593e854a9a8ae0e6d34ceb587fce1 -> 4d026cbabd8105e38661f97da078042a
  custom:scripting/monoscript/fileName/PlasticApp.cs: c440a0fb380601a77ad475d6c15d4fa1 -> c57de230d90beac7b586f10b9c7c6cb5
  custom:scripting/monoscript/fileName/PerformUndoTask.cs: a88080dc60788c59917e5a5da2beea27 -> f38e53873dc9c7e638622dda18102b41
  custom:scripting/monoscript/fileName/ChangesetsTab.cs: ef408d8aaf89e01b17643ed0c836680d -> 46dde8f7856048792ad2e75490bb8c5e
  custom:scripting/monoscript/fileName/DeleteBranchDialog.cs: efbbc070bfeda2b746e8b15a4380cb26 -> 8549b0fc52962c89115fd78724fee578
  custom:scripting/monoscript/fileName/IncomingChangesNotification.cs: d7ac4b8f9ea939309b8ceb7f729100a2 -> caa8ea2c7336b9227381f0971759e01a
  custom:scripting/monoscript/fileName/DrawTreeViewEmptyState.cs: d4c16fd6aad8161eda7d99fd74cbb08e -> 
  custom:scripting/monoscript/fileName/ErrorsListView.cs: cc3142391037796392fcd3fe860891dd -> cd35171982f17897dd5148dda46e0956
  custom:scripting/monoscript/fileName/UnityPendingChangesTree.cs: fd6f0a038401268983bd9328d10dec93 -> f391d9a00dc9e202cee4d4ebcf6d21c0
  custom:scripting/monoscript/fileName/RuntimeTestLauncherBase.cs: 545e0e1c1701551e51a349e0cfbf7e09 -> 9c570bd0d91da3e5211e4436ad92314b
  custom:scripting/monoscript/fileName/TestActionCommand.cs: 9d9a215c413c4354b3d31801a3312f5a -> 753f99c04dd69dc2a43030237870dd1f
  custom:scripting/monoscript/fileName/ClientConfiguration.cs: 5f5e47bfb7cedc7420d7e59c6d7ae6f0 -> 01b18b09a6dbb3756e1f42a5b64aab0f
  custom:scripting/monoscript/fileName/AssetVcsOperations.cs: 50ee89e011ba3d800b4e7a9a24aca7e1 -> 
  custom:scripting/monoscript/fileName/BaseDelegator.cs: 39f1c059498e3e1e37d5e631bbc24cc7 -> d270baecbc007d1328bc5c9991d1dea9
  custom:scripting/monoscript/fileName/TestRunCallbackListener.cs: 6d0e8c714fa72bff0fe809d3fbb8d587 -> 15fa13086a2949901b1e4a3584b83cd8
  custom:scripting/monoscript/fileName/IOuterUnityTestAction.cs: 1f62717facda0b560b4af9da3d21fc98 -> 58e7f8b884a5d88e319b8f448f29bfdb
  custom:scripting/monoscript/fileName/TestSettings.cs: df291dfe8fbaf1e1f1d4ae4925c14a92 -> d583ccee803a035f2d53ba29374aac19
  custom:scripting/monoscript/fileName/SynchronousFilter.cs: fb46e705a687283ca79c6357a2f78760 -> b84da53d6d10348793b3683f19a6d4b3
  custom:scripting/monoscript/fileName/PlasticDialog.cs: b0aae1bf1889af041741f324070b7b84 -> 63a17a2b696bc2a13c9046aa16f8cea4
  custom:scripting/monoscript/fileName/LegacyEditModeRunTask.cs: 2b5f09ef7f63773ca676d71969800516 -> 
  custom:SearchIndexIgnoredProperties: e643bd26f0fe6173181afceb89e7c659 -> 
  custom:scripting/monoscript/fileName/AutoRefresh.cs: 9d30d5d3f0e8985355be1ab597da1dbb -> 0a8afde180a876655ad16caa14493409
  custom:scripting/monoscript/fileName/PlasticPluginIsEnabledPreference.cs: 7953272c37f4a828a3d1096e7479f346 -> 
  custom:scripting/monoscript/fileName/GetRelativePath.cs: 9b16eb2de9e98b392077181cc34243c1 -> ab04ae5e0cafb93ebf5c96148bb52df0
  custom:scripting/monoscript/fileName/UnityEvents.cs: 253411328de37811883aded592b97268 -> c830e584565fcd66ca0d5a23ad8b9bd6
  custom:AudioImporter_EditorPlatform: d09bf68614088b80899f8185d706f6e7 -> 
  custom:scripting/monoscript/fileName/DeleteChangeMenu.cs: 540c783b689e4d6a4a383862455d5d39 -> bfa368dc06e11abcc107d6f80c7c19c5
  custom:scripting/monoscript/fileName/PlayerLauncherTestRunSettings.cs: 5d2b9db2556b475d527662dfc40538f1 -> ac04d6a6a9c6380f318071a2f4da8a2f
  custom:scripting/monoscript/fileName/SelectNewCodeReviewBehavior.cs: df6e8e132199ea6ec467c9bced11011d -> a16edf3a8c3e5ac26863e890f68fd937
  custom:scripting/monoscript/fileName/DockEditorWindow.cs: 581124d5e19667105f2446d6dfbf7982 -> a9e5e467234133af999283610b6e84e6
  custom:scripting/monoscript/fileName/ActionDelegator.cs: 0b37ded58104f18659a880de95881951 -> f2eb6c2fd33630cfdd6d3183b4a2ca3f
  custom:scripting/monoscript/fileName/ITestRunnerApiMapper.cs: 864c8f6cc3985f3365e8b5f02afeb230 -> 337d02b691c8103d2eedc6b52f4f76ab
  custom:scripting/monoscript/fileName/RerunCallbackInitializer.cs: a2ca4a4e4bb070fd30ec377e61ed66cb -> 
  custom:scripting/monoscript/fileName/ICallbacks.cs: e6fb4966887be0b97bef44d92d561a69 -> a9c5fd289272fce7e09c7f3e5f11b8a0
  custom:scripting/monoscript/fileName/ProjectPackages.cs: e247c98bd45807b228765f9a94d82145 -> 9e9e13e39b2e9718b602503b87245c18
  custom:scripting/monoscript/fileName/IEditorLoadedTestAssemblyProvider.cs: 0be7fc5fa38a5453fe58cce555760ed4 -> cbb3f715010afa8cd4f0f40294bb78ba
  custom:scripting/monoscript/fileName/BranchesSelection.cs: 7eb1fcb556f0fad697e4ec9d989be099 -> 33b36e7b03910960966036894ec90c7c
  custom:scripting/monoscript/fileName/TestListProvider.cs: 58a05dfe9100cc52adea57fc4a0b6c62 -> f8235933605b6a025c9638df0194bf97
  custom:scripting/monoscript/fileName/SaveAction.cs: b68fbb4319dbb368959c40781b39fdf8 -> 27c387bb58f3a69b0c9ff60d2209e18f
  custom:scripting/monoscript/fileName/AutoConfig.cs: 6c4e7f9dc55323aa1299debfe9723aa6 -> bf4bbd2f2e752464ef51dbf102faed17
  custom:scripting/monoscript/fileName/InvalidSignatureException.cs: 293ad969d76fdecf7dc5f86949047e54 -> f250eccc836ee674127ecdee41f7a4ea
  custom:scripting/monoscript/fileName/UnitySetUpAttribute.cs: 4ed69b5a4764c67bceaa6f04d0d8776f -> 78bcd37bf54751e70200df4ae24f405b
  custom:scripting/monoscript/fileName/DiffPanel.cs: 02288a38bd14cc2b52a25b302a6f154e -> 210366dab3631628227b9406f87a9b7f
  custom:scripting/monoscript/fileName/PlasticAssetsProcessor.cs: ff731c8aacf4a537dc74c7cf9eaeaed0 -> 
  custom:scripting/monoscript/fileName/PlayModeRunnerCallback.cs: 10f699e46ae6f3eea3e1c18bf2bc25ed -> 6cd874bc3032a6eaf4228f5877b27ba0
  custom:scripting/monoscript/fileName/DrawActionToolbar.cs: 52293cb82089e0370f52e257f41c0869 -> e05748a99799f26304c1bbafd90f703b
  custom:scripting/monoscript/fileName/TreeViewItemIds.cs: 7d654a2b5b3a10da3e7d8472196e96d1 -> 0cdf409b5aa8d4c25876d72b5c6a3b60
  custom:scripting/monoscript/fileName/EditorVersion.cs: 70953c9eccf7726f70c672a9a51619e9 -> 698aba075b19a52a056d67a7b809d179
  custom:scripting/monoscript/fileName/TeamEditionConfigurationWindow.cs: d06f049421c16e5927ec29f770917e09 -> e53b1ca5561894aaeff930afb696d001
  custom:scripting/monoscript/fileName/ProgressOperationHandler.cs: 5fbb4e0f656dcfaa4498bd2e492e4710 -> ec62666c0ca1649dd33cc6bc6834c6f7
  custom:scripting/monoscript/fileName/UnityPlasticTimer.cs: 961fdb6492c99b4a3eadbed28e78c4b0 -> 6c887e722e951c2964523825cad70c4c
  custom:scripting/monoscript/fileName/TreeHeaderColumns.cs: 9fc4a0396a421346b8aa3b7788860851 -> 316e5ea62e66b20fd6e687a6b9e5958e
  custom:scripting/monoscript/fileName/MergeOptionsDialog.cs: 25ac62df73845405e13f44e4dfdcf0d1 -> 9250ce23d260ab84f87bd5899c6cf983
  custom:scripting/monoscript/fileName/AssetFilesFilterPatternsMenuBuilder.cs: 8fe5de6e5dc3d42fb7e95de2aaedbf5a -> 0d99e7514c6a33cda8314deed8f34bc5
  custom:scripting/monoscript/fileName/ICallbacksDelegator.cs: 3824b8185f5cd32ad0de995dbcedd1e3 -> 2bfa822de05a601b9fbe2f79d4d317c0
  custom:scripting/monoscript/fileName/MergeTreeView.cs: 143a828a1a236483d3cdc1d010ce9d51 -> 3feb38cec50d3fc7576ddbf07a9a9ce8
  custom:scripting/monoscript/fileName/TestAdaptor.cs: 8d757a7cd1f19e6976312b3b884a590f -> 486cec8559bad7c56adc699f165feb67
  custom:scripting/monoscript/fileName/PlasticNotification.cs: 3629fdff9f054b2013702f5b131b2c47 -> 
  custom:scripting/monoscript/fileName/TestStartedMessage.cs: f3c1a94a591f54531913c8a032d9a4b8 -> ac38229ae4e3c67de75cf9d77c73b95e
  custom:scripting/monoscript/fileName/CallbacksDelegator.cs: c76e06d7a0a6084464f55a923795d8df -> e0dcdade48f633c0a7cebc925bd686c4
  custom:scripting/monoscript/fileName/ConfirmContinueWithPendingChangesDialog.cs: c0e147ff008a0b77c9337132a3ea70af -> 77462b1904ad8f6fee2f8da4523d59fe
  custom:scripting/monoscript/fileName/ShelvesListHeaderState.cs: d3cea237aa496a145829475430d90f29 -> 287f23cbe09ecb9b28ec8dd05ede8846
  custom:scripting/monoscript/fileName/ChangelistTreeViewItem.cs: a4a6f6169cdb3afe249e104e2b7b1a2c -> 87f69636be8bd1a264ec4eac1bffa701
  custom:scripting/monoscript/fileName/PlayerLauncherBuildOptions.cs: 1155187d1390024c0e84b222b67c4059 -> 39352f62028667e3cc8d13371f828f55
  custom:scripting/monoscript/fileName/CollabPlugin.cs: bda741ff77a19affbf276298e29313ec -> ca276d65e7cd77c5c99d9f119ffdb215
  custom:scripting/monoscript/fileName/TabButton.cs: 757146b89ed597b1d75c77241e5d5f63 -> 
  custom:scripting/monoscript/fileName/RegisterFilesForCleanupVerificationTask.cs: 89d04f0389116a1354de9cde88045aa7 -> f18fd2d946c9ea52b8232f47d6d70221
  custom:scripting/monoscript/fileName/LaunchTool.cs: 3ac53c8af1f56365aad9e1ae5366d98d -> 60773d78646dc188d4b2caca77f20b17
  custom:scripting/monoscript/fileName/RunModal.cs: 33b931100ee477e6812324eabaa2e837 -> c83ee2ef642c5d8b8dfd32f033bfc438
  custom:scripting/monoscript/fileName/TestRunnerStateSerializer.cs: 68058e60ab6d5d33b7935f4205c97bb2 -> 7206f4f1eb4c5991ea76b5c39830dba4
  custom:scripting/monoscript/fileName/BranchListViewItem.cs: 8fdaa5aa842f5a70237affa304b9d506 -> 55028f4aef24d6227589aaa95582b2ff
  custom:scripting/monoscript/fileName/LogEvent.cs: a1178cf4bd49345a2f924044f341effd -> 9bf386b9808c16608387e196f7a5e9d6
  custom:scripting/monoscript/fileName/GetAvatar.cs: 07c98163f75f0b7c672bd453fc82bf61 -> 04ffae2a9e5a4c32a119f93144f558d2
  custom:scripting/monoscript/fileName/PlaymodeTestsController.cs: 7726dd936e1c608c494987ba2754eb47 -> 59c9d4597d46ecf4c6fbc8f49c64d0b9
  custom:scripting/monoscript/fileName/MoveAddMenu.cs: 81d47caeb9f49803adfe1627c8ce5bf4 -> 1fbfab870b2e95fdd8a81f6019f764df
  custom:scripting/monoscript/fileName/FindTool.cs: fc3b0710b24078288fe829d0bb041dd0 -> 2f9d82566cfb01fb68fc30111fb47624
  custom:scripting/monoscript/fileName/ChannelCertificateUiImpl.cs: 75d7831ab5da75cc0082e28863abb142 -> cefccf1e13b7bcf15e3c9f2dd4cd2fc8
  custom:scripting/monoscript/fileName/ApplyCircleMask.cs: 02eb67e485278e7c9b719fee5ff90f4a -> b955b378d261fdcbd6272fe8711d1e4f
  custom:scripting/monoscript/fileName/TestListTreeViewGUI.cs: 5d4e7ac9fc0c5382f19d49599ef6cbd8 -> bf873c97e960a33b0be65a5b638e7ff5
  custom:scripting/monoscript/fileName/TestJobRunner.cs: e4deb98063838e020557c338e0bd4ebb -> 1c3d9f2bfcdac33a01c4bb25c392ab4f
  custom:scripting/monoscript/fileName/TestRunnerCallback.cs: 61231fce5590e38bfc5e9165e9803d8b -> 
  custom:scripting/monoscript/fileName/AssetMenuOperations.cs: 131bfc7279b97eba576abe13a47f8f91 -> ebcce67603e288b4a84d49287db6ef5a
  custom:scripting/monoscript/fileName/ShelveAndSwitchOptionsFoldout.cs: 676902ec49ff9c5abb2a832f067966e8 -> e7b216a23869eafb9aecd00a8905fafa
  custom:scripting/monoscript/fileName/VisualElementExtensions.cs: cd98f4a51563fccdfc39eed097290325 -> 0aad2728225c469038631668406aebb3
  custom:scripting/monoscript/fileName/FailCommand.cs: fba5f7b9c1e8d00f41e9076aac4a1d8d -> e0622be95cb9f4c04ff53066589d6d7e
  custom:scripting/monoscript/fileName/LocksSelector.cs: 70b046a562568fd78d093736e68a3a58 -> 7b0f4fc5552c1d92ba7f4648526ceb21
  custom:scripting/monoscript/fileName/ListViewItemIds.cs: 8f6297df34271fdb1ce2d9607ec6261d -> 90647cc400823b41df847a6cbfc29026
  custom:scripting/monoscript/fileName/CreateWorkspaceViewState.cs: 1deb37b3c17c224d9a7dca9c990ea191 -> 0fe23b7cca9336b31a27790c714de652
  custom:scripting/monoscript/fileName/MergeLinkListViewItem.cs: ebc1e6f9e3a3005d8f4c51a794adfdaa -> 3fa407d29597803190dd374d88ed170d
  custom:scripting/monoscript/fileName/DrawCommentTextArea.cs: ad5449f632fd412ac0f7ba0d171fd453 -> c58c26552f95f108a8d9610eaf001fbc
  custom:scripting/monoscript/fileName/TestRunnerApi.cs: b582e8d89da1ce04ff5e8605fa1b5a2e -> b5c17af6fa247dfc791b512a209021d3
  custom:scripting/monoscript/fileName/ErrorsListHeaderState.cs: 9141660c9776c5dac5f980fd03a672a8 -> b961336a4a43551eb826f97c57673007
  custom:scripting/monoscript/fileName/MergeViewDirectoryConflictMenu.cs: d45972e8b5f74223c607a4daa895ff3d -> fad8e1937fc14fd75ca21a68ee1037b8
  custom:scripting/monoscript/fileName/RefreshAsset.cs: 4479d2949a66a97f66d1e550067f3767 -> 5a15c606785f1f54a697bb0d0d846dfb
  custom:scripting/monoscript/fileName/IUtpMessageReporter.cs: 02b26b8c414970dd7d96e6dcfbe9a861 -> e8e6a62b6032a5642706a62156dd8314
  custom:scripting/monoscript/fileName/BoolSetting.cs: d67f952c3a5976591f3e9a9e7356bbab -> 12bf039ccd38b0f4ccfffbec3cbbf108
  custom:scripting/monoscript/fileName/IErrorCallbacks.cs: 525b2a3e515b976057d42e4abfcec602 -> fd7a49712e8a919d38dd0fddef8872df
  custom:scripting/monoscript/fileName/IScriptingRuntimeProxy.cs: 207c12828ef43f5ca31b3bcec485e9f7 -> c75af2a6ef439df9f19f151aeb5749ea
  custom:scripting/monoscript/fileName/ExitCallbacks.cs: 716173503afdef0ae4c4023adba1972e -> 
  custom:scripting/monoscript/fileName/CreateChangelistDialog.cs: 774371d4233cc1d394d98dc80507a1f8 -> 386b03e27c951c5f1d63daf7aae486ca
  custom:scripting/monoscript/fileName/ImmediateEnumerableCommand.cs: e79fd27a9b7f6505ae6a4aa7c72274db -> 89dd27d23dccf969b99d79611e8fed9a
  custom:scripting/monoscript/fileName/ApplePlatformSetup.cs: 4b442da1fea709240aeaf74bde720d3c -> 0ceeffeb4378c50fe08ff9b5d16a73f3
  custom:scripting/monoscript/fileName/HistoryListViewMenu.cs: 15a489e494f04a7ea37a587c7601070e -> 29770348599c8d5473b78d72e5741b40
  custom:scripting/monoscript/fileName/MergeViewFileConflictMenu.cs: d7362b83d6b320a0f0ceaf99dbe21727 -> 8fc0f292158abfa71c2c7b3b6f38d32a
  custom:scripting/monoscript/fileName/FilterRulesConfirmationDialog.cs: 5186d89f21d03764f0cca01c2a0122d7 -> 9c91c6c91f20e6d013a753f32343b327
  custom:scripting/monoscript/fileName/LogAssert.cs: 8c30e2367a22f747fb9a538551ddb198 -> 195ab501c85f741ece9ac8b49385dcce
  custom:scripting/monoscript/fileName/ChangesetsSelection.cs: d154d1782ed752b83834c54a0bde3df9 -> 8b9d539af9f7e269bac4e3d79e9ffab8
  custom:scripting/monoscript/fileName/ITestListProvider.cs: 4f1a13a1dbecabb9f7515cef8fe120ff -> 0169c532d74787e64cd4163cd55d4572
  custom:scripting/monoscript/fileName/AssetPostprocessor.cs: 96208057b904410715a8df295ba4f8f4 -> 
  custom:scripting/monoscript/fileName/AllocatingGCMemoryConstraint.cs: 2542b507c3de77a99c0db5c1357ffb65 -> 8b2ed7fbfb529ba318fb8425f7a81278
  custom:scripting/monoscript/fileName/LegacyPlayModeRunTask.cs: 8a159c990fea520d0af36b86d243e79e -> 
  custom:scripting/monoscript/fileName/IsResolved.cs: 67a72533af97b9ab7830798057ab806c -> f54a3e2c5134aa4306f9ad150b1911a9
  custom:scripting/monoscript/fileName/TestCommandBuilder.cs: 7c013615052dfed5e39b8bb914f01cb8 -> bf61faf29c0aea0c4e5d4ac76abaee13
  custom:scripting/monoscript/fileName/LocalStatusCache.cs: a558fcf5f34357bab4cfc7b75e2bb356 -> 30974ea30517fbfd1b93153f6c849a76
  custom:scripting/monoscript/fileName/ITestResultAdaptor.cs: 8d865eb70a8464f5288b9274d9abc979 -> bb9e1bbb2ff45e5a5f11e877a24721d7
  custom:scripting/monoscript/fileName/RepositoryExplorerDialog.cs: 143e7416b576681e1f2ea71288e530e6 -> eea34924da79ad7254f3e141a891c78d
  custom:scripting/monoscript/fileName/Vector2ComparerWithEqualsOperator.cs: b6f6b1f33f1b74ed974042f5e0303f0d -> 1851f392f974d4a42efb0de68a402e9b
  custom:scripting/monoscript/fileName/TestFinishedMessage.cs: 90745d8bb0dd1bfeebb724d118b2d483 -> ccd3538dc4059cd71acd9bfea48dbc80
  custom:scripting/monoscript/fileName/BeforeAfterTestCommandBase.cs: 8f6297df34271fdb1ce2d9607ec6261d -> 90647cc400823b41df847a6cbfc29026
  custom:scripting/monoscript/fileName/Vector2EqualityComparer.cs: c680a095e66b9bf90931050b8b145b65 -> 4ac8b0db10bbdb7ea68d4be944c5b941
  custom:scripting/monoscript/fileName/ITestTreeRebuildCallbacks.cs: c7090567546723c1f0a184a18f5ac1fe -> f952713f83d574a58f719696be7e52a3
  custom:scripting/monoscript/fileName/FileCleanupVerifierTaskBase.cs: 50c4fc5e4ffaa31cb467fc75616b7129 -> 8c0e90b329ac988e22429767c222f3c6
  custom:scripting/monoscript/fileName/UwpPlatformSetup.cs: c89362d564a60469ebbb75e8e12d340a -> b9f50f93de5f547a7eaf96f1bc58a80f
  custom:scripting/monoscript/fileName/WorkspaceWindow.cs: ff52e13cd29dacd66db0169e14f71a23 -> b042f06133312d3bfed176231d97d77c
  custom:scripting/monoscript/fileName/BranchesTab_Operations.cs: 764cb17e9337c58ad4f5304b60b2042e -> 57c33f76c527a5aba4d269245ffff188
  custom:scripting/monoscript/fileName/DiffAndMergeOptionsFoldout.cs: 080cbf9242c0571bafa2e45ef8932448 -> 2810bae564e92b04bc7ebe4e47a2880b
  custom:scripting/monoscript/fileName/PlasticShutdown.cs: a8df8eeeed98372d06e446171a192a6d -> 
  custom:scripting/monoscript/fileName/FilesFilterPatternsMenuBuilder.cs: 28072cd275c96994687e6d4d0d6e1dff -> cf716a8d336c8113475a9ca67a799ec1
  custom:scripting/monoscript/fileName/TestRunnerWindow.cs: beab6dc6591535c1b37ec310f1e15af0 -> 156fc89bab7bdd82ca70e07c9aa9ebbd
  custom:scripting/monoscript/fileName/HistoryListViewItem.cs: 2d3b1fc954b6bdbae298ec250ade0663 -> 96f2b67ec620b83e35d13f11877e1ac1
  custom:scripting/monoscript/fileName/RemoteStatusCache.cs: 00463e6b90cfe7da080d7c266f783980 -> 402d5663f3675e9324c129274b0c00f2
  custom:scripting/monoscript/fileName/EditorWindowFocus.cs: 1012e4e2e29e9b29bdcc03d8b92762a8 -> f258b0cf85078a7435d001e522d5e8e3
  custom:scripting/monoscript/fileName/EnumExtensions.cs: dbfa4dc82972125e904bf705c452c1b9 -> cda0742409c4e8ba02ffb7d89dff3e4b
  custom:scripting/monoscript/fileName/ColorEqualityComparer.cs: 9c477fa3f8fc3439b732377dad0e7a34 -> 9ae684bc4a6b608abc9f7f131bd7cb1d
  custom:scripting/monoscript/fileName/NewIncomingChanges.cs: fc48261878ef7e4b956e7172f5803aee -> 
  custom:scripting/monoscript/fileName/IAsyncTestAssemblyBuilder.cs: f88864ba85e2ec28df36a1a7af1974da -> d4bd9849c11964145b1082a4b1d477fa
  custom:scripting/monoscript/fileName/IsExeVersion.cs: 093723a3ef9cbad630dfdc60c764eff0 -> 9ef63354090e3419637bfe79e3489687
  custom:video-encoder-webm-vp8: eb34c28f22e8b96e1ab97ce403110664 -> 
  custom:scripting/monoscript/fileName/UnityIncomingChangesTree.cs: f774bb8bf0bd45a254894c795843c695 -> 42967773c43d3de5d23be4ddc6dfd9c4
  custom:scripting/monoscript/fileName/RunData.cs: 91eb6697698b63fe6764d1aca25f1f65 -> 772bee3d6504258eed6027a2ae076850
  custom:scripting/monoscript/fileName/ResultsSavingCallbacks.cs: aaf02a1e7a92c3896802c1deb489aa0f -> 96b4b28711ac58ce3dc199f3f7371922
  custom:scripting/monoscript/fileName/RerunCallbackData.cs: 4e0f854372c4476a9269ddc9aa7c8edb -> 
  custom:scripting/monoscript/fileName/UnityDiffTree.cs: 447fc3a8922f56330f4bae8c9dc9a8be -> 1029ffd567bc0e646e6b119719dcb2ff
  custom:scripting/monoscript/fileName/TreeHeaderSettings.cs: 114eb9e27124403e8e111494b8eaf987 -> 662b1714c0fce36da72bbfe60201987a
  custom:scripting/monoscript/fileName/PostbuildCleanupAttributeFinder.cs: 23c3a89f1d3b5b5defeaa7555afa30b6 -> a060814a414a9bab17671800d815861d
  custom:scripting/monoscript/fileName/UnityConstants.cs: 323df5e3c80d05e06517581c776fde34 -> e3d3c3e11a194da9e5bbbfb97087a7bd
  custom:scripting/monoscript/fileName/IsExeAvailable.cs: 3e4283303610c884e542b8f6d3e922d4 -> 4a3dbc5ded94087064afd97407f26631
  custom:scripting/monoscript/fileName/LoadedTwiceMenu.cs: 961f9b82936caa7937046ac23d323c2c -> b54aa2e14eb740621bb6f926af7cb8ef
  custom:scripting/monoscript/fileName/IRemoteTestResultDataFactory.cs: c24506e6d6305475bf6a430f77ac582f -> 75d430448dca0118dc834f9aa964be1e
  custom:scripting/monoscript/fileName/TestRunnerUIFilter.cs: d43f81399e97649a77164015894ec5cc -> 15cddad256d0a7abe9cb58af110bbb72
  custom:scripting/monoscript/fileName/AutoLogin.cs: e67ed70aada38469aeb667115929c368 -> b4cb98371fc38cca00d7123b7e649e12
  custom:scripting/monoscript/fileName/DrawMergeOverview.cs: 1db93bf179b38015949e3a3cb6ef1bd3 -> 49e0e525c3c170f79c20dc6779b7ead8
  custom:audio-decoder-ogg-vorbis: bf7c407c2cedff20999df2af8eb42d56 -> 
  custom:scripting/monoscript/fileName/UpdateReportLineListViewItem.cs: a101f0ba5292fc139445870b3f4af838 -> 9f63395e1ea590dbbab4d59cd0032ac4
  custom:scripting/monoscript/fileName/DrawSplitter.cs: ec7e8739eacabcca3e2946d9833eea0f -> d2f114a8e8e4167f7762d835a83b2f55
  custom:scripting/monoscript/fileName/IAssemblyLoadProxy.cs: df5d93b09382b84c770bb8c70be641c2 -> 10a2bd4f9f1d29ac107ff7e510533c16
  custom:scripting/monoscript/fileName/LaunchDependenciesDialog.cs: e1c527862a66e73f0417ae177d7fdfb5 -> 2cabf22eb95430074b6c730a84e03493
  custom:scripting/monoscript/fileName/EditModeLauncher.cs: 9a2b5bcdc6140673378e5f8105411606 -> 
  custom:scripting/monoscript/fileName/CredentialsResponse.cs: 96b135ae1c4ea541dc762170ea524fa9 -> 3dd2507693e56dac75ee7783f598cbb9
  custom:scripting/monoscript/fileName/GuiHelper.cs: ce709a7d3615bce262722b2ac52d710b -> 7bbb51d455f8994ae6185c7dee04068a
  custom:scripting/monoscript/fileName/LaunchDiffOperations.cs: aeae601320588a70eea7590a2f7e0f69 -> 871a0804a9fe2d9f2ad088303a89a63e
  custom:scripting/monoscript/fileName/PlasticSplitterGUILayout.cs: 111849f67dfbfea65ad2a9298ad1654d -> 
  custom:scripting/monoscript/fileName/TestFilterSettings.cs: 5275be823d4854688aedadf9bf48dfa8 -> 
  custom:scripting/monoscript/fileName/PlaymodeTestsControllerSettings.cs: e4d6c3f42e8f4d17c80242b34c68fd06 -> 90cec9ec9d50d9e797d7b80fa88b49ed
  custom:scripting/monoscript/fileName/CheckinDialogOperations.cs: 0b2a2cd4c41cf1865a29cf91b2a96a48 -> d032d69e8060311c06b88286e8f22ddd
  custom:scripting/monoscript/fileName/StacktraceFilter.cs: 0a3b08d5dc42e75c1d72e2851ec00d95 -> 2f4728b5b8f653bd2197ec8c4b722e7d
  custom:scripting/monoscript/fileName/PendingChangesViewMenu.cs: 68fab310addfd7068cfd7920070496ff -> 9b0019b6df6bb14eb3a2dbafa53fb54b
  custom:scripting/monoscript/fileName/SettingsBuilder.cs: 2166bdf8e77dc5f252cf6909a9196c25 -> 9aeeee75a181ed82e0343a1fb6b9cead
  custom:scripting/monoscript/fileName/SetupException.cs: fa81854dd78d6f47fd79d813aacdb097 -> 38724dd55c58f65b09d9fda4b6161021
  custom:scripting/monoscript/fileName/AssetsSelection.cs: 35cec24e81f0cb1de51daeb356abc4ff -> 0227d7ff4d5687932d10967a945a9b06
  custom:scripting/monoscript/fileName/EnumPopupSetting.cs: 8f6297df34271fdb1ce2d9607ec6261d -> 90647cc400823b41df847a6cbfc29026
  custom:scripting/monoscript/fileName/PlasticConnectionMonitor.cs: 920e8e381bfc94da8bb69d336dda57ca -> 
  custom:scripting/monoscript/fileName/HistoryListHeaderState.cs: 6226ef13a567fa81584864f8698be331 -> a87e0364d14866c369ad50d669bdfa85
  custom:scripting/monoscript/fileName/EnableSwitchAndShelveFeatureDialog.cs: 2cb9334d072aaff777efab2d72a2583e -> 03bdf2f298649e7c429ac90c7a3c461a
  custom:scripting/monoscript/fileName/CloudEditionWelcomeWindow.cs: c886fdb39f4b8787e6ea3701a8f88f4a -> b1721e471183956468462f6b64901640
  custom:scripting/monoscript/fileName/AssetsPath.cs: 367269acf8f676d2cdd30fdc387b3920 -> e0e986124adc46d913f0683c34b88c9f
  custom:scripting/monoscript/fileName/LogSavingCallbacks.cs: 273a5ca581d39891e634ebf18363d22c -> 8eb93b3e2c76ea1a8acb6e2d0b5c5f91
  custom:scripting/monoscript/fileName/ITestAdaptorFactory.cs: bdc8323a65aed17f1190c56e7c6cfc5f -> 0cef1125679c38dd172e82c8aed26eb9
  custom:scripting/monoscript/fileName/MetaPath.cs: 1f80313a7ce6ec6ece505285578f5745 -> 417a84eb354831f828a6752b26c8592d
  custom:scripting/monoscript/fileName/TestListJob.cs: 12fc4e0dee9c9032467b6469e3bed3a6 -> 3a58b9c1d09f7f4ecb41254c8497b5c7
  custom:scripting/monoscript/fileName/AssemblyWrapper.cs: 27441573157e5964a8aeb7d356d13908 -> 888ba979193ec837feef9add74101219
  custom:scripting/monoscript/fileName/CredentialsUIImpl.cs: 90e9c2de8d7bdd8424e0d89c415108ae -> dbacf67c37819fd95562fe169e706732
  custom:scripting/monoscript/fileName/Executer.cs: 115c3fa08937a7411c01dd40a690d19e -> 3f667ef14fa1c500658713b8aa31fd85
  custom:scripting/monoscript/fileName/FullNameFilter.cs: 03e8efaa11fd7332f02cf89719dd5868 -> 7c49c279cb0d631ca64d8b7d70065d9c
  custom:scripting/monoscript/fileName/PlayerTestAssemblyProvider.cs: 4e1569ec89688dc213248db31fc5f2f8 -> cbdd04f669e4e0054bad4f9d3133a10c
  custom:scripting/monoscript/fileName/ChangesetsViewMenu.cs: b720f0168f4ce1b1e0d358a6d5ec9a42 -> 7d1a2de81910b5990e71a0bfff26fdca
  custom:scripting/monoscript/fileName/AssetPipelineIgnore.cs: 0d6998b45aa259f19df735cf43f30691 -> 09786e27e9aef22fa608d3ec356f88ff
  custom:scripting/monoscript/fileName/UnityPlasticGuiMessage.cs: 2a7f71f59c0d7dc731fd345a3713957c -> 24eef0792e3802809607a7f9d04b8f1d
  custom:scripting/monoscript/fileName/OrganizationCredentials.cs: ee462057b3bd23cc3dab953ac4d656e2 -> 0b123406cadd651e9adc01c85fab5124
  custom:scripting/monoscript/fileName/PrebuildSceneSetupAttribute.cs: ab58680b1420f8e2f2a2597e848d8216 -> 7863da9f66129a3cef8eac0a1f19b990
  custom:scripting/monoscript/fileName/StatusBar.cs: 2c8c488a8bbfe924f6b53b202ff6aadd -> 
  custom:scripting/monoscript/fileName/IsCurrent.cs: 7343ceec4312304bb8b398eeb6c375fa -> cf1fd01890d0fd9f011c1a1a491e2cf0
  custom:scripting/monoscript/fileName/Message.cs: 6525f110369b368a724db9468ed4c271 -> 671a789acb2c7a93d0b620fe02979957
  custom:scripting/monoscript/fileName/TestTreeViewBuilder.cs: 8dcd834c64e4c5915b417a6eadea3b2a -> 6e6e33e8d70cf17e89715badfaf4fed5
  custom:scripting/monoscript/fileName/EditmodeWorkItemFactory.cs: 59e0f470d3c4d6fcf2997a182c89bbcb -> e9c8ba8d2a4b7d9a886e64626b2e6205
  custom:scripting/monoscript/fileName/TestListenerWrapper.cs: d3b4dda00570273ec0c1794249fac5d6 -> 9bd83ba3a6a675f3c605795064caa62b
  custom:scripting/monoscript/fileName/ChangesetFromCollabCommitResponse.cs: b986ab8b1acd322b0367812e2d541734 -> ba336e4117e1b7ee28e4c17197bc3d0e
  custom:scripting/monoscript/fileName/MoveToChangelistMenuBuilder.cs: 3a2ef8cb0baf69e5dadeafc731fe32a9 -> a90b3e388d3e1316fa104d4c9a03e2d1
  custom:scripting/monoscript/fileName/LoadingSpinner.cs: b3299af90b664a9f42123e7df43fae24 -> 6aff0ac022d117a8e24a7b5e4b11904c
  custom:scripting/monoscript/fileName/LocksTab.cs: 134c512484ae73354c15c06a6dc69f9f -> 00ffb5a39c16fdc2d733c7e53471a3a9
  custom:scripting/monoscript/fileName/BranchesTab.cs: 764cb17e9337c58ad4f5304b60b2042e -> 57c33f76c527a5aba4d269245ffff188
  custom:scripting/monoscript/fileName/ExecutionSettings.cs: 3e46076abe70bbfac850fc39d98561b1 -> bbd5f229f5dcda0d2d7d6fe8eb266a59
  custom:scripting/monoscript/fileName/ToolConfig.cs: 18b1ea271ce5e7b6deea7b4e8e175269 -> fcffc3165b047f54ed6ccafa4c8760dd
  custom:scripting/monoscript/fileName/DropDownTextField.cs: e66e7314096900597993d2b353757d8d -> c8fc484ce140049ff31ebc2c6cbebf28
  custom:scripting/monoscript/fileName/CallbacksHolder.cs: 064e7d359062664728ef608c9f03a07c -> 8b4255bb9b31589c4c3dd9303007381d
  custom:scripting/monoscript/fileName/AssetsProcessor.cs: 47679a6e15b70f4fef48eb1b2df31b19 -> 18737889e95cd4088e8dfd4153fa8f40
  custom:scripting/monoscript/fileName/DrawActionButton.cs: d847a7d82ac92cab2b3d0ae268cefb3d -> 81e6708d2b8fa199354e53f85db731a8
  custom:scripting/monoscript/fileName/TableViewOperations.cs: ddc7b903e0dbd6bd109f2bd709b95f0e -> bef3a31deb1fe794a90f767d16e4c868
  custom:scripting/monoscript/fileName/CategoryFilterExtended.cs: 4662b13a61207dc88937c796423baa70 -> fc9bf6f795e045112c18a4c1343c1ae1
  custom:scripting/monoscript/fileName/UpdateProgress.cs: 5b04f01bf199310f09ab9522f89c78f4 -> 281e1e05168d6a30be1d8d2f6200bef8
  custom:scripting/monoscript/fileName/RequirePlatformSupportAttribute.cs: 7ce6733bee18de599a69cb974c92fdb6 -> 6918694e41aa1ffd5ee72bd04646d4bb
  custom:scripting/monoscript/fileName/OrganizationsInformation.cs: b3f0758c6655b2dad1161792812992fa -> 5f067ea8d90fc79055a3dcfd58ae6dca
  custom:scripting/monoscript/fileName/ChangeDeleteMenu.cs: 652dcd6f863c509bfa0376b6d95ab1ec -> 4fefe66d6e279ce0ac2fdc57d409f232
  custom:scripting/monoscript/fileName/SubscriptionDetailsResponse.cs: e10e0299ef716630c63b8cf5f792cda0 -> e5121cec860a6d1097cc809217b3d8fe
  custom:scripting/monoscript/fileName/ToolbarButton.cs: 47dc767626bbd94d66707af31ddc5eb6 -> 
  custom:scripting/monoscript/fileName/DrawProgressForDialogs.cs: 5f8d39e3ea7c4a42148c6b1a7b4ca061 -> a5f2abd8875e7a6afbc171fabfbae81f
  custom:scripting/monoscript/fileName/TestPlatform.cs: 1e3283087fad58204285b5e9c2e16b4e -> 63c69f9b78d9a1c2cdf167569fd572b6
  custom:scripting/monoscript/fileName/ProjectViewAssetSelection.cs: 349dc288d32791de51156d4e59000b7b -> 2560eadaf6a13a74a46a4a207cd5a8b6
  custom:scripting/monoscript/fileName/DrawTreeViewItem.cs: cceebc4f1185658619e40964f29acb08 -> 0921a62a588ab864253743d1f07afb5a
  custom:scripting/monoscript/fileName/RemoteTestResultData.cs: ff93ebb056d1cf8fdc7e897597b04ef6 -> 68a2b51f8872b9ef697b2155d9835735
  custom:scripting/monoscript/fileName/DrawSceneOperations.cs: 2426c0c2ee58cd28be59874f6425940c -> d87f46f9fb97181a2f51490ea2e1efc3
  custom:scripting/monoscript/fileName/IMonoBehaviourTest.cs: 272926e14fa72b11b0070eae8b5853ef -> 93dca3fac2d68012529173d3e7bc10a2
  custom:scripting/monoscript/fileName/CoroutineTestWorkItem.cs: 8fab9934b84f896f44392a777ae472de -> 8a69ee5c1adc29acc0a66cb7df14cbcf
  custom:audio-encoder-webm-vorbis: bf7c407c2cedff20999df2af8eb42d56 -> 
  custom:scripting/monoscript/fileName/DrawActionHelpBox.cs: dcd6ec2e7fb1b44f22c4a79ff87b70cd -> c8f6be9dab1e6f8d71e0c63c29679186
  custom:scripting/monoscript/fileName/PendingChangesMultiColumnHeader.cs: 21802cc6929e0e180fb4f0be8e34d9d0 -> 722de7d6e07a79981d750438e6febb8f
  custom:scripting/monoscript/fileName/EditorDispatcher.cs: c739e073a8c38dbcf59192f45d1004c5 -> 3c402eae57d73cc54863f3f6a13096ae
  custom:scripting/monoscript/fileName/MovedEvilTwinMenu.cs: ce111941dc7264d29598ce7fd2770927 -> d480b839850d28c1c9526cb587fc752d
  custom:scripting/monoscript/fileName/UnityWorkItemDataHolder.cs: 5e123fac5cc49e9acfe91048eee308ae -> 94e44d74f673f889418b2b9926b6615c
  custom:scripting/monoscript/fileName/ICallbacksHolder.cs: e330f681a4da017eb82339063a410722 -> 790e89a97c8150c3044e584386d3ba9a
  custom:scripting/monoscript/fileName/PlayerLauncher.cs: 7004f613ecfe1e179e7b362c88c3ddb7 -> c1129f48ad00377c128c470482bb7e8e
  custom:scripting/monoscript/fileName/UnityCombinatorialStrategy.cs: bd44b85caa82e1f08c977cc9d9157c40 -> e857e6faada8b59173cb249a8a6be6fa
  custom:scripting/monoscript/fileName/IIncomingChangesTab.cs: d4ceabdc48d8a1872bbe87f04d89a4ff -> 40644cd18074db84684b9e437bf8fa77
  custom:scripting/monoscript/fileName/CoroutineRunner.cs: bb2107d11619bb60075736a2632662be -> 06bef19f6905915189ed09a2db9f2885
  custom:scripting/monoscript/fileName/ConstructDelegator.cs: 7526886647893577a45527c0f6393600 -> c271ca33e5434ac87e82546dd149c303
  custom:scripting/monoscript/fileName/UnityLogCheckDelegatingCommand.cs: 109adc74b3ab14d952109f6ed35bdacf -> 410acedf83a5c4e9d5a212b5635d0c88
  custom:scripting/monoscript/fileName/GetChangesOverlayIcon.cs: f00e4b795697c6cf3092760f3b6fc49d -> d599d6efdee28305661bc0cf6683858a
  custom:scripting/monoscript/fileName/ShelvedChangesNotification.cs: 13b6a2ccd8b4ac1f5ee30c8404cea3b0 -> a27e9e7b242b904f41fc1b16d3a1b3fd
  custom:scripting/monoscript/fileName/ILogScope.cs: dd29c4b8ed4c54280ca787c474cdd843 -> e99dd640a2ac2c8b1c0c97725f23440d
  custom:scripting/monoscript/fileName/EvilTwinMenu.cs: 475a88947051822ca4915306469f9bcc -> 919e4faae0573e49949f6dfbb5a733da
  custom:scripting/monoscript/fileName/ChangesetsListView.cs: caae0aefb36c869f50691482a5cd0944 -> 87b74e0d80cf59010f55e2baaeb6679d
  custom:scripting/monoscript/fileName/UnityWorkItem.cs: 03c602cd83845fe6265dc83816099666 -> ce02ef2c77c866afeb6c04a89a364a8a
  custom:scripting/monoscript/fileName/UpdateReportListView.cs: 2d8fccdaad50bbd7454b52cf9cb4a0f9 -> 08d26df1ab6c3a7628addc5e54e50b08
  custom:scripting/monoscript/fileName/IAssetsDatabaseHelper.cs: 8bbb0e39e3cfde6c5b6c11074d90971a -> 4f8027cddf715e38f75ab454f20fe051
  custom:scripting/monoscript/fileName/UnityConfigurationChecker.cs: 59a8f0715a7c89a752351bf42f94abbd -> 874cd65cce0384fef4b60e71fb08a429
  custom:scripting/monoscript/fileName/EditModeRunner.cs: 0c2c70d0e910f1733ef8492efbf3dda1 -> f1ceb581ae48e42ca32e80f796ce45bc
  custom:scripting/monoscript/fileName/ConstraintsExtensions.cs: 19d048a2938a4b2b178e7e91279126b7 -> 89e01f1f8de15d891db3bad70117d924
  custom:scripting/monoscript/fileName/UnityTestTimeoutException.cs: 7c70971bbddd1caf6485b8c5b935d369 -> b7ec28ea102309dc20886c45fff1e1b5
  custom:scripting/monoscript/fileName/TestRunnerResult.cs: 2b3fdbda67626b6faa7139ccea15b17a -> 613fb3e1dfef14aa9d5aea2cd635ffff
  custom:scripting/monoscript/fileName/UtpMessageReporter.cs: 6f35c7d2ea8786c1fd8fe557180d6c38 -> 1ce82c57220e51532d6b3e5da0cecc24
  custom:scripting/monoscript/fileName/EnumeratorStepHelper.cs: a2fa98a2f974f377b9c2905ce60dea0f -> 05022a723dcf173476ccb43403871168
  custom:scripting/monoscript/fileName/PlaymodeWorkItemFactory.cs: a61a7bf2d749182a50c049a0ad4afb89 -> 8bb2d7c0ad22b08cf17b1748007ae8c3
  custom:scripting/monoscript/fileName/CheckWorkspaceTreeNodeStatus.cs: 5e11ff64963669981115eb58dc2b6e8b -> 1e1255b803bf7cbc935bb804bf0dbe7b
  custom:scripting/monoscript/fileName/RemoteTestData.cs: 5baf4798e5344c86aa4ccafb41b2624c -> 51ba1ddd57fb71948e60067806b9cfcd
  custom:scripting/monoscript/fileName/TreeViewSessionState.cs: 8333273b312d475b653610e2871c20a5 -> 9f39a2ca55a7481b8ba078d3a2b6815e
  custom:scripting/monoscript/fileName/StadiaPlatformSetup.cs: 589eaf4f5c2f63a79deb4c2735e3b746 -> 27e00e91e04b4888c1d6354fa4baa6a5
  custom:scripting/monoscript/fileName/ErrorsPanel.cs: 21fc210ee17d5e95782397ef8c7dafab -> 515b7ba9af5e7885ba3068b1d63c6104
  custom:scripting/monoscript/fileName/PlasticPlugin.cs: a57c142b98ca3d4daad221737fd72924 -> c64561980f26020cc3206ae8b1047268
  custom:scripting/monoscript/fileName/SwitchModeConfirmationDialog.cs: 4d9c02587760213784bfe53d012122b4 -> 30cd71d0b3ee4b2689cde689908d301e
  custom:scripting/monoscript/fileName/PlasticWindow.cs: fc467478941f610919bc69526ba2c215 -> 
  custom:scripting/monoscript/fileName/LogScope.cs: 51679d4f7708329af3d47e56656f8988 -> a032a8edefa3a04276b9f24e5047f2ac
  custom:scripting/monoscript/fileName/PlasticExeLauncher.cs: caa0b5dda5df50c85bb19d27252d16b9 -> f1da27253760250030952f02cb54965a
  custom:scripting/monoscript/fileName/TestPlanMessage.cs: 15cf5225dc1e7b1718be35fb09144b5b -> 6199b0505360321c39d00a607adaaf8d
  custom:scripting/monoscript/fileName/ITestRunSettings.cs: 7462715f6a540bde0acfd50948410d32 -> a5342276210c7f86635118880184dc77
  custom:scripting/monoscript/fileName/BranchesViewMenu.cs: 8089f11c30784e2e57775dd6cdbae898 -> 7bfc83e917c9b0b5aa423bb947ce2a38
  custom:scripting/monoscript/fileName/CooldownWindowDelayer.cs: 7816cfcad485500dbac9993c4502ea69 -> 4c95e39c8dd4cfa1bca106097fdb6524
  custom:scripting/monoscript/fileName/SetUpTearDownCommand.cs: 2a0e8cc178919ce84c52af1a4ddfce30 -> 684e5d1c75373405f8a6c9575324286f
  custom:scripting/monoscript/fileName/EditorEnumeratorTestWorkItem.cs: 7bf37d3cd666bc3e840f63f05aae4d05 -> b8f886476b7c18f3c1cdeae30ec0c8ea
  custom:scripting/monoscript/fileName/GetInstallerTmpFileName.cs: fa7bda723ac795b48e38504727f44981 -> d09e0b5c7a9af5874530e17ef23025f0
  custom:scripting/monoscript/fileName/AssetModificationProcessor.cs: a602c9e59e7db185e3a0d68d986e6fef -> 
  custom:scripting/monoscript/fileName/IsCollabProjectMigratedResponse.cs: 4c3294c6a51e6f42161d191230692016 -> af2b76c693935deee55cfcaed2aa7568
========================================================================
Received Import Request.
  Time since last request: 928.709199 seconds.
  path: Assets/New Folder
  artifactKey: Guid(ff1834a33209ea14cbbff468e7010d4b) Importer(815301076,1909f56bfc062723c751e8b465ee728b)
Start importing Assets/New Folder using Guid(ff1834a33209ea14cbbff468e7010d4b) Importer(815301076,1909f56bfc062723c751e8b465ee728b) [PhysX] Initialized MultithreadedTaskDispatcher with 12 workers.
 -> (artifact id: '5d3229e38d81ad77ce9457b743a6bbda') in 0.010133 seconds
Number of updated asset objects reloaded before import = 0
Number of asset objects unloaded after import = 0
========================================================================
Received Import Request.
  Time since last request: 26.767973 seconds.
  path: Assets/Scripts
  artifactKey: Guid(ff1834a33209ea14cbbff468e7010d4b) Importer(815301076,1909f56bfc062723c751e8b465ee728b)
Start importing Assets/Scripts using Guid(ff1834a33209ea14cbbff468e7010d4b) Importer(815301076,1909f56bfc062723c751e8b465ee728b) [PhysX] Initialized MultithreadedTaskDispatcher with 12 workers.
 -> (artifact id: '1fc788c02948138b2a01f405830591fc') in 0.002512 seconds
Number of updated asset objects reloaded before import = 0
Number of asset objects unloaded after import = 0
========================================================================
Received Import Request.
  Time since last request: 28.214333 seconds.
  path: Assets/Scripts/NewBehaviourScript.cs
  artifactKey: Guid(a2bbb27fcf9465c4dac311599c34b6cc) Importer(815301076,1909f56bfc062723c751e8b465ee728b)
Start importing Assets/Scripts/NewBehaviourScript.cs using Guid(a2bbb27fcf9465c4dac311599c34b6cc) Importer(815301076,1909f56bfc062723c751e8b465ee728b) [PhysX] Initialized MultithreadedTaskDispatcher with 12 workers.
 -> (artifact id: '5c21b3142fb9271aedc8d944a9c2117d') in 0.002109 seconds
Number of updated asset objects reloaded before import = 0
Number of asset objects unloaded after import = 0
========================================================================
Received Prepare
Caller must complete domain reload
Begin MonoManager ReloadAssembly
- Loaded All Assemblies, in  0.910 seconds
Native extension for WindowsStandalone target not found
Native extension for Android target not found
Mono: successfully reloaded assembly
[Package Manager] Server::EnsureServerProcessIsRunning -- launch failed, reason: Unity was launched with the -noUpm command-line argument
[Package Manager] UpmClient::Send -- Unable to send message (not connected to UPM process).
[Package Manager] Cannot connect to Unity Package Manager local server
- Finished resetting the current domain, in  4.948 seconds
Domain Reload Profiling: 5839ms
	BeginReloadAssembly (235ms)
		ExecutionOrderSort (0ms)
		DisableScriptedObjects (7ms)
		BackupInstance (0ms)
		ReleaseScriptingObjects (0ms)
		CreateAndSetChildDomain (39ms)
	RebuildCommonClasses (50ms)
	RebuildNativeTypeToScriptingClass (16ms)
	initialDomainReloadingComplete (56ms)
	LoadAllAssembliesAndSetupDomain (532ms)
		LoadAssemblies (633ms)
		RebuildTransferFunctionScriptingTraits (0ms)
		AnalyzeDomain (33ms)
			TypeCache.Refresh (14ms)
				TypeCache.ScanAssembly (0ms)
			ScanForSourceGeneratedMonoScriptInfo (12ms)
			ResolveRequiredComponents (5ms)
	FinalizeReload (4949ms)
		ReleaseScriptCaches (0ms)
		RebuildScriptCaches (0ms)
		SetupLoadedEditorAssemblies (1215ms)
			LogAssemblyErrors (0ms)
			InitializePlatformSupportModulesInManaged (57ms)
			SetLoadedEditorAssemblies (15ms)
			RefreshPlugins (0ms)
			BeforeProcessingInitializeOnLoad (224ms)
			ProcessInitializeOnLoadAttributes (823ms)
			ProcessInitializeOnLoadMethodAttributes (56ms)
			AfterProcessingInitializeOnLoad (40ms)
			EditorAssembliesLoaded (0ms)
		ExecutionOrderSort2 (0ms)
		AwakeInstancesAfterBackupRestoration (19ms)
Refreshing native plugins compatible for Editor in 106.83 ms, found 4 plugins.
Preloading 0 native plugins for Editor in 0.00 ms.
Unloading 4474 Unused Serialized files (Serialized files now loaded: 0)
Unloading 15 unused Assets / (29.5 KB). Loaded Objects now: 4969.
Memory consumption went from 152.0 MB to 152.0 MB.
Total: 12.663900 ms (FindLiveObjects: 0.669500 ms CreateObjectMapping: 0.314300 ms MarkObjects: 11.512200 ms  DeleteObjects: 0.162000 ms)

Prepare: number of updated asset objects reloaded= 0
AssetImportParameters requested are different than current active one (requested -> active):
  custom:scripting/monoscript/fileName/IPrebuildSceneSetup.cs: 086a540b86c9ccf5ce0a23935a64c98d -> c89711320cb5af11897ec50fd61d4419
  custom:scripting/monoscript/fileName/BuildMergeTabParameters.cs: 2c923f29302a39560b4301c3fd163a7b -> 
  custom:scripting/monoscript/fileName/IncomingChangesTab.cs: 8a20aca125f6d4b837670edb6e36bc05 -> 82bff1d960538992d4e618d909869d2e
  custom:scripting/monoscript/fileName/EditorAssembliesProxy.cs: 23426c61d1cfec53ec65b1ed2f77c773 -> ef0f2d44f3e723650bf58ba30866667b
  custom:scripting/monoscript/fileName/OuterUnityTestActionCommand.cs: eacf156fb6f74d2f6b697bf47e9a72eb -> 36c13d7d2a2c5c2f372e7b1c0cc06d4d
  custom:scripting/monoscript/fileName/TestJobDataHolder.cs: 1e3b4dec54d5610ff8a852c0a9fccf2b -> 2c9edeeac80ff44e86cac8087411d260
  custom:scripting/monoscript/fileName/DiffSelection.cs: 34faf7c86f7e0c9a01162e930679d82f -> 1460aaba4240ef35322cb9c198487990
  custom:scripting/monoscript/fileName/EditModeRunnerCallback.cs: 8a8dedaa2bec26f26744df4ec8e2f191 -> 
  custom:scripting/monoscript/fileName/EnterPlayMode.cs: 3cb26e64a9bc927aa1556d517c8e8a78 -> c730bf9ff77514bb260ba9933378e49c
  custom:scripting/monoscript/fileName/Filter.cs: 18ef22850e69a0e3e97548ae5b255f92 -> 935824dbebf762a19f2d4c4751625fe2
  custom:scripting/monoscript/fileName/DrawStaticElement.cs: 6cbd346d4a1be2ee84c9ebe55a7f9f79 -> 5765d84d60602f16f5577bf0b7fc6b96
  custom:scripting/monoscript/fileName/MoveDeleteMenu.cs: f1a7b8a8be76c035d934c51863f3b934 -> c4ad4528e772c33a6167006886a8d1da
  custom:scripting/monoscript/fileName/DialogWithCheckBox.cs: 738e3e0af97e826e16805dda77e5f009 -> 
  custom:scripting/monoscript/fileName/UnityTearDownAttribute.cs: 4a3d30720366843ca221fd554845c187 -> d90d4ba0821a80f48bd6cec8eab8964f
  custom:scripting/monoscript/fileName/DateFilter.cs: de3aab0283a2b4a1d4d64145b14132d5 -> 3a6cb8c2e3ffbb5a9052e322ee5bf411
  custom:scripting/monoscript/fileName/RemotePlayerTestController.cs: 83176596b43ae79e65d8c3ccfd7c1c75 -> e65e7856c7b5238a13243fffbf64f7eb
  custom:scripting/monoscript/fileName/ConditionalIgnoreAttribute.cs: 507a506f130880469465e0381c429447 -> 9f2f3d4c6b56d5f470ccdd0e1820d51b
  custom:scripting/monoscript/fileName/TestMustExpectAllLogsAttribute.cs: f1224ac9ffb401dcd2c905e6a783da06 -> cdf1c75549affd080e0ddbde5bcb7c34
  custom:scripting/monoscript/fileName/TestBuildAssemblyFilter.cs: e3ae3b9dfa7b065b08d520845d4f070d -> 056870da734fd8ecf77d00737a22149f
  custom:scripting/monoscript/fileName/ITestRunnerListener.cs: 07f2f49d67775d1bad20bc1589a5769d -> d52675266925b8e603f210be3981d59b
  custom:scripting/monoscript/fileName/PerformInitialCheckin.cs: be22d181e456c0a8a5713675f29ac72a -> 8ef9a9f407b8b94b2b5fad9d24e61f79
  custom:scripting/monoscript/fileName/ConflictResolutionState.cs: d9394655856a9fc1a0b280bc997bac16 -> 74a230000ff2fd58c5a60ab4258207dc
  custom:scripting/monoscript/fileName/IEditorCompilationInterfaceProxy.cs: e8a39ed00046a7b93647d4de1a3e0e00 -> b1e49de3ac2ed1feea91c5f6846d6e49
  custom:scripting/monoscript/fileName/EnumerableRepeatedTestCommand.cs: 229b55de651d474bc2ca3733382eef36 -> dbdc4517e80e66a31f48ce40e06931f2
  custom:scripting/monoscript/fileName/FindWorkspace.cs: 39bbd18bfe6bf4a99f5c185dcda4dd4a -> 6af6c9e9382fef881c020ab184e6f7f5
  custom:scripting/monoscript/fileName/CommandLineOption.cs: f2f0dbe72e14e05a5259c3e6cb3ececc -> 211f73ad4421274a5a418608b74cc839
  custom:scripting/monoscript/fileName/IPostBuildCleanup.cs: 7bc004ae26b110cd32d3401b0981f815 -> 8d43f6dbc44addb43106f91d15047771
  custom:container-demuxer-ogg: 62fdf1f143b41e24485cea50d1cbac27 -> 
  custom:scripting/monoscript/fileName/TestListTreeViewDataSource.cs: 8b5a59ec2d06d36e63ce53a34e1d591e -> 153f0d5d9a6099f80f6d26e9c0ad6b7d
  custom:scripting/monoscript/fileName/CheckinConflictsDialog.cs: d3af1d70d3f60a9847d2942647274222 -> e13fa04a97fb675842c94586fc602871
  custom:scripting/monoscript/fileName/CommandLineOptionSet.cs: 6bb45bf9141d4fec50aae5aa4651fa84 -> 57b6c3812f217f48a5cedf066a216cfd
  custom:scripting/monoscript/fileName/ITestRunCallback.cs: 0ac8617cc2dc9780c575b6eb03f6d505 -> 7d90e4d27cccfe89ef24a93578e15a74
  custom:scripting/monoscript/fileName/AuthToken.cs: d22b2893825e943bc1389be142abd57e -> 0fba7e8eb1ec8b699f274cdc956451b2
  custom:scripting/monoscript/fileName/ProgressControlsForDialogs.cs: 6bf8e69ac7dc2163fe988e5d8181ce88 -> 7e6bd1727985204e3b64e1946e589b1c
  custom:scripting/monoscript/fileName/AssetStatusCache.cs: beede06d8a6d93e7907fd192ad653f2b -> 260d5f85663ac58b2a7e9553c453bc3e
  custom:scripting/monoscript/fileName/IEditorAssembliesProxy.cs: 81289fa7514ad1168ecb67afff27720d -> 8586f95fda82b1fa948b8ac0ebb50a9d
  custom:scripting/monoscript/fileName/AndroidPlatformSetup.cs: 56c28d48cf01b1b2c96f64a6827ffac4 -> 67d5fa212608c900d88b1544a5f49997
  custom:scripting/monoscript/fileName/OrganizationPanel.cs: d7ac1288bef1b15a05bb26d201a4d87f -> 57a57e6a345dbd536e91c348b70943a9
  custom:scripting/monoscript/fileName/ChangeCategoryTreeViewItem.cs: efd70108e1f6ff61ed2723220486adfc -> fd14db176fff061715c8ec88ced1902f
  custom:scripting/monoscript/fileName/CurrentUserAdminCheckResponse.cs: cec2f173fe8732108711c497674c6f66 -> d57c2dcace740834acd59fdfbc5023b8
  custom:scripting/monoscript/fileName/RenderingOptions.cs: a84cebfad0b53e3dbf0202be3cc1d6d3 -> 
  custom:scripting/monoscript/fileName/WorkItemFactory.cs: 9cd58300f748e3250316447e9d2a8d06 -> d8b2e380888ccc980a475a01f04d7a45
  custom:scripting/monoscript/fileName/UIElementsExtensions.cs: a191d7293be4538b0adb29dfe5b06a46 -> 52e0d612ab032e4d22e9558b90396b99
  custom:scripting/monoscript/fileName/PlayerLauncherContextSettings.cs: 89c041e42e3e6c336ae4ddeb40f2d12f -> 3c0a34dce28ade8f88b3e213fadb0738
  custom:scripting/monoscript/fileName/CreateBranchDialog.cs: c429477092287209232592c8cde1a615 -> 9eb29fda08033b4f847247136c412db6
  custom:scripting/monoscript/fileName/RunSettings.cs: c8ba576640d505c59ca4d995eb1b55e6 -> 6770f3fdaf287e73ff6c63f28a5a7e92
  custom:scripting/monoscript/fileName/UnhandledLogMessageException.cs: d6d6ca25090fc3eec22959040bde30f3 -> fa6ee6fe2a221a71f213304ae56898c7
  custom:scripting/monoscript/fileName/EnumerableApplyChangesToContextCommand.cs: 7e82e96f40f2bf4118aab6f6aef1d287 -> c2aa6cedc66892dd581c50a4d9b6a147
  custom:scripting/monoscript/fileName/RecompileScripts.cs: 33cdfe80e47d8b05e5ee4c6c33b4993e -> 73e345449efb1420f34aad9debcdf2bd
  custom:scripting/monoscript/fileName/DelayedCallback.cs: 4d96f98a05296a6e495fa9916bc0a91b -> e88c5396d33adcd6404b4cb8a051b2b1
  custom:scripting/monoscript/fileName/OrderedTestSuiteModifier.cs: ddbca70bf46f5e4ca706b058ef23253f -> 6a8006d91a7636d39c6731494060c3c2
  custom:scripting/monoscript/fileName/DrawCreateWorkspaceView.cs: 6422239d8f649480614f0dd4f018b7f2 -> c6039ac84d85ab3926aa94de163a9f7d
  custom:scripting/monoscript/fileName/ProjectPath.cs: 5634ebdbea8ca94089eb9622d1b60497 -> 2007f972d3a73eeb86dfe05e849c7f69
  custom:scripting/monoscript/fileName/SSOCredentialsDialog.cs: 8967ceae1bc195ea8dd32b23c42dd852 -> e140ede12a96f68f30062138385171c3
  custom:scripting/monoscript/fileName/DefaultTestWorkItem.cs: df6f5a85dcc29cabfe426927cfff8766 -> f906b4fb5b78cb9d23a07212620919d9
  custom:scripting/monoscript/fileName/TestRunnerApiMapper.cs: 213999ba10693518027e8ab0204d1885 -> 241489454095fad1d1d89166ee62820f
  custom:scripting/monoscript/fileName/LegacyPlayerRunTask.cs: 328c044124055242f6ddb7aa596ab1d3 -> 148e0500b0761261bc418d25c26e82b1
  custom:scripting/monoscript/fileName/Vector3ComparerWithEqualsOperator.cs: 6b9a33545ada02177d266ed1f5b19290 -> c497cde63ec72672e5f69e70b932688f
  custom:scripting/monoscript/fileName/IGuiHelper.cs: c60290192a780a358cb4d2eed657f7f8 -> da57d3fb0f8ace42d5b01eed25e9e3d5
  custom:scripting/monoscript/fileName/DownloadPlasticExeDialog.cs: 2dd40c53d0303d041a27a44a95c331cb -> 093cfe0607c2346a88cdfdfe1435614f
  custom:scripting/monoscript/fileName/GetOperationDelegate.cs: e719058321e4f2be94be212e42f097c8 -> 
  custom:scripting/monoscript/fileName/OutOfOrderExpectedLogMessageException.cs: 22c4a953865c583fd55d80a54c5d6c18 -> 4ff78bac16cc86124e588c20ad3ddba7
  custom:scripting/monoscript/fileName/IPlatformSetup.cs: 9a0668684da27d1ddefa88d99d869448 -> 6f20476898784a15f8b8eb28653a67fd
  custom:scripting/monoscript/fileName/TestTreeViewItem.cs: 3239fe248332ddd6a904d9cb0680e538 -> aae3d62f4daf680133c1c18c7814d15e
  custom:scripting/monoscript/fileName/AssemblyLoadProxy.cs: c6dff8352382292b9959041d98303a41 -> 0f3a4ee005eb8f7b33161c2ba6196e00
  custom:video-codec-MediaFoundation-h265: 746d11721c4dcdbdad8f713fa42b33f4 -> 
  custom:scripting/monoscript/fileName/SaveUndoIndexTask.cs: ab03f94eed1b9c2e86cabe91ffdb6ab8 -> 6e0bcd5f418cf8184993174ac732fff4
  custom:scripting/monoscript/fileName/TestResultRenderer.cs: 9bb52db8cdd7fbc7b27d62af73d00df8 -> 2e8123de6d2eea4d42efb7a87e150b27
  custom:scripting/monoscript/fileName/WaitForDomainReload.cs: ec74674e8cae527fdeb410a81a4658a3 -> b6033700f0adcf3b23782f04c42e269c
  custom:scripting/monoscript/fileName/PendingChangesTab_Operations.cs: c99065f3c85ec85c85ece2a1a30665af -> 15ae6787065f4af65778e981f418a60b
  custom:scripting/monoscript/fileName/LocksListViewItem.cs: cc9cd24c5be4f7363367cba72f12aad4 -> f4a19fabbec093eb3d6a7e1cd4f42611
  custom:scripting/monoscript/fileName/ITestSettingsDeserializer.cs: e43933e90cb98a9555f922952cdb833f -> 22e37de7af2cea07971d0ba87110dad7
  custom:scripting/monoscript/fileName/UnityTestAssemblyBuilder.cs: 9b6ef4c0578639ba943c8f65e1e8d74d -> fa151eb16842256647a2914b37e4bf9d
  custom:scripting/monoscript/fileName/PendingChangesViewPendingChangeMenu.cs: 561ad0f702e1db14300a4a5f810051f9 -> 9a6ef2277212bf26d647c7f12f946287
  custom:scripting/monoscript/fileName/SignInPanel.cs: f7e82045994d4eefe3b021faa87b55c6 -> bac0318ce35e37bed3a2cc8137452435
  custom:scripting/monoscript/fileName/DrawInspectorOperations.cs: 61c4a6a6507d8f84ef5bdf5cba3f0aee -> 8c94fe642e98309082411f46db89106b
  custom:scripting/monoscript/fileName/AnalyticsTestCallback.cs: 86b513e5c36f0343183de924372e6da6 -> 70c2658c96c40ebe349fda85c81dae6e
  custom:scripting/monoscript/fileName/TestTaskBase.cs: 4b3bfcc0ce488c09e9c983c955b234c0 -> 162ca0c58961a22b2d7f2a866ccb62df
  custom:scripting/monoscript/fileName/DrawDirectoryResolutionPanel.cs: b77d9918f02a8eac64394aaf99fa4b28 -> e4e3c9b4bc511687802b504b71016540
  custom:scripting/monoscript/fileName/CloseWindowIfOpened.cs: d820344e932a12600b5fe6fb7e9f1563 -> ce229ef3b7461ff17e2c1af0695a6657
  custom:scripting/monoscript/fileName/SaveAssets.cs: e472a52843752df7d7ad4ca6b2c8da98 -> b56abea3d51c742ac29e4aec958afad6
  custom:scripting/monoscript/fileName/TestLauncherBase.cs: 55b4d99610fbeb9ecb7ee6ead3251104 -> c78237b225a855d3af10df4cd8d6a1b2
  custom:scripting/monoscript/fileName/FloatEqualityComparer.cs: 4dac02b3f722be0497415c960455318c -> 6ddc5d5b0944c660e6b695f37c9febc8
  custom:scripting/monoscript/fileName/ResultSummarizer.cs: fcfdcb2adeeb82cb8f411b44b44abdb0 -> 
  custom:scripting/monoscript/fileName/MergeViewMenu.cs: 93bc40369a2f104c249cef1d685ad358 -> c1676e16bdcf215f6595ea9de7a1fc33
  custom:scripting/monoscript/fileName/RepositoriesListView.cs: 9f95c83dc460fb03fb0916472f14b8a7 -> 95287f65338ca0073ad04002a16eaaf7
  custom:scripting/monoscript/fileName/HandleMenuItem.cs: 740e54c5f6dca1acc88cad87af74b744 -> b4ad1ecc5243212c5967125ad5e41b1f
  custom:scripting/monoscript/fileName/CompositeWorkItem.cs: 77037823112276c67676f1e42edf1cd2 -> bc884a89fde61fa75209209a03bbd836
  custom:scripting/monoscript/fileName/ScreenResolution.cs: 5c975132cf4e36dcc261bd0acd604271 -> 7bb7bb5b955671820101b322f0a7bf3d
  custom:scripting/monoscript/fileName/RunFinishedData.cs: 35b8f95dad4fefe115ad61c2c01125ab -> a22f15c3a79d1f15ccc31ec29ab37874
  custom:scripting/monoscript/fileName/ApplicationDataPath.cs: 8e4094e28762fb76a1baecfe90c6b65e -> 3e8c4ea8debfda8013fed860ac233d22
  custom:scripting/monoscript/fileName/MergeSelection.cs: 6deb9bc55c10a7ac7c9f905a7b92dbe8 -> 630eecd27cae3311e65e09d9c63da8b7
  custom:scripting/monoscript/fileName/PlayModeTestListGUI.cs: 9528035223f9376ea8c5bf32da2d30c1 -> 
  custom:video-decoder-ogg-theora: a1e56fd34408186e4bbccfd4996cb3dc -> 
  custom:scripting/monoscript/fileName/RepaintInspector.cs: f134606300316994850c28a68d0cb5a3 -> 
  custom:scripting/monoscript/fileName/LockStatusCache.cs: 5e3725e03dc21c716034553589a67eae -> e99b3f34c5cd3eb73ec19439af1f7f80
  custom:scripting/monoscript/fileName/DiffTreeView.cs: 68195907d129ef826aa6b6df7202696d -> 49f46fd2a65ea674a218eead75f27aac
  custom:scripting/monoscript/fileName/UnityTestProtocolListener.cs: 031f67bcc950e88772c7e00661691db9 -> 0d4d2ab58d3a081f00c0f200ee8696be
  custom:scripting/monoscript/fileName/DependenciesDialog.cs: 82d30fc8d5e1a73ec0d1ee9acc00fbc2 -> c8902186ab2f4e6471b5dd147afb01b6
  custom:scripting/monoscript/fileName/ChangesetListViewItem.cs: 95a197949f1e777703db60eea8cc21b3 -> d742a4910e302777daa1ccb9c8e92cb9
  custom:scripting/monoscript/fileName/LocksViewMenu.cs: fda08381fa9abca53b6eaf3bf55f14f8 -> 186d8514e824865b191ba1829afe4b33
  custom:scripting/monoscript/fileName/MonoBehaviourTest.cs: 8f6297df34271fdb1ce2d9607ec6261d -> 90647cc400823b41df847a6cbfc29026
  custom:scripting/monoscript/fileName/IncomingChangesViewMenu.cs: 5f96afa82d3e2a8078206b7f6d3b0752 -> 13196979a03411533716f6775c9a624b
  custom:scripting/monoscript/fileName/QueryVisualElementsExtensions.cs: 75ea535788abf9c38ba9341c984a6241 -> a49740b6efbb934f55475cc70b864a4c
  custom:scripting/monoscript/fileName/DivergentMoveMenu.cs: 5b146ed65a6a030ab7d86a0d711244f7 -> 98d76b5791494212a0c25aa6a4af7288
  custom:scripting/monoscript/fileName/TestResultRendererCallback.cs: 11a504294abe84b81ed7535d2d6b52d7 -> 215106b260625bb3e26681b849d9307d
  custom:scripting/monoscript/fileName/PlatformSpecificSetup.cs: c7583018fa54cbb13353f07300f73380 -> 0a7f9c0b27ae370d8bd5d3df4916ae28
  custom:scripting/monoscript/fileName/EditModeLauncherContextSettings.cs: 716154923321c522b7f6492b24dc4629 -> d1e413330d98a9101237ccbe91f95dea
  custom:scripting/monoscript/fileName/PlayerQuitHandler.cs: b367910cee7b2e682885ab95e27ec0ea -> b4085dee8fd70ae04ac96945fafed489
  custom:scripting/monoscript/fileName/WriteLogConfiguration.cs: 1a8401f47b522f631a3dc005105719f5 -> 1589212d1638ae91a029ea3ddf9999f2
  custom:scripting/monoscript/fileName/PrebuildSetupTask.cs: c7a55bff004702e0146f0b7de9de0c32 -> a4e888a510b1441a257b12183e59237b
  custom:scripting/monoscript/fileName/UnexpectedLogMessageException.cs: eb4b453bac6ce1ffa84fa1fcbecd8818 -> a7bbf32861c66018271b093fc1d1061b
  custom:scripting/monoscript/fileName/FileSystemOperation.cs: c31a686e69e66801c204a11be56c950a -> f0ccbe91654279794a85bf6f1c034716
  custom:scripting/monoscript/fileName/RerunCallback.cs: ffe49cf602017087ffa7749d06513ace -> 
  custom:scripting/monoscript/fileName/MigrateCollabProject.cs: af93695e471d9c8e4ad014c4165f2c3c -> 9f3487f03a783b35518405572f20ac9e
  custom:framework-win-MediaFoundation: 216162199b28c13a410421893ffa2e32 -> 
  custom:scripting/monoscript/fileName/ITestListCache.cs: 530322f74ae4ee44bba33a2f253d3260 -> 93f202374a8dd6602503d990ab2feb72
  custom:scripting/monoscript/fileName/TestRunCallbackAttribute.cs: 0f465317bd2bfaae92f90a6ee84c0d18 -> c61459d4a70eab5bd767d5a1f82f55d8
  custom:scripting/monoscript/fileName/ProgressControlsForViews.cs: 7d677c6df38ab15cf390062b5b0bb854 -> a8a18a90f46aa63848e1e45d8d7ff9af
  custom:scripting/monoscript/fileName/DrawAssetOverlay.cs: 04a46044def089f0abcdafdd281e3646 -> 
  custom:scripting/monoscript/fileName/PrebuildSetupAttributeFinder.cs: 2bad1feb91972325181c65f0d7b65426 -> 1f975f3a70c8f9747da919735d84e6c3
  custom:scripting/monoscript/fileName/NewBehaviourScript.cs: b21687ddb03d73bd9f0c1daecb9714de -> 
  custom:scripting/monoscript/fileName/ProjectWindow.cs: c62567a3d71fd74636bc783de5162474 -> 
  custom:scripting/monoscript/fileName/TestExtensions.cs: 06f4dc0f3112fa2e5582ace2497b1b80 -> 8e47deac44d7b87eaa5df5d00556dc15
  custom:scripting/monoscript/fileName/TestEnumeratorWrapper.cs: 3f82598f123760f637b0f70a1f287d77 -> 3e969f8448dc5644f60fbcb6f1badbcb
  custom:scripting/monoscript/fileName/MergeLinksListView.cs: 826afb5fb5988163105086b4bf5027af -> c9488671ae9b14523680d0c19097baa0
  custom:scripting/monoscript/fileName/UnityCloudProjectLinkMonitor.cs: a6d5b729fcd63f578363f7929a986e8b -> 86b74508945daf368996ea82904ac8da
  custom:scripting/monoscript/fileName/LogWriter.cs: a4f5ec34386b4e23f87b43dd16f6db46 -> 89105d9cfbe59e79a996dde998b3e7ff
  custom:scripting/monoscript/fileName/AttributeHelper.cs: 9458f4b34c0ac14db5c169abc8e43f94 -> dcab3630cb119e1a5f7f9c7b24677e49
  custom:scripting/monoscript/fileName/TestRunCanceledException.cs: 95340416bb18b4fa3930cdab2cc1fc66 -> ff7dc6bce365deb50fafe94b823009cb
  custom:scripting/monoscript/fileName/ISettingsBuilder.cs: 519472d4601ec620807556de1c3db699 -> af84c62ea6a033820a24a2d04c70d5c3
  custom:scripting/monoscript/fileName/Vector4ComparerWithEqualsOperator.cs: 3cde4a46f80e6bcedaef4297c8060490 -> 982db4358832ddfb456522b96543f1da
  custom:scripting/monoscript/fileName/UnityTestExecutionContext.cs: eca56c04b69a8399029cc9730daae5fd -> 4c0ef8e8d96fc20b3ec58c9447d6ec92
  custom:scripting/monoscript/fileName/EditorProgressBar.cs: 7418be9b22aaea32732f8a5f49569d1c -> 08c2f2b90ef64df631d46389f0e22c8e
  custom:scripting/monoscript/fileName/MeasureMaxWidth.cs: cd9322680ae61d38397008451b7ed0ed -> 1569e3f1dad91a9b01cba66ab6aa30b0
  custom:scripting/monoscript/fileName/SaveModiedSceneTask.cs: 135adac13be698ff4439d6c6268aa5b8 -> 
  custom:scripting/monoscript/fileName/TestSettingsDeserializer.cs: a44271a81256da8d6d9195e1628af709 -> 2daa2d89ea5f024d33cb1e72a3d35d63
  custom:scripting/monoscript/fileName/ChangesetsListHeaderState.cs: 69fc4f1a2bc3782d7043ec48961a3616 -> fe1392f9b135da83e13fe8a5e5f39fc2
  custom:scripting/monoscript/fileName/EditModeTestListGUI.cs: 8831f0ca2dcd13614282b516af72c688 -> 
  custom:scripting/monoscript/fileName/TestResultSerializer.cs: 52a416bb91eef89cbb19dd3cf67adb65 -> b75c8de5ed0cf8b4071350488249260d
  custom:scripting/monoscript/fileName/PendingChangesTreeHeaderState.cs: 7d278b5569d28437d07554a3bbb56e1b -> 5d7f70d142c9ac67864ec14950523d62
  custom:scripting/monoscript/fileName/BeforeAfterTestCommandState.cs: ffd46073254dc1bdb5c1bca6005d67d9 -> 590f9af42d8f6706b758d6c33b25bf7d
  custom:scripting/monoscript/fileName/MissingEncryptionPasswordPromptHandler.cs: 7f5831fc8a41e9cadd84fcfd0e885072 -> 5d7b9646eb14a39b6d3d5bab19d266ff
  custom:scripting/monoscript/fileName/ChangelistMenu.cs: ca33bac56b3a337faa90a1b1bba632d6 -> c1bf5aeb760cc5eae584ea3944d6531b
  custom:scripting/monoscript/fileName/NotificationBar.cs: d1a4cf5e8103d80fd25347275f906aa8 -> 50f1a85fa18d94338418def78dcd8543
  custom:scripting/monoscript/fileName/EmptyCommentDialog.cs: c9c28ff22d24598d7e4856f434bb1b92 -> 99cc06133e502eab7998108e26fd5614
  custom:scripting/monoscript/fileName/UnityThreadWaiter.cs: dbd556f2802baab90a20da38c288d36c -> 99333406d92d10003984b4d1920de2f9
  custom:scripting/monoscript/fileName/CredentialsDialog.cs: 179b5e49656a1623c2e79d838f0f5876 -> c785d5e40f8d66b7ef7ba04ee7c324e0
  custom:scripting/monoscript/fileName/ProcessHubCommand.cs: 30630f626164e285c361aa64e681100e -> 8ab0fc63fa4d9d749198dd61b09d7e37
  custom:scripting/monoscript/fileName/GetRestorePathDialog.cs: e21eb9983f0b989125951478cd5e9b35 -> 353d1126ca2d2063d5bdbd06806ffc08
  custom:scripting/monoscript/fileName/UpdateReportListHeaderState.cs: 64a5bf775d221ad9a5ff8c78a1e0e1fa -> d6cbe54be2898ed2c96c2e79572c2e08
  custom:scripting/monoscript/fileName/LocksListView.cs: 8c6202774eebcf67be9c3b5a2926cc7c -> 7aa51ff93bcc98aa05dec8b46ec200c4
  custom:scripting/monoscript/fileName/DownloadAndInstallOperation.cs: b043b8d5921892e87f4566e00162cff6 -> 4f4065aeafda2af0ec272a3c228e27b2
  custom:scripting/monoscript/fileName/DiffTreeViewMenu.cs: 3e62bfc69ca7486976988e151b88922e -> 8039fc4ecf68b3e966e1f4822789e7fa
  custom:scripting/monoscript/fileName/ICommandLineOption.cs: 147751a92efc4c8cac91a9a528c2fb1c -> 58da599070a3bdab08afc8355de79ed5
  custom:scripting/monoscript/fileName/UnityStyles.cs: 1a176026ce9da8057f3ec90dfe0bac74 -> bbbba3cda37678cfc74d71ffebf36e7f
  custom:scripting/monoscript/fileName/EditModePCHelper.cs: fed3c3b34697ace66d06f26c80e9297a -> e16a214ddb2d161f4792170cb0c8e6aa
  custom:scripting/monoscript/fileName/HistoryTab.cs: 4d086984813cd90d6be245dd8e03a2ba -> d57f000c65fde42a2228c7a105a836e5
  custom:scripting/monoscript/fileName/AssemblyNameFilter.cs: 6517804d9019b844c3f33c3b43a18f84 -> ce7ef29746fb23841833950bb87cfa6a
  custom:scripting/monoscript/fileName/HistorySelection.cs: 7c3afcf345a55e8b77ea41ca0f570218 -> 3d07a3d1241e204b5420d71f1137eba4
  custom:scripting/monoscript/fileName/CreateWorkspace.cs: 7b3086384e5ddcd73cd5064a3ce31cd2 -> 5256205b5cf0570b6f698c7abe518f5a
  custom:scripting/monoscript/fileName/ShowWindow.cs: c731454122754eec192bc3c53fac3d95 -> a6bb1d20733c178256b38974418d7450
  custom:scripting/monoscript/fileName/LocksListHeaderState.cs: b80c5f044f18764adef2e9dbea5f0fb1 -> c7fe4d3b5f954615048f8e79925d29e3
  custom:scripting/monoscript/fileName/RemotePlayerLogController.cs: 6007c2a9667c47ca237ace4f2531438b -> 158b55f2a8781eb1cac7ac26acd42fc6
  custom:scripting/monoscript/fileName/EnumerableTestState.cs: 074d7b301977647491f399c62e52cbc1 -> 30e3efb82d3f99d65cdecdd2f0bc0194
  custom:scripting/monoscript/fileName/CreateRepositoryDialog.cs: 1e1c5399cf3d0b071c7982c565a710ce -> 5cec3e66b09e0dbe1f805953c5c64af9
  custom:scripting/monoscript/fileName/UnityTestAssemblyRunner.cs: 3816e248a2cfe06e2622e0204123f53a -> 6329fd25aa4b3ce344b8f9506a5c2047
  custom:scripting/monoscript/fileName/RenameBranchDialog.cs: a3111a345c6451ee64cd16f1989c2313 -> e5c89c05c87517babb3730e87196a494
  custom:scripting/monoscript/fileName/ITestPlayerBuildModifier.cs: 144d61bec4e604c687a559324e865570 -> fe113c86bde5fdad424c8cc5e51fe0a4
  custom:scripting/monoscript/fileName/EncryptionConfigurationDialog.cs: 6423045767c07e6360ff314ec741c601 -> 19e9c54aff6ffc68d60fe11f80578947
  custom:scripting/monoscript/fileName/RemoteTestResultDataFactory.cs: 82b227499ad613fb85cbd7542a960c8c -> 875f30f4d57949231d64836d9e348a72
  custom:scripting/monoscript/fileName/UnityTestAttribute.cs: f0f5f36d5b331df20c3357ff1637e397 -> a53f050fb661d50bb6c962963a554f8e
  custom:scripting/monoscript/fileName/TestListCache.cs: 8e95164bb40beaf2361efc98dc17a66b -> ff7c7e6ac29ad86c5fe33a64ed0d2f4f
  custom:scripting/monoscript/fileName/UnityTestMethodCommand.cs: adc652ef2db502396e2bc23b9d9a66f3 -> ccfa8ff8b49ded2664d646e8ee3d5ff4
  custom:scripting/monoscript/fileName/CheckinProgress.cs: 298ac58365579798eb3b4defc181ccaf -> 75b93dbc5ef307111f0647f735640420
  custom:scripting/monoscript/fileName/ITestRunnerApi.cs: 7ab503b15e3438e134c0702f000eb0a9 -> a476c74c9cbf5732bdfc8c88b9702476
  custom:scripting/monoscript/fileName/AssetCopyPathOperation.cs: 571ede78b6298606a236918df9df62d5 -> 633a9d130b72ba594756844b628f0ae2
  custom:scripting/monoscript/fileName/Vector4EqualityComparer.cs: 2b4abe9ea592b7513d6aeaf121d66f76 -> 998bf018f3e79a3b4501bebf13133ef3
  custom:scripting/monoscript/fileName/PendingChangesSelection.cs: 766664749a54eea9ecce5dff917430ef -> 1721ad72d074757364587c71b49d9382
  custom:scripting/monoscript/fileName/EditorLoadedTestAssemblyProvider.cs: 30976bb8f0671594f080cfda4f365c0a -> 406b39f61e53aa4b6c435e30af6b5276
  custom:scripting/monoscript/fileName/Utils.cs: 0d3272cd783b90f4eef2bf111d5a7b15 -> 38efaa10a2cec4e71a9eaf567c91a8a5
  custom:scripting/monoscript/fileName/LuminPlatformSetup.cs: a7bbd552cf00b6b349997b7d2e68359d -> e65a295a4e58fc042cc74afa9243a080
  custom:scripting/monoscript/fileName/ResultsWriter.cs: 45d4009781f259d024c859617b776a29 -> ccd0afcd43fc96f0f8be5313b60e6c07
  custom:scripting/monoscript/fileName/LoadAsset.cs: 9042eb334fc462cf466672445be1d4c2 -> 5e4e082aa5b21c13b80eb237fe94d00b
  custom:scripting/monoscript/fileName/EditorAssemblyWrapper.cs: 1da4fb3eb1b01bdabc7899984e06e2b2 -> 8682dbb48030d53c622cd194bfa9e87d
  custom:scripting/monoscript/fileName/Images.cs: 0b0c14141950fed99e3ef33199b3b4c9 -> fbdd1e600315d249327f3effde045c9d
  custom:scripting/monoscript/fileName/DrawLocksListViewItem.cs: ce3a3d64ec2d84c3556ffd4141efc4f7 -> 6201c4d50383e970d554210505562d37
  custom:scripting/monoscript/fileName/DrawProgressForOperations.cs: ea9179848be98ee7719316b39339ef29 -> b544f18e6532ba53bbd1b691fa5cd571
  custom:scripting/monoscript/fileName/RequireApiProfileAttribute.cs: 519035bad40b0361872a678d221fcd1e -> 4cce4894a0d08ef40fd237b8e50d1caa
  custom:scripting/monoscript/fileName/CleanupVerificationTask.cs: 66002b5b43bdce8f787c2d84fc03dc42 -> 12e81b196e7eac521f1ae8e0411b3d28
  custom:scripting/monoscript/fileName/ViewSwitcher.cs: bb22cc2814598bf2511f6c811c1dc194 -> dd1f6d6bc6ad5beda69b13cdb560799f
  custom:scripting/monoscript/fileName/RepositoryListViewItem.cs: 2f16ba7694ec7934685021093e722c4e -> 3cabcd81911a2500dcd9e2b6ffae3f00
  custom:scripting/monoscript/fileName/InspectorAssetSelection.cs: 71ba78e42827a9b22a9a6016733d756f -> 4b3c1ae4c44d88205aef26229acfe022
  custom:scripting/monoscript/fileName/UVCPackageVersion.cs: c4d95cb84d9d8dff4727eba6b0a64378 -> 
  custom:scripting/monoscript/fileName/IncomingChangesTreeHeaderState.cs: f578f4545f0afb1f0a2de9a25e26e33b -> 9fcb97ef2da44c66332f5c6800c2e6ed
  custom:scripting/monoscript/fileName/EnumerableSetUpTearDownCommand.cs: 6c84bee1095d71c3f496285ac7de29fb -> 16b603dbb9724508977696171a42991f
  custom:scripting/monoscript/fileName/DrawTextBlockWithLink.cs: d38f3ee197d9063693d0301d5157b32c -> 1d43814d810f0d56e2964ad3b72f271e
  custom:scripting/monoscript/fileName/EnumerableTestMethodCommand.cs: dfec1548954add0987599d6dd0f01df0 -> 9040b48595c4d63d6c1126d81d3f1105
  custom:scripting/monoscript/fileName/WorkspaceOperationsMonitor.cs: 5f05751fd4d94e02e79a5bf200f98f9a -> 43dcc435c252a54bdaaf4d6588b7d66e
  custom:scripting/monoscript/fileName/EditorCompilationInterfaceProxy.cs: e4c0c6a3551d03ebd5ce8bc0c8444c16 -> 12bc7b3dd0ab2ff83629d76ca37d0d4d
  custom:CustomObjectIndexerAttribute: 9a22284fe3817be447336de3de66b15e -> 
  custom:scripting/monoscript/fileName/TestResultAdaptor.cs: 39fb6e85727c0d47ffa8785f61586e3d -> fb4db3971d5379750cda884e7e44e3e4
  custom:scripting/monoscript/fileName/PostBuildCleanupAttribute.cs: 31fa08dd08b1105fe7a49dcbe5b1ac85 -> 71391ff444f943d9ad8dd0d42b7ac81f
  custom:scripting/monoscript/fileName/ShelvesSelection.cs: 05891c88858e4ac7776c0c0c49b5b74f -> 8a3e11e7cd7bbf10b24988c7bf636dea
  custom:scripting/monoscript/fileName/TestTreeData.cs: 0f4cb01478895c7c3d9e4409dc682c1d -> 1859d24be324d8fb87ab0c693d76d928
  custom:scripting/monoscript/fileName/Vector3EqualityComparer.cs: b5ef1af8e8222802b1e616dabbbf7eb3 -> 1c8652cac1f220d6409ab1ba3f211615
  custom:scripting/monoscript/fileName/ScriptingRuntimeProxy.cs: e5e5d36b9b276c8f6937a94b5dfabde5 -> 19d9ac4d844404a0464698120ed39275
  custom:scripting/monoscript/fileName/MacOSConfigWorkaround.cs: 8634a542fc5c45ea8cd9a8244bf2c871 -> 9fe61e763da506601651f6c451cecb0a
  custom:scripting/monoscript/fileName/IncomingChangesSelection.cs: a96a5a084d59fe3917a3831b68fa9479 -> d86f9f4463e6f9d99bb815e1f018ccf1
  custom:scripting/monoscript/fileName/AddMoveMenu.cs: 07e842d83dd343358454fef0a7927a0d -> e681c3341f01390e9c1d636ae93280df
  custom:scripting/monoscript/fileName/RestoreTestContextAfterDomainReload.cs: f915dc737a51db5619c0ddbc3d7e4801 -> 3f8ddcbc7c316ccf5012287995780eb2
  custom:scripting/monoscript/fileName/PlasticProjectSettingsProvider.cs: c126b47f9f934d48f0646c249a5bfcca -> 8c4ae1aeb34c51d2a5a8924265075ff2
  custom:scripting/monoscript/fileName/WindowResultUpdater.cs: 62ee47153c9bac0200ac618954dd51d8 -> 605812b0e2a9a0174e15ed86a3d5ac57
  custom:scripting/monoscript/fileName/Icons.cs: fab81a9d523e5a61e28f0f54bbcc88b3 -> abf089f96620a0dfa1fac77a06c6c48e
  custom:scripting/monoscript/fileName/AssetMenuItems.cs: 9ce81cedb8e568c6b7b646aa6263645b -> 
  custom:scripting/monoscript/fileName/ToolConstants.cs: a088b027c7b0922429c756f12b0507ea -> 3b0d2490617bc7f94a0bdab65a399e1d
  custom:scripting/monoscript/fileName/MergeTab.cs: f39dce5bbfdc053d284a55fc102a8be9 -> f0a9f00e065364eb63b070091ade67f8
  custom:scripting/monoscript/fileName/IAssemblyWrapper.cs: c5aecaa35bc67342edbe5a12fdcda610 -> 993dbd556e2f14ec6d4f6bce6cb00191
  custom:scripting/monoscript/fileName/UITestRunnerFilter.cs: 06335d4aeb6c8af701629dcac5fd648c -> a9e31eaec62dd508fa917eadb1c52808
  custom:scripting/monoscript/fileName/IUtpLogger.cs: ebcfd45287927053700f4f66ff35b501 -> 1b41334d9fc4fd5edb024e0bd2a6db56
  custom:scripting/monoscript/fileName/GetSelectedPaths.cs: 02423a81496d6c63598b5cdc203f4354 -> be35dd49dddd53fc840b9febf21b4d0d
  custom:scripting/monoscript/fileName/TokenExchangeResponse.cs: 0dd9138dbeab6f132711a5b608de5c13 -> f20183d4cf939766d3c1e15cc3bec2e3
  custom:scripting/monoscript/fileName/ChangesetsTab_Operations.cs: eca44847b108faefa69f8c525242c965 -> 3290c4c0cd248666e01a08ee6d621249
  custom:scripting/monoscript/fileName/ConfigurePartialWorkspace.cs: 309d4276b0164b05348aedbd51cc0b2f -> 10fcc6b6d43dd5ed36c43c6f7b5906c4
  custom:scripting/monoscript/fileName/OverlayRect.cs: 59d6887e4803f8a44ffaa0409470e410 -> 
  custom:scripting/monoscript/fileName/ValidRepositoryName.cs: 43c262be3f66a970816e3d3a3ee8872a -> 56bcf92a3678f6ad6215cae2e4914cfd
  custom:scripting/monoscript/fileName/OtherOptionsFoldout.cs: eea27b9873519c1ea7c35b8afc1b7947 -> cc8f3a7680050422963ebd2bf169a841
  custom:scripting/monoscript/fileName/BuildTestTreeTask.cs: 96cb982a37fe5925168754787bdebc15 -> ca4a5380bc07f43d0ad6bc5c2ca39b4b
  custom:scripting/monoscript/fileName/TestListGuiHelper.cs: 6d40eb061ebdba07e078b90b14eadffd -> 
  custom:container-demuxer-webm: 4f35f7cbe854078d1ac9338744f61a02 -> 
  custom:scripting/monoscript/fileName/TestResultExtensions.cs: f40703becc02ea8bc3b6c19d19f9d745 -> 1c512e213c49ce6d72b9d37b957b9372
  custom:scripting/monoscript/fileName/GetPlasticShortcut.cs: 2a84c035152261f00e7e66eb44cd0ffa -> 5c2b7bf07ddd2284efc64b09ef0f1f72
  custom:scripting/monoscript/fileName/LogMatch.cs: 3705a2877c87af4c4355c7933d389895 -> fed715ef044674dde53628d58d931b50
  custom:scripting/monoscript/fileName/TestCommandPcHelper.cs: acbadd8ac17c9074f1c7f1b037d57596 -> f958b2880473418011bc0cda18245d1e
  custom:scripting/monoscript/fileName/CallbacksDelegatorListener.cs: f80c4f45fed6816f24285f468af00026 -> 
  custom:scripting/monoscript/fileName/TestRunnerWindowSettings.cs: edf34156a2b1507caf7c6651f5ea4bc3 -> fb70b758f65d0605100dbd9482b7158e
  custom:scripting/monoscript/fileName/ApplyShelveWithConflictsQuestionerBuilder.cs: e109c624745dcc4304c557872b253808 -> 02e4256f31bc905362a382e31c3387eb
  custom:scripting/monoscript/fileName/GuiEnabled.cs: 1b1658fd7715b5cc664c10a130c6b629 -> 7bb13fcc8d8cbd392e00f7232841f086
  custom:scripting/monoscript/fileName/BuildPathDictionary.cs: 943911b84162d26cea47f964f9a0a399 -> 9fabc7cc73fcfc50b8a3307c6aa6ec4d
  custom:scripting/monoscript/fileName/FindEditorWindow.cs: 2bb64182aef631315344623cf583c78a -> 8c3c78bb7e82ac5008f8a2b8a0d68cff
  custom:scripting/monoscript/fileName/ShelvePendingChangesDialog.cs: 47aa4c07d31152c0c1eff64d2ba76cc6 -> 86b1f48b5fbaffa67e939e7f404062e6
  custom:scripting/monoscript/fileName/AnalyticsReporter.cs: c71b24da736c66608a20411bc3a519d2 -> 990f0ccd7dd9ebe56483e30a572c9394
  custom:scripting/monoscript/fileName/TestEnumerator.cs: bf6d1620a5c6bd3f28c72bbfed80e429 -> 26328e1622cb69ba0b1e01e906e7f65f
  custom:scripting/monoscript/fileName/DrawProgressForViews.cs: c153245b67af73b7ee03f693a1127796 -> 068a172cb549ad77d9873d721698bd0d
  custom:scripting/monoscript/fileName/EnumerableRetryTestCommand.cs: 73d6d5af06eff02f63f972c0d9d4ad7c -> b281084796eb91cc19de80f3f2b73a56
  custom:scripting/monoscript/fileName/UtpDebuglogger.cs: 06c62e7bf4b353d0d89b78258065c40a -> 2f96cd7ac1384aa23e8238df80ef8354
  custom:scripting/monoscript/fileName/UpdateReportDialog.cs: 706e7e86547c339cdb3a4462e3f7a54d -> 087837d8f73228f1a817d0de82c77260
  custom:scripting/monoscript/fileName/UnityMergeTree.cs: f81f2d7551ab855fe9dc724f3f2e2892 -> 59edaa0a4669bbcb540a261166adc144
  custom:scripting/monoscript/fileName/CycleMoveMenu.cs: 91c21a0be9b3727d7673f94321029c52 -> b3993a7306fc941f55ca963833965729
  custom:scripting/monoscript/fileName/HistoryListView.cs: 527da2d093462f1c4a278d6957e7d5ac -> 7b2d1d2c12ab43d9d244e35197127919
  custom:scripting/monoscript/fileName/ChangeTreeViewItem.cs: 506ed128854137d9f75f9e3d2576a06b -> b0a38ce0a620643c776a3db4fd91bc4c
  custom:scripting/monoscript/fileName/QuaternionEqualityComparer.cs: 1bf489e3042604f863689ba3c73f9e1b -> 0787e0a336d915c2829c2f55fd970a0d
  custom:scripting/monoscript/fileName/ITestAdaptor.cs: 2a73ddc53f1c7b5bf11396536f687ca4 -> 1f6228260995615097fc339d08bee2f4
  custom:scripting/monoscript/fileName/BringWindowToFront.cs: 88b20f2a2881db6a013f54923d68cdee -> a30c7c1ba746c6d277a5aedd3057d15e
  custom:scripting/monoscript/fileName/ShelvesViewMenu.cs: 947ea245959bf421539573511c3a0058 -> da5dc74b3444288f443961ecab7245d6
  custom:scripting/monoscript/fileName/ITestSuiteModifier.cs: 2c6fc66f35fdd1866881280ae909eaa5 -> 4374b14ce25f3e6c8b983b3d579e38b4
  custom:scripting/monoscript/fileName/LaunchCheckinConflictsDialog.cs: 4417eba1591eccb2221bfdce0106c1e0 -> e2c1e3f8f4e14a62e4363fe6259adbc2
  custom:scripting/monoscript/fileName/ParseArguments.cs: 03c1a4d7e357164ca313a0019713c3db -> ae915d9f5fe287ced40627c9ca8bfafd
  custom:scripting/monoscript/fileName/ExternalLink.cs: 685ff1dd6f55eb61a1fd8af84a2aa7f5 -> a8ff952d8c27d10f226ab92b7aa83b69
  custom:scripting/monoscript/fileName/WaitingSignInPanel.cs: 247680fcfc6a176b9fa28a3df600a754 -> 7585e1c7111b6b900784e6d1c9454258
  custom:scripting/monoscript/fileName/RemoteTestResultReciever.cs: 3396dcbdb7cfcd933b2182fbc1532e1a -> 
  custom:scripting/monoscript/fileName/OperationProgressData.cs: 0db72349eeecbe9449a517b1d79cc760 -> 15f68712baaea535af36d9e0333c0a6e
  custom:scripting/monoscript/fileName/ExitPlayMode.cs: 64d4ea6d596aecaf913f45e499564e88 -> f2eb63cb1a92bddb334eb5c2d75abc43
  custom:scripting/monoscript/fileName/IStateSerializer.cs: c5a3e7fac8482b2fe72d059b34fdea4b -> 2c22f7cb714163eee04bfe4b72ec4957
  custom:scripting/monoscript/fileName/UnityTestProtocolStarter.cs: d1e78341b65caa27eeb465ea61128aba -> e4b107bc354fd6dcbd62420da6500b7c
  custom:scripting/monoscript/fileName/RepositoriesListHeaderState.cs: c0353a1af15ae4fd3d5a2a3cac816423 -> fb71b961ab7c924511a6b0e8680b60ee
  custom:scripting/monoscript/fileName/ClientDiffTreeViewItem.cs: 56be9d3aa410e770e75de2d8b93be89d -> 43bdd7aa5bf1aa039a5b572c119c38d0
  custom:scripting/monoscript/fileName/CreateWorkspaceView.cs: c40bc4c8524ef3e2374ef997beb2e4a6 -> 9ae2295080d141c0f12d02a71014e11c
  custom:scripting/monoscript/fileName/CommandLineArguments.cs: 0d20ca25f94249586a7c1484c469d8a2 -> 48a62ad3f817c0269ea7fc4a53799594
  custom:scripting/monoscript/fileName/BuildActionTaskBase.cs: 8f6297df34271fdb1ce2d9607ec6261d -> 90647cc400823b41df847a6cbfc29026
  custom:scripting/monoscript/fileName/DownloadRepository.cs: 46fc68d9cc4da8e8ed765ff28b2dd438 -> 5bad8d3f76a3fcb41a94637e37c11ab0
  custom:scripting/monoscript/fileName/ParentWindow.cs: 2476d8a6ba9c3055f984ac9792cae61a -> d6aa079e592e01701c5baa3ab98898bc
  custom:scripting/monoscript/fileName/OperationParams.cs: 091a140b35535b91c773ddf98925322d -> 3312c7a4424a66ffbf2f88f056f329aa
  custom:scripting/monoscript/fileName/IEditModeTestYieldInstruction.cs: e4c6a749d843914165935ce080f657d8 -> ad49fb85f2d4ed0badb27552deac0771
  custom:scripting/monoscript/fileName/CachingTestListProvider.cs: cac67f32d723c8745a1f511390945781 -> bfcb79acce43a93633071168c814d063
  custom:scripting/monoscript/fileName/SignInWithEmailPanel.cs: a5823728eb62cf6dbd8c933c1cb26f53 -> 6e8957c0ed7609303e68389067e72d72
  custom:scripting/monoscript/fileName/UnityPlatformAttribute.cs: 05ff6a4a5828d32604e864a3b44f3fb8 -> e79555e200698f1b55c6c54851cd369e
  custom:scripting/monoscript/fileName/TestStarter.cs: e2d0587cebe915ea1c55ef726c6bd082 -> d1bc3fba65bb4735afc3828355ea6c72
  custom:scripting/monoscript/fileName/LaunchInstaller.cs: f9b7c99441bc32980ce9b95be066824b -> b75efdf5909b501e06cacd9c66f75981
  custom:scripting/monoscript/fileName/GetWindowIfOpened.cs: 84a2356c61155912908cf98a62600c22 -> fd8bfd1a9b371371ebbff48e377726f9
  custom:scripting/monoscript/fileName/TestPlayerBuildModifierAttribute.cs: e033609ef117a17dda08e3556f30bfa5 -> d4ffc53911ef24dec9dc901e0444a77b
  custom:scripting/monoscript/fileName/AvatarImages.cs: ea6dca998cf0ec5122553a9e010ef687 -> 3aa8c25a350843151ec4070c820c411a
  custom:scripting/monoscript/fileName/DrawUserIcon.cs: 2f65feb9bed897237f97fbf9c5479092 -> 7d5385bf780ae84e648a8b49f8fe0825
  custom:scripting/monoscript/fileName/ITestListCacheData.cs: 1c95486e8d67b5eedd3530759306c580 -> 09682e3e03141d9f43100cdaff3665eb
  custom:scripting/monoscript/fileName/TestListCacheData.cs: 1f5a847fa8b54233f179d3f9f5a719db -> 295232838ed90f85679b2d004562d59e
  custom:scripting/monoscript/fileName/TreeViewItemExtensions.cs: d22abf8de7a9ab0e852b869a652f100d -> 6849c47ffa8623d630ef12f76bd49905
  custom:scripting/monoscript/fileName/AssetStatus.cs: b9ea657347f2c22e8e401cdb256c516c -> e017010009bdb28bcb0d7d8ef05e7dd9
  custom:scripting/monoscript/fileName/BranchesListView.cs: 334a3fb302f855f71fb71520fb442a71 -> 3f5ed9fe5a1bca512014ae1600ee1666
  custom:scripting/monoscript/fileName/DrawGuiModeSwitcher.cs: 363adc150c5f1c5059a678f179906090 -> d3be34a3134d3fe80ef6b14d0d519128
  custom:scripting/monoscript/fileName/Is.cs: 0371baf7f4d4fda1df93e36baa3a7f7c -> 6922f89182cd28e32ba48e34cda7947d
  custom:scripting/monoscript/fileName/TestListGUIBase.cs: 3323ae02564bf80ecb144d790edf3454 -> a2b53f3d1923dc6fb3d7f4c9f9855104
  custom:scripting/monoscript/fileName/WindowResultUpdaterDataHolder.cs: e4b0333fa05c0f3ef2128a54294a2588 -> 2de8ba1615f5d28c30d54411d42e2524
  custom:scripting/monoscript/fileName/UnityMenuItem.cs: 5f445176ad3735e69769d93250663be7 -> 73f3c859f1b5092ad362c09e23b3a922
  custom:scripting/monoscript/fileName/WebRestApiClient.cs: 8ab6ae74a3793a3375cc48f328048a82 -> 746756fd499dddd02a4e7ccdbac48be3
  custom:scripting/monoscript/fileName/PlayerConnectionMessageIds.cs: a896cc1ebb022b48f652641f623e4c5c -> 2e4b7265f0eeb40e1260d00fe6e4614e
  custom:scripting/monoscript/fileName/ShelveListViewItem.cs: a37862556d04b25f75804d991e109d87 -> 373418f0ae11fc25a26ff7fe4f472006
  custom:scripting/monoscript/fileName/OpenPlasticProjectSettings.cs: 5a86fd454f7c9f74b62653e269818d3f -> 
  custom:scripting/monoscript/fileName/RemoteTestResultDataWithTestData.cs: 21f6a5ed6216bf99941b16dfe0613ec5 -> bcf701fb298ed6f8cab894b203300c37
  custom:scripting/monoscript/fileName/SwitchPlatformSetup.cs: 86e207190212b6666c14096ec0beb845 -> 576de741bbd585688af4b8aaf70f0708
  custom:scripting/monoscript/fileName/PendingChangesOptionsFoldout.cs: 2a2f5a0ba87bd75c4475236a9a012016 -> f9e651bcc5d4441496c88ab59a32f360
  custom:scripting/monoscript/fileName/IncomingChangesTreeView.cs: d8c19bc81b07c04d7721396d2821d297 -> 96479648d4498738733254eb4e4c6fb5
  custom:scripting/monoscript/fileName/GenericProgress.cs: 11287c7d038c487f32d0c8edc476a32d -> 8492ec26f01fc248d3eb3c2f5b3b6c0f
  custom:scripting/monoscript/fileName/ShelvesListView.cs: 0763e4076b11a683fa148282680085c0 -> 01c1f087b2f83b458da6b8ad18736606
  custom:scripting/monoscript/fileName/MergeCategoryTreeViewItem.cs: c1ecd9dc0cd73eb7eb129994dedc1a91 -> 6bd59fcbfeafe06987a54631991d755b
  custom:scripting/monoscript/fileName/CheckinDialog.cs: 1709b78fae1329cc05fd4f39334b25f5 -> 702fdb8d0a3b4bfcb9ba109e71325cad
  custom:scripting/monoscript/fileName/SortOrderComparer.cs: 8f6297df34271fdb1ce2d9607ec6261d -> 90647cc400823b41df847a6cbfc29026
  custom:scripting/monoscript/fileName/GUIActionRunner.cs: 69af7de0762ed6d085feb4cc4b5101b3 -> 4a0608de635b0d82868d57923d68eff7
  custom:scripting/monoscript/fileName/PlasticMenuItem.cs: 30c3a785b4c2607e2ae9aad693d5f604 -> 
  custom:scripting/monoscript/fileName/PendingChangesTreeView.cs: f3722f38014385705913f17dbe0f90c1 -> 17142d220a0a50a3f3d184c4718a0da7
  custom:scripting/monoscript/fileName/TestJobData.cs: 45c2452d3aa545742dc2b57ad55fa794 -> b5764cc21ae3016cae3c4ce5053458f7
  custom:scripting/monoscript/fileName/VCSPlugin.cs: 69c1b7249af35f35848ae707bd5e7113 -> 
  custom:scripting/monoscript/fileName/RuntimeTestRunnerFilter.cs: 230571a0569274dbd5e47e4595a3be33 -> 526247a6af82c71973a55c9c5be36280
  custom:scripting/monoscript/fileName/GetClientDiffInfos.cs: 4ae14b15e2cf5177a84735548a44cdc9 -> f8db8e637ded2d5e935a953a13b85ebe
  custom:scripting/monoscript/fileName/DrawActionButtonWithMenu.cs: d7f31944358aed2f3ed3982246fca039 -> 8d4f5edd02a1dd0f38c4f2baf5ee8a33
  custom:scripting/monoscript/fileName/ITestSettings.cs: 608b72c12786bbdd128c096353cc10e2 -> 7d6676128f469c2eefb2813ec592ab4f
  custom:scripting/monoscript/fileName/ErrorListViewItem.cs: 9bf59c82e9c9992a012a3eb2b6c2bfe5 -> 509edc26860f8be303ec97d68aabc30d
  custom:scripting/monoscript/fileName/RemoteTestResultSender.cs: 570055716108540c9c34e71343ce0f03 -> 2b6acbe484994dc310d0ac406904e742
  custom:container-muxer-webm: aa71ff27fc2769a1b78a27578f13a17b -> 
  custom:scripting/monoscript/fileName/AttributeFinderBase.cs: b09010f5776af2a4f3460127027ca105 -> 7e104530f871143fdb60a169114dd663
  custom:scripting/monoscript/fileName/EditorProgressControls.cs: b1f133fa38afd918d537a72574fc93a0 -> 2e606eb01a6e6a567f3de9a0379ed3ae
  custom:scripting/monoscript/fileName/PlaymodeLauncher.cs: 3a6fe823ef85e4189eb7e25bbb98798f -> 981dc587e53c0f0d21b816af7469156c
  custom:scripting/monoscript/fileName/BranchesListHeaderState.cs: d47f1164fa7093137db851c4c16ffba3 -> 82eab21603f4efc696334ee80641c2c9
  custom:scripting/monoscript/fileName/ExitCallbacksDataHolder.cs: 2a73f9623aa81becb5d8d11a43747b12 -> 
  custom:scripting/monoscript/fileName/DrawSearchField.cs: b11b864a92c7d76f85d4ec87d6faf61c -> 3de70beba9f4447205d50241d95b066a
  custom:scripting/monoscript/fileName/PendingChangesTab.cs: c99065f3c85ec85c85ece2a1a30665af -> 15ae6787065f4af65778e981f418a60b
  custom:scripting/monoscript/fileName/TestAdaptorFactory.cs: ac39772b57c14123c1a057d315d0217c -> b9e4d12260befcd688940e2c80db8ee8
  custom:scripting/monoscript/fileName/IEnumerableTestMethodCommand.cs: e89b2da6fd5c9e148c3a0687c618f62e -> 81260787415c187c9e413e476b816cd2
  custom:scripting/monoscript/fileName/MergeTreeHeaderState.cs: d266e9dd03ced7ec66ad3688e5f18f26 -> 6293ca7f65e9641fcbe12100e705a990
  custom:scripting/monoscript/fileName/BuildGetEventExtraInfoFunction.cs: 1308a6936e8051866a117b3b7c2c7b77 -> 74bfc8c01f931108a3c2b127aa04cc8d
  custom:scripting/monoscript/fileName/ShelvesTab.cs: 88e0da7511313c57d3f51ba183c4d3fc -> fca0a219bdad45e636bd34724e5dc89d
  custom:video-decoder-webm-vp8: 9c59270c3fd7afecdb556c50c9e8de78 -> 
  custom:scripting/monoscript/fileName/AssetsDatabaseHelper.cs: 3deb384d73768aa5a87c1835c3d7553a -> e690d63c7b932a5efaeaf8c476198e75
  custom:scripting/monoscript/fileName/WelcomeView.cs: 07e35bfe1faa2c52c049eb30958acd54 -> f06c185659ea2f4a75f9397861dc6096
  custom:scripting/monoscript/fileName/DeleteMoveMenu.cs: 39c593e854a9a8ae0e6d34ceb587fce1 -> 4d026cbabd8105e38661f97da078042a
  custom:scripting/monoscript/fileName/PlasticApp.cs: c440a0fb380601a77ad475d6c15d4fa1 -> c57de230d90beac7b586f10b9c7c6cb5
  custom:scripting/monoscript/fileName/PerformUndoTask.cs: a88080dc60788c59917e5a5da2beea27 -> f38e53873dc9c7e638622dda18102b41
  custom:scripting/monoscript/fileName/ChangesetsTab.cs: ef408d8aaf89e01b17643ed0c836680d -> 46dde8f7856048792ad2e75490bb8c5e
  custom:scripting/monoscript/fileName/DeleteBranchDialog.cs: efbbc070bfeda2b746e8b15a4380cb26 -> 8549b0fc52962c89115fd78724fee578
  custom:scripting/monoscript/fileName/IncomingChangesNotification.cs: d7ac4b8f9ea939309b8ceb7f729100a2 -> caa8ea2c7336b9227381f0971759e01a
  custom:scripting/monoscript/fileName/DrawTreeViewEmptyState.cs: d4c16fd6aad8161eda7d99fd74cbb08e -> 
  custom:scripting/monoscript/fileName/ErrorsListView.cs: cc3142391037796392fcd3fe860891dd -> cd35171982f17897dd5148dda46e0956
  custom:scripting/monoscript/fileName/UnityPendingChangesTree.cs: fd6f0a038401268983bd9328d10dec93 -> f391d9a00dc9e202cee4d4ebcf6d21c0
  custom:scripting/monoscript/fileName/RuntimeTestLauncherBase.cs: 545e0e1c1701551e51a349e0cfbf7e09 -> 9c570bd0d91da3e5211e4436ad92314b
  custom:scripting/monoscript/fileName/TestActionCommand.cs: 9d9a215c413c4354b3d31801a3312f5a -> 753f99c04dd69dc2a43030237870dd1f
  custom:scripting/monoscript/fileName/ClientConfiguration.cs: 5f5e47bfb7cedc7420d7e59c6d7ae6f0 -> 01b18b09a6dbb3756e1f42a5b64aab0f
  custom:scripting/monoscript/fileName/AssetVcsOperations.cs: 50ee89e011ba3d800b4e7a9a24aca7e1 -> 
  custom:scripting/monoscript/fileName/BaseDelegator.cs: 39f1c059498e3e1e37d5e631bbc24cc7 -> d270baecbc007d1328bc5c9991d1dea9
  custom:scripting/monoscript/fileName/TestRunCallbackListener.cs: 6d0e8c714fa72bff0fe809d3fbb8d587 -> 15fa13086a2949901b1e4a3584b83cd8
  custom:scripting/monoscript/fileName/IOuterUnityTestAction.cs: 1f62717facda0b560b4af9da3d21fc98 -> 58e7f8b884a5d88e319b8f448f29bfdb
  custom:scripting/monoscript/fileName/TestSettings.cs: df291dfe8fbaf1e1f1d4ae4925c14a92 -> d583ccee803a035f2d53ba29374aac19
  custom:scripting/monoscript/fileName/SynchronousFilter.cs: fb46e705a687283ca79c6357a2f78760 -> b84da53d6d10348793b3683f19a6d4b3
  custom:scripting/monoscript/fileName/PlasticDialog.cs: b0aae1bf1889af041741f324070b7b84 -> 63a17a2b696bc2a13c9046aa16f8cea4
  custom:scripting/monoscript/fileName/LegacyEditModeRunTask.cs: 2b5f09ef7f63773ca676d71969800516 -> 
  custom:SearchIndexIgnoredProperties: e643bd26f0fe6173181afceb89e7c659 -> 
  custom:scripting/monoscript/fileName/AutoRefresh.cs: 9d30d5d3f0e8985355be1ab597da1dbb -> 0a8afde180a876655ad16caa14493409
  custom:scripting/monoscript/fileName/PlasticPluginIsEnabledPreference.cs: 7953272c37f4a828a3d1096e7479f346 -> 
  custom:scripting/monoscript/fileName/GetRelativePath.cs: 9b16eb2de9e98b392077181cc34243c1 -> ab04ae5e0cafb93ebf5c96148bb52df0
  custom:scripting/monoscript/fileName/UnityEvents.cs: 253411328de37811883aded592b97268 -> c830e584565fcd66ca0d5a23ad8b9bd6
  custom:AudioImporter_EditorPlatform: d09bf68614088b80899f8185d706f6e7 -> 
  custom:scripting/monoscript/fileName/DeleteChangeMenu.cs: 540c783b689e4d6a4a383862455d5d39 -> bfa368dc06e11abcc107d6f80c7c19c5
  custom:scripting/monoscript/fileName/PlayerLauncherTestRunSettings.cs: 5d2b9db2556b475d527662dfc40538f1 -> ac04d6a6a9c6380f318071a2f4da8a2f
  custom:scripting/monoscript/fileName/SelectNewCodeReviewBehavior.cs: df6e8e132199ea6ec467c9bced11011d -> a16edf3a8c3e5ac26863e890f68fd937
  custom:scripting/monoscript/fileName/DockEditorWindow.cs: 581124d5e19667105f2446d6dfbf7982 -> a9e5e467234133af999283610b6e84e6
  custom:scripting/monoscript/fileName/ActionDelegator.cs: 0b37ded58104f18659a880de95881951 -> f2eb6c2fd33630cfdd6d3183b4a2ca3f
  custom:scripting/monoscript/fileName/ITestRunnerApiMapper.cs: 864c8f6cc3985f3365e8b5f02afeb230 -> 337d02b691c8103d2eedc6b52f4f76ab
  custom:scripting/monoscript/fileName/RerunCallbackInitializer.cs: a2ca4a4e4bb070fd30ec377e61ed66cb -> 
  custom:scripting/monoscript/fileName/ICallbacks.cs: e6fb4966887be0b97bef44d92d561a69 -> a9c5fd289272fce7e09c7f3e5f11b8a0
  custom:scripting/monoscript/fileName/ProjectPackages.cs: e247c98bd45807b228765f9a94d82145 -> 9e9e13e39b2e9718b602503b87245c18
  custom:scripting/monoscript/fileName/IEditorLoadedTestAssemblyProvider.cs: 0be7fc5fa38a5453fe58cce555760ed4 -> cbb3f715010afa8cd4f0f40294bb78ba
  custom:scripting/monoscript/fileName/BranchesSelection.cs: 7eb1fcb556f0fad697e4ec9d989be099 -> 33b36e7b03910960966036894ec90c7c
  custom:scripting/monoscript/fileName/TestListProvider.cs: 58a05dfe9100cc52adea57fc4a0b6c62 -> f8235933605b6a025c9638df0194bf97
  custom:scripting/monoscript/fileName/SaveAction.cs: b68fbb4319dbb368959c40781b39fdf8 -> 27c387bb58f3a69b0c9ff60d2209e18f
  custom:scripting/monoscript/fileName/AutoConfig.cs: 6c4e7f9dc55323aa1299debfe9723aa6 -> bf4bbd2f2e752464ef51dbf102faed17
  custom:scripting/monoscript/fileName/InvalidSignatureException.cs: 293ad969d76fdecf7dc5f86949047e54 -> f250eccc836ee674127ecdee41f7a4ea
  custom:scripting/monoscript/fileName/UnitySetUpAttribute.cs: 4ed69b5a4764c67bceaa6f04d0d8776f -> 78bcd37bf54751e70200df4ae24f405b
  custom:scripting/monoscript/fileName/DiffPanel.cs: 02288a38bd14cc2b52a25b302a6f154e -> 210366dab3631628227b9406f87a9b7f
  custom:scripting/monoscript/fileName/PlasticAssetsProcessor.cs: ff731c8aacf4a537dc74c7cf9eaeaed0 -> 
  custom:scripting/monoscript/fileName/PlayModeRunnerCallback.cs: 10f699e46ae6f3eea3e1c18bf2bc25ed -> 6cd874bc3032a6eaf4228f5877b27ba0
  custom:scripting/monoscript/fileName/DrawActionToolbar.cs: 52293cb82089e0370f52e257f41c0869 -> e05748a99799f26304c1bbafd90f703b
  custom:scripting/monoscript/fileName/TreeViewItemIds.cs: 7d654a2b5b3a10da3e7d8472196e96d1 -> 0cdf409b5aa8d4c25876d72b5c6a3b60
  custom:scripting/monoscript/fileName/EditorVersion.cs: 70953c9eccf7726f70c672a9a51619e9 -> 698aba075b19a52a056d67a7b809d179
  custom:scripting/monoscript/fileName/TeamEditionConfigurationWindow.cs: d06f049421c16e5927ec29f770917e09 -> e53b1ca5561894aaeff930afb696d001
  custom:scripting/monoscript/fileName/ProgressOperationHandler.cs: 5fbb4e0f656dcfaa4498bd2e492e4710 -> ec62666c0ca1649dd33cc6bc6834c6f7
  custom:scripting/monoscript/fileName/UnityPlasticTimer.cs: 961fdb6492c99b4a3eadbed28e78c4b0 -> 6c887e722e951c2964523825cad70c4c
  custom:scripting/monoscript/fileName/TreeHeaderColumns.cs: 9fc4a0396a421346b8aa3b7788860851 -> 316e5ea62e66b20fd6e687a6b9e5958e
  custom:scripting/monoscript/fileName/MergeOptionsDialog.cs: 25ac62df73845405e13f44e4dfdcf0d1 -> 9250ce23d260ab84f87bd5899c6cf983
  custom:scripting/monoscript/fileName/AssetFilesFilterPatternsMenuBuilder.cs: 8fe5de6e5dc3d42fb7e95de2aaedbf5a -> 0d99e7514c6a33cda8314deed8f34bc5
  custom:scripting/monoscript/fileName/ICallbacksDelegator.cs: 3824b8185f5cd32ad0de995dbcedd1e3 -> 2bfa822de05a601b9fbe2f79d4d317c0
  custom:scripting/monoscript/fileName/MergeTreeView.cs: 143a828a1a236483d3cdc1d010ce9d51 -> 3feb38cec50d3fc7576ddbf07a9a9ce8
  custom:scripting/monoscript/fileName/TestAdaptor.cs: 8d757a7cd1f19e6976312b3b884a590f -> 486cec8559bad7c56adc699f165feb67
  custom:scripting/monoscript/fileName/PlasticNotification.cs: 3629fdff9f054b2013702f5b131b2c47 -> 
  custom:scripting/monoscript/fileName/TestStartedMessage.cs: f3c1a94a591f54531913c8a032d9a4b8 -> ac38229ae4e3c67de75cf9d77c73b95e
  custom:scripting/monoscript/fileName/CallbacksDelegator.cs: c76e06d7a0a6084464f55a923795d8df -> e0dcdade48f633c0a7cebc925bd686c4
  custom:scripting/monoscript/fileName/ConfirmContinueWithPendingChangesDialog.cs: c0e147ff008a0b77c9337132a3ea70af -> 77462b1904ad8f6fee2f8da4523d59fe
  custom:scripting/monoscript/fileName/ShelvesListHeaderState.cs: d3cea237aa496a145829475430d90f29 -> 287f23cbe09ecb9b28ec8dd05ede8846
  custom:scripting/monoscript/fileName/ChangelistTreeViewItem.cs: a4a6f6169cdb3afe249e104e2b7b1a2c -> 87f69636be8bd1a264ec4eac1bffa701
  custom:scripting/monoscript/fileName/PlayerLauncherBuildOptions.cs: 1155187d1390024c0e84b222b67c4059 -> 39352f62028667e3cc8d13371f828f55
  custom:scripting/monoscript/fileName/CollabPlugin.cs: bda741ff77a19affbf276298e29313ec -> ca276d65e7cd77c5c99d9f119ffdb215
  custom:scripting/monoscript/fileName/TabButton.cs: 757146b89ed597b1d75c77241e5d5f63 -> 
  custom:scripting/monoscript/fileName/RegisterFilesForCleanupVerificationTask.cs: 89d04f0389116a1354de9cde88045aa7 -> f18fd2d946c9ea52b8232f47d6d70221
  custom:scripting/monoscript/fileName/LaunchTool.cs: 3ac53c8af1f56365aad9e1ae5366d98d -> 60773d78646dc188d4b2caca77f20b17
  custom:scripting/monoscript/fileName/RunModal.cs: 33b931100ee477e6812324eabaa2e837 -> c83ee2ef642c5d8b8dfd32f033bfc438
  custom:scripting/monoscript/fileName/TestRunnerStateSerializer.cs: 68058e60ab6d5d33b7935f4205c97bb2 -> 7206f4f1eb4c5991ea76b5c39830dba4
  custom:scripting/monoscript/fileName/BranchListViewItem.cs: 8fdaa5aa842f5a70237affa304b9d506 -> 55028f4aef24d6227589aaa95582b2ff
  custom:scripting/monoscript/fileName/LogEvent.cs: a1178cf4bd49345a2f924044f341effd -> 9bf386b9808c16608387e196f7a5e9d6
  custom:scripting/monoscript/fileName/GetAvatar.cs: 07c98163f75f0b7c672bd453fc82bf61 -> 04ffae2a9e5a4c32a119f93144f558d2
  custom:scripting/monoscript/fileName/PlaymodeTestsController.cs: 7726dd936e1c608c494987ba2754eb47 -> 59c9d4597d46ecf4c6fbc8f49c64d0b9
  custom:scripting/monoscript/fileName/MoveAddMenu.cs: 81d47caeb9f49803adfe1627c8ce5bf4 -> 1fbfab870b2e95fdd8a81f6019f764df
  custom:scripting/monoscript/fileName/FindTool.cs: fc3b0710b24078288fe829d0bb041dd0 -> 2f9d82566cfb01fb68fc30111fb47624
  custom:scripting/monoscript/fileName/ChannelCertificateUiImpl.cs: 75d7831ab5da75cc0082e28863abb142 -> cefccf1e13b7bcf15e3c9f2dd4cd2fc8
  custom:scripting/monoscript/fileName/ApplyCircleMask.cs: 02eb67e485278e7c9b719fee5ff90f4a -> b955b378d261fdcbd6272fe8711d1e4f
  custom:scripting/monoscript/fileName/TestListTreeViewGUI.cs: 5d4e7ac9fc0c5382f19d49599ef6cbd8 -> bf873c97e960a33b0be65a5b638e7ff5
  custom:scripting/monoscript/fileName/TestJobRunner.cs: e4deb98063838e020557c338e0bd4ebb -> 1c3d9f2bfcdac33a01c4bb25c392ab4f
  custom:scripting/monoscript/fileName/TestRunnerCallback.cs: 61231fce5590e38bfc5e9165e9803d8b -> 
  custom:scripting/monoscript/fileName/AssetMenuOperations.cs: 131bfc7279b97eba576abe13a47f8f91 -> ebcce67603e288b4a84d49287db6ef5a
  custom:scripting/monoscript/fileName/ShelveAndSwitchOptionsFoldout.cs: 676902ec49ff9c5abb2a832f067966e8 -> e7b216a23869eafb9aecd00a8905fafa
  custom:scripting/monoscript/fileName/VisualElementExtensions.cs: cd98f4a51563fccdfc39eed097290325 -> 0aad2728225c469038631668406aebb3
  custom:scripting/monoscript/fileName/FailCommand.cs: fba5f7b9c1e8d00f41e9076aac4a1d8d -> e0622be95cb9f4c04ff53066589d6d7e
  custom:scripting/monoscript/fileName/LocksSelector.cs: 70b046a562568fd78d093736e68a3a58 -> 7b0f4fc5552c1d92ba7f4648526ceb21
  custom:scripting/monoscript/fileName/ListViewItemIds.cs: 8f6297df34271fdb1ce2d9607ec6261d -> 90647cc400823b41df847a6cbfc29026
  custom:scripting/monoscript/fileName/CreateWorkspaceViewState.cs: 1deb37b3c17c224d9a7dca9c990ea191 -> 0fe23b7cca9336b31a27790c714de652
  custom:scripting/monoscript/fileName/MergeLinkListViewItem.cs: ebc1e6f9e3a3005d8f4c51a794adfdaa -> 3fa407d29597803190dd374d88ed170d
  custom:scripting/monoscript/fileName/DrawCommentTextArea.cs: ad5449f632fd412ac0f7ba0d171fd453 -> c58c26552f95f108a8d9610eaf001fbc
  custom:scripting/monoscript/fileName/TestRunnerApi.cs: b582e8d89da1ce04ff5e8605fa1b5a2e -> b5c17af6fa247dfc791b512a209021d3
  custom:scripting/monoscript/fileName/ErrorsListHeaderState.cs: 9141660c9776c5dac5f980fd03a672a8 -> b961336a4a43551eb826f97c57673007
  custom:scripting/monoscript/fileName/MergeViewDirectoryConflictMenu.cs: d45972e8b5f74223c607a4daa895ff3d -> fad8e1937fc14fd75ca21a68ee1037b8
  custom:scripting/monoscript/fileName/RefreshAsset.cs: 4479d2949a66a97f66d1e550067f3767 -> 5a15c606785f1f54a697bb0d0d846dfb
  custom:scripting/monoscript/fileName/IUtpMessageReporter.cs: 02b26b8c414970dd7d96e6dcfbe9a861 -> e8e6a62b6032a5642706a62156dd8314
  custom:scripting/monoscript/fileName/BoolSetting.cs: d67f952c3a5976591f3e9a9e7356bbab -> 12bf039ccd38b0f4ccfffbec3cbbf108
  custom:scripting/monoscript/fileName/IErrorCallbacks.cs: 525b2a3e515b976057d42e4abfcec602 -> fd7a49712e8a919d38dd0fddef8872df
  custom:scripting/monoscript/fileName/IScriptingRuntimeProxy.cs: 207c12828ef43f5ca31b3bcec485e9f7 -> c75af2a6ef439df9f19f151aeb5749ea
  custom:scripting/monoscript/fileName/ExitCallbacks.cs: 716173503afdef0ae4c4023adba1972e -> 
  custom:scripting/monoscript/fileName/CreateChangelistDialog.cs: 774371d4233cc1d394d98dc80507a1f8 -> 386b03e27c951c5f1d63daf7aae486ca
  custom:scripting/monoscript/fileName/ImmediateEnumerableCommand.cs: e79fd27a9b7f6505ae6a4aa7c72274db -> 89dd27d23dccf969b99d79611e8fed9a
  custom:scripting/monoscript/fileName/ApplePlatformSetup.cs: 4b442da1fea709240aeaf74bde720d3c -> 0ceeffeb4378c50fe08ff9b5d16a73f3
  custom:scripting/monoscript/fileName/HistoryListViewMenu.cs: 15a489e494f04a7ea37a587c7601070e -> 29770348599c8d5473b78d72e5741b40
  custom:scripting/monoscript/fileName/MergeViewFileConflictMenu.cs: d7362b83d6b320a0f0ceaf99dbe21727 -> 8fc0f292158abfa71c2c7b3b6f38d32a
  custom:scripting/monoscript/fileName/FilterRulesConfirmationDialog.cs: 5186d89f21d03764f0cca01c2a0122d7 -> 9c91c6c91f20e6d013a753f32343b327
  custom:scripting/monoscript/fileName/LogAssert.cs: 8c30e2367a22f747fb9a538551ddb198 -> 195ab501c85f741ece9ac8b49385dcce
  custom:scripting/monoscript/fileName/ChangesetsSelection.cs: d154d1782ed752b83834c54a0bde3df9 -> 8b9d539af9f7e269bac4e3d79e9ffab8
  custom:scripting/monoscript/fileName/ITestListProvider.cs: 4f1a13a1dbecabb9f7515cef8fe120ff -> 0169c532d74787e64cd4163cd55d4572
  custom:scripting/monoscript/fileName/AssetPostprocessor.cs: 96208057b904410715a8df295ba4f8f4 -> 
  custom:scripting/monoscript/fileName/AllocatingGCMemoryConstraint.cs: 2542b507c3de77a99c0db5c1357ffb65 -> 8b2ed7fbfb529ba318fb8425f7a81278
  custom:scripting/monoscript/fileName/LegacyPlayModeRunTask.cs: 8a159c990fea520d0af36b86d243e79e -> 
  custom:scripting/monoscript/fileName/IsResolved.cs: 67a72533af97b9ab7830798057ab806c -> f54a3e2c5134aa4306f9ad150b1911a9
  custom:scripting/monoscript/fileName/TestCommandBuilder.cs: 7c013615052dfed5e39b8bb914f01cb8 -> bf61faf29c0aea0c4e5d4ac76abaee13
  custom:scripting/monoscript/fileName/LocalStatusCache.cs: a558fcf5f34357bab4cfc7b75e2bb356 -> 30974ea30517fbfd1b93153f6c849a76
  custom:scripting/monoscript/fileName/ITestResultAdaptor.cs: 8d865eb70a8464f5288b9274d9abc979 -> bb9e1bbb2ff45e5a5f11e877a24721d7
  custom:scripting/monoscript/fileName/RepositoryExplorerDialog.cs: 143e7416b576681e1f2ea71288e530e6 -> eea34924da79ad7254f3e141a891c78d
  custom:scripting/monoscript/fileName/Vector2ComparerWithEqualsOperator.cs: b6f6b1f33f1b74ed974042f5e0303f0d -> 1851f392f974d4a42efb0de68a402e9b
  custom:scripting/monoscript/fileName/TestFinishedMessage.cs: 90745d8bb0dd1bfeebb724d118b2d483 -> ccd3538dc4059cd71acd9bfea48dbc80
  custom:scripting/monoscript/fileName/BeforeAfterTestCommandBase.cs: 8f6297df34271fdb1ce2d9607ec6261d -> 90647cc400823b41df847a6cbfc29026
  custom:scripting/monoscript/fileName/Vector2EqualityComparer.cs: c680a095e66b9bf90931050b8b145b65 -> 4ac8b0db10bbdb7ea68d4be944c5b941
  custom:scripting/monoscript/fileName/ITestTreeRebuildCallbacks.cs: c7090567546723c1f0a184a18f5ac1fe -> f952713f83d574a58f719696be7e52a3
  custom:scripting/monoscript/fileName/FileCleanupVerifierTaskBase.cs: 50c4fc5e4ffaa31cb467fc75616b7129 -> 8c0e90b329ac988e22429767c222f3c6
  custom:scripting/monoscript/fileName/UwpPlatformSetup.cs: c89362d564a60469ebbb75e8e12d340a -> b9f50f93de5f547a7eaf96f1bc58a80f
  custom:scripting/monoscript/fileName/WorkspaceWindow.cs: ff52e13cd29dacd66db0169e14f71a23 -> b042f06133312d3bfed176231d97d77c
  custom:scripting/monoscript/fileName/BranchesTab_Operations.cs: 764cb17e9337c58ad4f5304b60b2042e -> 57c33f76c527a5aba4d269245ffff188
  custom:scripting/monoscript/fileName/DiffAndMergeOptionsFoldout.cs: 080cbf9242c0571bafa2e45ef8932448 -> 2810bae564e92b04bc7ebe4e47a2880b
  custom:scripting/monoscript/fileName/PlasticShutdown.cs: a8df8eeeed98372d06e446171a192a6d -> 
  custom:scripting/monoscript/fileName/FilesFilterPatternsMenuBuilder.cs: 28072cd275c96994687e6d4d0d6e1dff -> cf716a8d336c8113475a9ca67a799ec1
  custom:scripting/monoscript/fileName/TestRunnerWindow.cs: beab6dc6591535c1b37ec310f1e15af0 -> 156fc89bab7bdd82ca70e07c9aa9ebbd
  custom:scripting/monoscript/fileName/HistoryListViewItem.cs: 2d3b1fc954b6bdbae298ec250ade0663 -> 96f2b67ec620b83e35d13f11877e1ac1
  custom:scripting/monoscript/fileName/RemoteStatusCache.cs: 00463e6b90cfe7da080d7c266f783980 -> 402d5663f3675e9324c129274b0c00f2
  custom:scripting/monoscript/fileName/EditorWindowFocus.cs: 1012e4e2e29e9b29bdcc03d8b92762a8 -> f258b0cf85078a7435d001e522d5e8e3
  custom:scripting/monoscript/fileName/EnumExtensions.cs: dbfa4dc82972125e904bf705c452c1b9 -> cda0742409c4e8ba02ffb7d89dff3e4b
  custom:scripting/monoscript/fileName/ColorEqualityComparer.cs: 9c477fa3f8fc3439b732377dad0e7a34 -> 9ae684bc4a6b608abc9f7f131bd7cb1d
  custom:scripting/monoscript/fileName/NewIncomingChanges.cs: fc48261878ef7e4b956e7172f5803aee -> 
  custom:scripting/monoscript/fileName/IAsyncTestAssemblyBuilder.cs: f88864ba85e2ec28df36a1a7af1974da -> d4bd9849c11964145b1082a4b1d477fa
  custom:scripting/monoscript/fileName/IsExeVersion.cs: 093723a3ef9cbad630dfdc60c764eff0 -> 9ef63354090e3419637bfe79e3489687
  custom:video-encoder-webm-vp8: eb34c28f22e8b96e1ab97ce403110664 -> 
  custom:scripting/monoscript/fileName/UnityIncomingChangesTree.cs: f774bb8bf0bd45a254894c795843c695 -> 42967773c43d3de5d23be4ddc6dfd9c4
  custom:scripting/monoscript/fileName/RunData.cs: 91eb6697698b63fe6764d1aca25f1f65 -> 772bee3d6504258eed6027a2ae076850
  custom:scripting/monoscript/fileName/ResultsSavingCallbacks.cs: aaf02a1e7a92c3896802c1deb489aa0f -> 96b4b28711ac58ce3dc199f3f7371922
  custom:scripting/monoscript/fileName/RerunCallbackData.cs: 4e0f854372c4476a9269ddc9aa7c8edb -> 
  custom:scripting/monoscript/fileName/UnityDiffTree.cs: 447fc3a8922f56330f4bae8c9dc9a8be -> 1029ffd567bc0e646e6b119719dcb2ff
  custom:scripting/monoscript/fileName/TreeHeaderSettings.cs: 114eb9e27124403e8e111494b8eaf987 -> 662b1714c0fce36da72bbfe60201987a
  custom:scripting/monoscript/fileName/PostbuildCleanupAttributeFinder.cs: 23c3a89f1d3b5b5defeaa7555afa30b6 -> a060814a414a9bab17671800d815861d
  custom:scripting/monoscript/fileName/UnityConstants.cs: 323df5e3c80d05e06517581c776fde34 -> e3d3c3e11a194da9e5bbbfb97087a7bd
  custom:scripting/monoscript/fileName/IsExeAvailable.cs: 3e4283303610c884e542b8f6d3e922d4 -> 4a3dbc5ded94087064afd97407f26631
  custom:scripting/monoscript/fileName/LoadedTwiceMenu.cs: 961f9b82936caa7937046ac23d323c2c -> b54aa2e14eb740621bb6f926af7cb8ef
  custom:scripting/monoscript/fileName/IRemoteTestResultDataFactory.cs: c24506e6d6305475bf6a430f77ac582f -> 75d430448dca0118dc834f9aa964be1e
  custom:scripting/monoscript/fileName/TestRunnerUIFilter.cs: d43f81399e97649a77164015894ec5cc -> 15cddad256d0a7abe9cb58af110bbb72
  custom:scripting/monoscript/fileName/AutoLogin.cs: e67ed70aada38469aeb667115929c368 -> b4cb98371fc38cca00d7123b7e649e12
  custom:scripting/monoscript/fileName/DrawMergeOverview.cs: 1db93bf179b38015949e3a3cb6ef1bd3 -> 49e0e525c3c170f79c20dc6779b7ead8
  custom:audio-decoder-ogg-vorbis: bf7c407c2cedff20999df2af8eb42d56 -> 
  custom:scripting/monoscript/fileName/UpdateReportLineListViewItem.cs: a101f0ba5292fc139445870b3f4af838 -> 9f63395e1ea590dbbab4d59cd0032ac4
  custom:scripting/monoscript/fileName/DrawSplitter.cs: ec7e8739eacabcca3e2946d9833eea0f -> d2f114a8e8e4167f7762d835a83b2f55
  custom:scripting/monoscript/fileName/IAssemblyLoadProxy.cs: df5d93b09382b84c770bb8c70be641c2 -> 10a2bd4f9f1d29ac107ff7e510533c16
  custom:scripting/monoscript/fileName/LaunchDependenciesDialog.cs: e1c527862a66e73f0417ae177d7fdfb5 -> 2cabf22eb95430074b6c730a84e03493
  custom:scripting/monoscript/fileName/EditModeLauncher.cs: 9a2b5bcdc6140673378e5f8105411606 -> 
  custom:scripting/monoscript/fileName/CredentialsResponse.cs: 96b135ae1c4ea541dc762170ea524fa9 -> 3dd2507693e56dac75ee7783f598cbb9
  custom:scripting/monoscript/fileName/GuiHelper.cs: ce709a7d3615bce262722b2ac52d710b -> 7bbb51d455f8994ae6185c7dee04068a
  custom:scripting/monoscript/fileName/LaunchDiffOperations.cs: aeae601320588a70eea7590a2f7e0f69 -> 871a0804a9fe2d9f2ad088303a89a63e
  custom:scripting/monoscript/fileName/PlasticSplitterGUILayout.cs: 111849f67dfbfea65ad2a9298ad1654d -> 
  custom:scripting/monoscript/fileName/TestFilterSettings.cs: 5275be823d4854688aedadf9bf48dfa8 -> 
  custom:scripting/monoscript/fileName/PlaymodeTestsControllerSettings.cs: e4d6c3f42e8f4d17c80242b34c68fd06 -> 90cec9ec9d50d9e797d7b80fa88b49ed
  custom:scripting/monoscript/fileName/CheckinDialogOperations.cs: 0b2a2cd4c41cf1865a29cf91b2a96a48 -> d032d69e8060311c06b88286e8f22ddd
  custom:scripting/monoscript/fileName/StacktraceFilter.cs: 0a3b08d5dc42e75c1d72e2851ec00d95 -> 2f4728b5b8f653bd2197ec8c4b722e7d
  custom:scripting/monoscript/fileName/PendingChangesViewMenu.cs: 68fab310addfd7068cfd7920070496ff -> 9b0019b6df6bb14eb3a2dbafa53fb54b
  custom:scripting/monoscript/fileName/SettingsBuilder.cs: 2166bdf8e77dc5f252cf6909a9196c25 -> 9aeeee75a181ed82e0343a1fb6b9cead
  custom:scripting/monoscript/fileName/SetupException.cs: fa81854dd78d6f47fd79d813aacdb097 -> 38724dd55c58f65b09d9fda4b6161021
  custom:scripting/monoscript/fileName/AssetsSelection.cs: 35cec24e81f0cb1de51daeb356abc4ff -> 0227d7ff4d5687932d10967a945a9b06
  custom:scripting/monoscript/fileName/EnumPopupSetting.cs: 8f6297df34271fdb1ce2d9607ec6261d -> 90647cc400823b41df847a6cbfc29026
  custom:scripting/monoscript/fileName/PlasticConnectionMonitor.cs: 920e8e381bfc94da8bb69d336dda57ca -> 
  custom:scripting/monoscript/fileName/HistoryListHeaderState.cs: 6226ef13a567fa81584864f8698be331 -> a87e0364d14866c369ad50d669bdfa85
  custom:scripting/monoscript/fileName/EnableSwitchAndShelveFeatureDialog.cs: 2cb9334d072aaff777efab2d72a2583e -> 03bdf2f298649e7c429ac90c7a3c461a
  custom:scripting/monoscript/fileName/CloudEditionWelcomeWindow.cs: c886fdb39f4b8787e6ea3701a8f88f4a -> b1721e471183956468462f6b64901640
  custom:scripting/monoscript/fileName/AssetsPath.cs: 367269acf8f676d2cdd30fdc387b3920 -> e0e986124adc46d913f0683c34b88c9f
  custom:scripting/monoscript/fileName/LogSavingCallbacks.cs: 273a5ca581d39891e634ebf18363d22c -> 8eb93b3e2c76ea1a8acb6e2d0b5c5f91
  custom:scripting/monoscript/fileName/ITestAdaptorFactory.cs: bdc8323a65aed17f1190c56e7c6cfc5f -> 0cef1125679c38dd172e82c8aed26eb9
  custom:scripting/monoscript/fileName/MetaPath.cs: 1f80313a7ce6ec6ece505285578f5745 -> 417a84eb354831f828a6752b26c8592d
  custom:scripting/monoscript/fileName/TestListJob.cs: 12fc4e0dee9c9032467b6469e3bed3a6 -> 3a58b9c1d09f7f4ecb41254c8497b5c7
  custom:scripting/monoscript/fileName/AssemblyWrapper.cs: 27441573157e5964a8aeb7d356d13908 -> 888ba979193ec837feef9add74101219
  custom:scripting/monoscript/fileName/CredentialsUIImpl.cs: 90e9c2de8d7bdd8424e0d89c415108ae -> dbacf67c37819fd95562fe169e706732
  custom:scripting/monoscript/fileName/Executer.cs: 115c3fa08937a7411c01dd40a690d19e -> 3f667ef14fa1c500658713b8aa31fd85
  custom:scripting/monoscript/fileName/FullNameFilter.cs: 03e8efaa11fd7332f02cf89719dd5868 -> 7c49c279cb0d631ca64d8b7d70065d9c
  custom:scripting/monoscript/fileName/PlayerTestAssemblyProvider.cs: 4e1569ec89688dc213248db31fc5f2f8 -> cbdd04f669e4e0054bad4f9d3133a10c
  custom:scripting/monoscript/fileName/ChangesetsViewMenu.cs: b720f0168f4ce1b1e0d358a6d5ec9a42 -> 7d1a2de81910b5990e71a0bfff26fdca
  custom:scripting/monoscript/fileName/AssetPipelineIgnore.cs: 0d6998b45aa259f19df735cf43f30691 -> 09786e27e9aef22fa608d3ec356f88ff
  custom:scripting/monoscript/fileName/UnityPlasticGuiMessage.cs: 2a7f71f59c0d7dc731fd345a3713957c -> 24eef0792e3802809607a7f9d04b8f1d
  custom:scripting/monoscript/fileName/OrganizationCredentials.cs: ee462057b3bd23cc3dab953ac4d656e2 -> 0b123406cadd651e9adc01c85fab5124
  custom:scripting/monoscript/fileName/PrebuildSceneSetupAttribute.cs: ab58680b1420f8e2f2a2597e848d8216 -> 7863da9f66129a3cef8eac0a1f19b990
  custom:scripting/monoscript/fileName/StatusBar.cs: 2c8c488a8bbfe924f6b53b202ff6aadd -> 
  custom:scripting/monoscript/fileName/IsCurrent.cs: 7343ceec4312304bb8b398eeb6c375fa -> cf1fd01890d0fd9f011c1a1a491e2cf0
  custom:scripting/monoscript/fileName/Message.cs: 6525f110369b368a724db9468ed4c271 -> 671a789acb2c7a93d0b620fe02979957
  custom:scripting/monoscript/fileName/TestTreeViewBuilder.cs: 8dcd834c64e4c5915b417a6eadea3b2a -> 6e6e33e8d70cf17e89715badfaf4fed5
  custom:scripting/monoscript/fileName/EditmodeWorkItemFactory.cs: 59e0f470d3c4d6fcf2997a182c89bbcb -> e9c8ba8d2a4b7d9a886e64626b2e6205
  custom:scripting/monoscript/fileName/TestListenerWrapper.cs: d3b4dda00570273ec0c1794249fac5d6 -> 9bd83ba3a6a675f3c605795064caa62b
  custom:scripting/monoscript/fileName/ChangesetFromCollabCommitResponse.cs: b986ab8b1acd322b0367812e2d541734 -> ba336e4117e1b7ee28e4c17197bc3d0e
  custom:scripting/monoscript/fileName/MoveToChangelistMenuBuilder.cs: 3a2ef8cb0baf69e5dadeafc731fe32a9 -> a90b3e388d3e1316fa104d4c9a03e2d1
  custom:scripting/monoscript/fileName/LoadingSpinner.cs: b3299af90b664a9f42123e7df43fae24 -> 6aff0ac022d117a8e24a7b5e4b11904c
  custom:scripting/monoscript/fileName/LocksTab.cs: 134c512484ae73354c15c06a6dc69f9f -> 00ffb5a39c16fdc2d733c7e53471a3a9
  custom:scripting/monoscript/fileName/BranchesTab.cs: 764cb17e9337c58ad4f5304b60b2042e -> 57c33f76c527a5aba4d269245ffff188
  custom:scripting/monoscript/fileName/ExecutionSettings.cs: 3e46076abe70bbfac850fc39d98561b1 -> bbd5f229f5dcda0d2d7d6fe8eb266a59
  custom:scripting/monoscript/fileName/ToolConfig.cs: 18b1ea271ce5e7b6deea7b4e8e175269 -> fcffc3165b047f54ed6ccafa4c8760dd
  custom:scripting/monoscript/fileName/DropDownTextField.cs: e66e7314096900597993d2b353757d8d -> c8fc484ce140049ff31ebc2c6cbebf28
  custom:scripting/monoscript/fileName/CallbacksHolder.cs: 064e7d359062664728ef608c9f03a07c -> 8b4255bb9b31589c4c3dd9303007381d
  custom:scripting/monoscript/fileName/AssetsProcessor.cs: 47679a6e15b70f4fef48eb1b2df31b19 -> 18737889e95cd4088e8dfd4153fa8f40
  custom:scripting/monoscript/fileName/DrawActionButton.cs: d847a7d82ac92cab2b3d0ae268cefb3d -> 81e6708d2b8fa199354e53f85db731a8
  custom:scripting/monoscript/fileName/TableViewOperations.cs: ddc7b903e0dbd6bd109f2bd709b95f0e -> bef3a31deb1fe794a90f767d16e4c868
  custom:scripting/monoscript/fileName/CategoryFilterExtended.cs: 4662b13a61207dc88937c796423baa70 -> fc9bf6f795e045112c18a4c1343c1ae1
  custom:scripting/monoscript/fileName/UpdateProgress.cs: 5b04f01bf199310f09ab9522f89c78f4 -> 281e1e05168d6a30be1d8d2f6200bef8
  custom:scripting/monoscript/fileName/RequirePlatformSupportAttribute.cs: 7ce6733bee18de599a69cb974c92fdb6 -> 6918694e41aa1ffd5ee72bd04646d4bb
  custom:scripting/monoscript/fileName/OrganizationsInformation.cs: b3f0758c6655b2dad1161792812992fa -> 5f067ea8d90fc79055a3dcfd58ae6dca
  custom:scripting/monoscript/fileName/ChangeDeleteMenu.cs: 652dcd6f863c509bfa0376b6d95ab1ec -> 4fefe66d6e279ce0ac2fdc57d409f232
  custom:scripting/monoscript/fileName/SubscriptionDetailsResponse.cs: e10e0299ef716630c63b8cf5f792cda0 -> e5121cec860a6d1097cc809217b3d8fe
  custom:scripting/monoscript/fileName/ToolbarButton.cs: 47dc767626bbd94d66707af31ddc5eb6 -> 
  custom:scripting/monoscript/fileName/DrawProgressForDialogs.cs: 5f8d39e3ea7c4a42148c6b1a7b4ca061 -> a5f2abd8875e7a6afbc171fabfbae81f
  custom:scripting/monoscript/fileName/TestPlatform.cs: 1e3283087fad58204285b5e9c2e16b4e -> 63c69f9b78d9a1c2cdf167569fd572b6
  custom:scripting/monoscript/fileName/ProjectViewAssetSelection.cs: 349dc288d32791de51156d4e59000b7b -> 2560eadaf6a13a74a46a4a207cd5a8b6
  custom:scripting/monoscript/fileName/DrawTreeViewItem.cs: cceebc4f1185658619e40964f29acb08 -> 0921a62a588ab864253743d1f07afb5a
  custom:scripting/monoscript/fileName/RemoteTestResultData.cs: ff93ebb056d1cf8fdc7e897597b04ef6 -> 68a2b51f8872b9ef697b2155d9835735
  custom:scripting/monoscript/fileName/DrawSceneOperations.cs: 2426c0c2ee58cd28be59874f6425940c -> d87f46f9fb97181a2f51490ea2e1efc3
  custom:scripting/monoscript/fileName/IMonoBehaviourTest.cs: 272926e14fa72b11b0070eae8b5853ef -> 93dca3fac2d68012529173d3e7bc10a2
  custom:scripting/monoscript/fileName/CoroutineTestWorkItem.cs: 8fab9934b84f896f44392a777ae472de -> 8a69ee5c1adc29acc0a66cb7df14cbcf
  custom:audio-encoder-webm-vorbis: bf7c407c2cedff20999df2af8eb42d56 -> 
  custom:scripting/monoscript/fileName/DrawActionHelpBox.cs: dcd6ec2e7fb1b44f22c4a79ff87b70cd -> c8f6be9dab1e6f8d71e0c63c29679186
  custom:scripting/monoscript/fileName/PendingChangesMultiColumnHeader.cs: 21802cc6929e0e180fb4f0be8e34d9d0 -> 722de7d6e07a79981d750438e6febb8f
  custom:scripting/monoscript/fileName/EditorDispatcher.cs: c739e073a8c38dbcf59192f45d1004c5 -> 3c402eae57d73cc54863f3f6a13096ae
  custom:scripting/monoscript/fileName/MovedEvilTwinMenu.cs: ce111941dc7264d29598ce7fd2770927 -> d480b839850d28c1c9526cb587fc752d
  custom:scripting/monoscript/fileName/UnityWorkItemDataHolder.cs: 5e123fac5cc49e9acfe91048eee308ae -> 94e44d74f673f889418b2b9926b6615c
  custom:scripting/monoscript/fileName/ICallbacksHolder.cs: e330f681a4da017eb82339063a410722 -> 790e89a97c8150c3044e584386d3ba9a
  custom:scripting/monoscript/fileName/PlayerLauncher.cs: 7004f613ecfe1e179e7b362c88c3ddb7 -> c1129f48ad00377c128c470482bb7e8e
  custom:scripting/monoscript/fileName/UnityCombinatorialStrategy.cs: bd44b85caa82e1f08c977cc9d9157c40 -> e857e6faada8b59173cb249a8a6be6fa
  custom:scripting/monoscript/fileName/IIncomingChangesTab.cs: d4ceabdc48d8a1872bbe87f04d89a4ff -> 40644cd18074db84684b9e437bf8fa77
  custom:scripting/monoscript/fileName/CoroutineRunner.cs: bb2107d11619bb60075736a2632662be -> 06bef19f6905915189ed09a2db9f2885
  custom:scripting/monoscript/fileName/ConstructDelegator.cs: 7526886647893577a45527c0f6393600 -> c271ca33e5434ac87e82546dd149c303
  custom:scripting/monoscript/fileName/UnityLogCheckDelegatingCommand.cs: 109adc74b3ab14d952109f6ed35bdacf -> 410acedf83a5c4e9d5a212b5635d0c88
  custom:scripting/monoscript/fileName/GetChangesOverlayIcon.cs: f00e4b795697c6cf3092760f3b6fc49d -> d599d6efdee28305661bc0cf6683858a
  custom:scripting/monoscript/fileName/ShelvedChangesNotification.cs: 13b6a2ccd8b4ac1f5ee30c8404cea3b0 -> a27e9e7b242b904f41fc1b16d3a1b3fd
  custom:scripting/monoscript/fileName/ILogScope.cs: dd29c4b8ed4c54280ca787c474cdd843 -> e99dd640a2ac2c8b1c0c97725f23440d
  custom:scripting/monoscript/fileName/EvilTwinMenu.cs: 475a88947051822ca4915306469f9bcc -> 919e4faae0573e49949f6dfbb5a733da
  custom:scripting/monoscript/fileName/ChangesetsListView.cs: caae0aefb36c869f50691482a5cd0944 -> 87b74e0d80cf59010f55e2baaeb6679d
  custom:scripting/monoscript/fileName/UnityWorkItem.cs: 03c602cd83845fe6265dc83816099666 -> ce02ef2c77c866afeb6c04a89a364a8a
  custom:scripting/monoscript/fileName/UpdateReportListView.cs: 2d8fccdaad50bbd7454b52cf9cb4a0f9 -> 08d26df1ab6c3a7628addc5e54e50b08
  custom:scripting/monoscript/fileName/IAssetsDatabaseHelper.cs: 8bbb0e39e3cfde6c5b6c11074d90971a -> 4f8027cddf715e38f75ab454f20fe051
  custom:scripting/monoscript/fileName/UnityConfigurationChecker.cs: 59a8f0715a7c89a752351bf42f94abbd -> 874cd65cce0384fef4b60e71fb08a429
  custom:scripting/monoscript/fileName/EditModeRunner.cs: 0c2c70d0e910f1733ef8492efbf3dda1 -> f1ceb581ae48e42ca32e80f796ce45bc
  custom:scripting/monoscript/fileName/ConstraintsExtensions.cs: 19d048a2938a4b2b178e7e91279126b7 -> 89e01f1f8de15d891db3bad70117d924
  custom:scripting/monoscript/fileName/UnityTestTimeoutException.cs: 7c70971bbddd1caf6485b8c5b935d369 -> b7ec28ea102309dc20886c45fff1e1b5
  custom:scripting/monoscript/fileName/TestRunnerResult.cs: 2b3fdbda67626b6faa7139ccea15b17a -> 613fb3e1dfef14aa9d5aea2cd635ffff
  custom:scripting/monoscript/fileName/UtpMessageReporter.cs: 6f35c7d2ea8786c1fd8fe557180d6c38 -> 1ce82c57220e51532d6b3e5da0cecc24
  custom:scripting/monoscript/fileName/EnumeratorStepHelper.cs: a2fa98a2f974f377b9c2905ce60dea0f -> 05022a723dcf173476ccb43403871168
  custom:scripting/precompiled-assembly-types:Assembly-CSharp: 02b7d4114ee6f07b735e394f82c67cf8 -> 20cdaaa988618e7c32f4baf96f88c255
  custom:scripting/monoscript/fileName/PlaymodeWorkItemFactory.cs: a61a7bf2d749182a50c049a0ad4afb89 -> 8bb2d7c0ad22b08cf17b1748007ae8c3
  custom:scripting/monoscript/fileName/CheckWorkspaceTreeNodeStatus.cs: 5e11ff64963669981115eb58dc2b6e8b -> 1e1255b803bf7cbc935bb804bf0dbe7b
  custom:scripting/monoscript/fileName/RemoteTestData.cs: 5baf4798e5344c86aa4ccafb41b2624c -> 51ba1ddd57fb71948e60067806b9cfcd
  custom:scripting/monoscript/fileName/TreeViewSessionState.cs: 8333273b312d475b653610e2871c20a5 -> 9f39a2ca55a7481b8ba078d3a2b6815e
  custom:scripting/monoscript/fileName/StadiaPlatformSetup.cs: 589eaf4f5c2f63a79deb4c2735e3b746 -> 27e00e91e04b4888c1d6354fa4baa6a5
  custom:scripting/monoscript/fileName/ErrorsPanel.cs: 21fc210ee17d5e95782397ef8c7dafab -> 515b7ba9af5e7885ba3068b1d63c6104
  custom:scripting/monoscript/fileName/PlasticPlugin.cs: a57c142b98ca3d4daad221737fd72924 -> c64561980f26020cc3206ae8b1047268
  custom:scripting/monoscript/fileName/SwitchModeConfirmationDialog.cs: 4d9c02587760213784bfe53d012122b4 -> 30cd71d0b3ee4b2689cde689908d301e
  custom:scripting/monoscript/fileName/PlasticWindow.cs: fc467478941f610919bc69526ba2c215 -> 
  custom:scripting/monoscript/fileName/LogScope.cs: 51679d4f7708329af3d47e56656f8988 -> a032a8edefa3a04276b9f24e5047f2ac
  custom:scripting/monoscript/fileName/PlasticExeLauncher.cs: caa0b5dda5df50c85bb19d27252d16b9 -> f1da27253760250030952f02cb54965a
  custom:scripting/monoscript/fileName/TestPlanMessage.cs: 15cf5225dc1e7b1718be35fb09144b5b -> 6199b0505360321c39d00a607adaaf8d
  custom:scripting/monoscript/fileName/ITestRunSettings.cs: 7462715f6a540bde0acfd50948410d32 -> a5342276210c7f86635118880184dc77
  custom:scripting/monoscript/fileName/BranchesViewMenu.cs: 8089f11c30784e2e57775dd6cdbae898 -> 7bfc83e917c9b0b5aa423bb947ce2a38
  custom:scripting/monoscript/fileName/CooldownWindowDelayer.cs: 7816cfcad485500dbac9993c4502ea69 -> 4c95e39c8dd4cfa1bca106097fdb6524
  custom:scripting/monoscript/fileName/SetUpTearDownCommand.cs: 2a0e8cc178919ce84c52af1a4ddfce30 -> 684e5d1c75373405f8a6c9575324286f
  custom:scripting/monoscript/fileName/EditorEnumeratorTestWorkItem.cs: 7bf37d3cd666bc3e840f63f05aae4d05 -> b8f886476b7c18f3c1cdeae30ec0c8ea
  custom:scripting/monoscript/fileName/GetInstallerTmpFileName.cs: fa7bda723ac795b48e38504727f44981 -> d09e0b5c7a9af5874530e17ef23025f0
  custom:scripting/monoscript/fileName/AssetModificationProcessor.cs: a602c9e59e7db185e3a0d68d986e6fef -> 
  custom:scripting/monoscript/fileName/IsCollabProjectMigratedResponse.cs: 4c3294c6a51e6f42161d191230692016 -> af2b76c693935deee55cfcaed2aa7568
========================================================================
Received Import Request.
  Time since last request: 17.191838 seconds.
  path: Assets/Scripts/NewBehaviourScript.cs
  artifactKey: Guid(a2bbb27fcf9465c4dac311599c34b6cc) Importer(815301076,1909f56bfc062723c751e8b465ee728b)
Start importing Assets/Scripts/NewBehaviourScript.cs using Guid(a2bbb27fcf9465c4dac311599c34b6cc) Importer(815301076,1909f56bfc062723c751e8b465ee728b) [PhysX] Initialized MultithreadedTaskDispatcher with 12 workers.
 -> (artifact id: '47074e3b761b5250bd7541cf1aff0166') in 0.013667 seconds
Number of updated asset objects reloaded before import = 0
Number of asset objects unloaded after import = 0
========================================================================
Received Import Request.
  Time since last request: 4.085490 seconds.
  path: Assets/Scripts/MoraController.cs
  artifactKey: Guid(a2bbb27fcf9465c4dac311599c34b6cc) Importer(815301076,1909f56bfc062723c751e8b465ee728b)
Start importing Assets/Scripts/MoraController.cs using Guid(a2bbb27fcf9465c4dac311599c34b6cc) Importer(815301076,1909f56bfc062723c751e8b465ee728b) [PhysX] Initialized MultithreadedTaskDispatcher with 12 workers.
 -> (artifact id: 'ae86c838753349b5eaa40cd37566ab84') in 0.001586 seconds
Number of updated asset objects reloaded before import = 0
Number of asset objects unloaded after import = 0
========================================================================
Received Prepare
Caller must complete domain reload
Begin MonoManager ReloadAssembly
- Loaded All Assemblies, in  1.406 seconds
Native extension for WindowsStandalone target not found
Native extension for Android target not found
Mono: successfully reloaded assembly
[Package Manager] Server::EnsureServerProcessIsRunning -- launch failed, reason: Unity was launched with the -noUpm command-line argument
[Package Manager] UpmClient::Send -- Unable to send message (not connected to UPM process).
[Package Manager] Cannot connect to Unity Package Manager local server
- Finished resetting the current domain, in  4.937 seconds
Domain Reload Profiling: 6325ms
	BeginReloadAssembly (268ms)
		ExecutionOrderSort (0ms)
		DisableScriptedObjects (11ms)
		BackupInstance (0ms)
		ReleaseScriptingObjects (0ms)
		CreateAndSetChildDomain (46ms)
	RebuildCommonClasses (44ms)
	RebuildNativeTypeToScriptingClass (20ms)
	initialDomainReloadingComplete (57ms)
	LoadAllAssembliesAndSetupDomain (998ms)
		LoadAssemblies (1097ms)
		RebuildTransferFunctionScriptingTraits (0ms)
		AnalyzeDomain (63ms)
			TypeCache.Refresh (27ms)
				TypeCache.ScanAssembly (1ms)
			ScanForSourceGeneratedMonoScriptInfo (18ms)
			ResolveRequiredComponents (13ms)
	FinalizeReload (4939ms)
		ReleaseScriptCaches (0ms)
		RebuildScriptCaches (0ms)
		SetupLoadedEditorAssemblies (1772ms)
			LogAssemblyErrors (0ms)
			InitializePlatformSupportModulesInManaged (59ms)
			SetLoadedEditorAssemblies (7ms)
			RefreshPlugins (0ms)
			BeforeProcessingInitializeOnLoad (196ms)
			ProcessInitializeOnLoadAttributes (1237ms)
			ProcessInitializeOnLoadMethodAttributes (166ms)
			AfterProcessingInitializeOnLoad (106ms)
			EditorAssembliesLoaded (1ms)
		ExecutionOrderSort2 (0ms)
		AwakeInstancesAfterBackupRestoration (23ms)
Refreshing native plugins compatible for Editor in 23.18 ms, found 4 plugins.
Preloading 0 native plugins for Editor in 0.00 ms.
Unloading 4474 Unused Serialized files (Serialized files now loaded: 0)
Unloading 15 unused Assets / (29.5 KB). Loaded Objects now: 4971.
Memory consumption went from 152.0 MB to 152.0 MB.
Total: 4.651800 ms (FindLiveObjects: 0.705400 ms CreateObjectMapping: 0.668500 ms MarkObjects: 3.232800 ms  DeleteObjects: 0.043200 ms)

Prepare: number of updated asset objects reloaded= 0
AssetImportParameters requested are different than current active one (requested -> active):
  custom:scripting/monoscript/fileName/IPrebuildSceneSetup.cs: 086a540b86c9ccf5ce0a23935a64c98d -> c89711320cb5af11897ec50fd61d4419
  custom:scripting/monoscript/fileName/BuildMergeTabParameters.cs: 2c923f29302a39560b4301c3fd163a7b -> 
  custom:scripting/monoscript/fileName/IncomingChangesTab.cs: 8a20aca125f6d4b837670edb6e36bc05 -> 82bff1d960538992d4e618d909869d2e
  custom:scripting/monoscript/fileName/EditorAssembliesProxy.cs: 23426c61d1cfec53ec65b1ed2f77c773 -> ef0f2d44f3e723650bf58ba30866667b
  custom:scripting/monoscript/fileName/OuterUnityTestActionCommand.cs: eacf156fb6f74d2f6b697bf47e9a72eb -> 36c13d7d2a2c5c2f372e7b1c0cc06d4d
  custom:scripting/monoscript/fileName/TestJobDataHolder.cs: 1e3b4dec54d5610ff8a852c0a9fccf2b -> 2c9edeeac80ff44e86cac8087411d260
  custom:scripting/monoscript/fileName/DiffSelection.cs: 34faf7c86f7e0c9a01162e930679d82f -> 1460aaba4240ef35322cb9c198487990
  custom:scripting/monoscript/fileName/EditModeRunnerCallback.cs: 8a8dedaa2bec26f26744df4ec8e2f191 -> 
  custom:scripting/monoscript/fileName/EnterPlayMode.cs: 3cb26e64a9bc927aa1556d517c8e8a78 -> c730bf9ff77514bb260ba9933378e49c
  custom:scripting/monoscript/fileName/Filter.cs: 18ef22850e69a0e3e97548ae5b255f92 -> 935824dbebf762a19f2d4c4751625fe2
  custom:scripting/monoscript/fileName/DrawStaticElement.cs: 6cbd346d4a1be2ee84c9ebe55a7f9f79 -> 5765d84d60602f16f5577bf0b7fc6b96
  custom:scripting/monoscript/fileName/MoveDeleteMenu.cs: f1a7b8a8be76c035d934c51863f3b934 -> c4ad4528e772c33a6167006886a8d1da
  custom:scripting/monoscript/fileName/DialogWithCheckBox.cs: 738e3e0af97e826e16805dda77e5f009 -> 
  custom:scripting/monoscript/fileName/UnityTearDownAttribute.cs: 4a3d30720366843ca221fd554845c187 -> d90d4ba0821a80f48bd6cec8eab8964f
  custom:scripting/monoscript/fileName/DateFilter.cs: de3aab0283a2b4a1d4d64145b14132d5 -> 3a6cb8c2e3ffbb5a9052e322ee5bf411
  custom:scripting/monoscript/fileName/RemotePlayerTestController.cs: 83176596b43ae79e65d8c3ccfd7c1c75 -> e65e7856c7b5238a13243fffbf64f7eb
  custom:scripting/monoscript/fileName/ConditionalIgnoreAttribute.cs: 507a506f130880469465e0381c429447 -> 9f2f3d4c6b56d5f470ccdd0e1820d51b
  custom:scripting/monoscript/fileName/TestMustExpectAllLogsAttribute.cs: f1224ac9ffb401dcd2c905e6a783da06 -> cdf1c75549affd080e0ddbde5bcb7c34
  custom:scripting/monoscript/fileName/TestBuildAssemblyFilter.cs: e3ae3b9dfa7b065b08d520845d4f070d -> 056870da734fd8ecf77d00737a22149f
  custom:scripting/monoscript/fileName/ITestRunnerListener.cs: 07f2f49d67775d1bad20bc1589a5769d -> d52675266925b8e603f210be3981d59b
  custom:scripting/monoscript/fileName/PerformInitialCheckin.cs: be22d181e456c0a8a5713675f29ac72a -> 8ef9a9f407b8b94b2b5fad9d24e61f79
  custom:scripting/monoscript/fileName/ConflictResolutionState.cs: d9394655856a9fc1a0b280bc997bac16 -> 74a230000ff2fd58c5a60ab4258207dc
  custom:scripting/monoscript/fileName/IEditorCompilationInterfaceProxy.cs: e8a39ed00046a7b93647d4de1a3e0e00 -> b1e49de3ac2ed1feea91c5f6846d6e49
  custom:scripting/monoscript/fileName/EnumerableRepeatedTestCommand.cs: 229b55de651d474bc2ca3733382eef36 -> dbdc4517e80e66a31f48ce40e06931f2
  custom:scripting/monoscript/fileName/FindWorkspace.cs: 39bbd18bfe6bf4a99f5c185dcda4dd4a -> 6af6c9e9382fef881c020ab184e6f7f5
  custom:scripting/monoscript/fileName/CommandLineOption.cs: f2f0dbe72e14e05a5259c3e6cb3ececc -> 211f73ad4421274a5a418608b74cc839
  custom:scripting/monoscript/fileName/IPostBuildCleanup.cs: 7bc004ae26b110cd32d3401b0981f815 -> 8d43f6dbc44addb43106f91d15047771
  custom:container-demuxer-ogg: 62fdf1f143b41e24485cea50d1cbac27 -> 
  custom:scripting/monoscript/fileName/TestListTreeViewDataSource.cs: 8b5a59ec2d06d36e63ce53a34e1d591e -> 153f0d5d9a6099f80f6d26e9c0ad6b7d
  custom:scripting/monoscript/fileName/CheckinConflictsDialog.cs: d3af1d70d3f60a9847d2942647274222 -> e13fa04a97fb675842c94586fc602871
  custom:scripting/monoscript/fileName/CommandLineOptionSet.cs: 6bb45bf9141d4fec50aae5aa4651fa84 -> 57b6c3812f217f48a5cedf066a216cfd
  custom:scripting/monoscript/fileName/ITestRunCallback.cs: 0ac8617cc2dc9780c575b6eb03f6d505 -> 7d90e4d27cccfe89ef24a93578e15a74
  custom:scripting/monoscript/fileName/AuthToken.cs: d22b2893825e943bc1389be142abd57e -> 0fba7e8eb1ec8b699f274cdc956451b2
  custom:scripting/monoscript/fileName/ProgressControlsForDialogs.cs: 6bf8e69ac7dc2163fe988e5d8181ce88 -> 7e6bd1727985204e3b64e1946e589b1c
  custom:scripting/monoscript/fileName/AssetStatusCache.cs: beede06d8a6d93e7907fd192ad653f2b -> 260d5f85663ac58b2a7e9553c453bc3e
  custom:scripting/monoscript/fileName/IEditorAssembliesProxy.cs: 81289fa7514ad1168ecb67afff27720d -> 8586f95fda82b1fa948b8ac0ebb50a9d
  custom:scripting/monoscript/fileName/AndroidPlatformSetup.cs: 56c28d48cf01b1b2c96f64a6827ffac4 -> 67d5fa212608c900d88b1544a5f49997
  custom:scripting/monoscript/fileName/OrganizationPanel.cs: d7ac1288bef1b15a05bb26d201a4d87f -> 57a57e6a345dbd536e91c348b70943a9
  custom:scripting/monoscript/fileName/ChangeCategoryTreeViewItem.cs: efd70108e1f6ff61ed2723220486adfc -> fd14db176fff061715c8ec88ced1902f
  custom:scripting/monoscript/fileName/CurrentUserAdminCheckResponse.cs: cec2f173fe8732108711c497674c6f66 -> d57c2dcace740834acd59fdfbc5023b8
  custom:scripting/monoscript/fileName/RenderingOptions.cs: a84cebfad0b53e3dbf0202be3cc1d6d3 -> 
  custom:scripting/monoscript/fileName/WorkItemFactory.cs: 9cd58300f748e3250316447e9d2a8d06 -> d8b2e380888ccc980a475a01f04d7a45
  custom:scripting/monoscript/fileName/UIElementsExtensions.cs: a191d7293be4538b0adb29dfe5b06a46 -> 52e0d612ab032e4d22e9558b90396b99
  custom:scripting/monoscript/fileName/PlayerLauncherContextSettings.cs: 89c041e42e3e6c336ae4ddeb40f2d12f -> 3c0a34dce28ade8f88b3e213fadb0738
  custom:scripting/monoscript/fileName/CreateBranchDialog.cs: c429477092287209232592c8cde1a615 -> 9eb29fda08033b4f847247136c412db6
  custom:scripting/monoscript/fileName/RunSettings.cs: c8ba576640d505c59ca4d995eb1b55e6 -> 6770f3fdaf287e73ff6c63f28a5a7e92
  custom:scripting/monoscript/fileName/UnhandledLogMessageException.cs: d6d6ca25090fc3eec22959040bde30f3 -> fa6ee6fe2a221a71f213304ae56898c7
  custom:scripting/monoscript/fileName/EnumerableApplyChangesToContextCommand.cs: 7e82e96f40f2bf4118aab6f6aef1d287 -> c2aa6cedc66892dd581c50a4d9b6a147
  custom:scripting/monoscript/fileName/RecompileScripts.cs: 33cdfe80e47d8b05e5ee4c6c33b4993e -> 73e345449efb1420f34aad9debcdf2bd
  custom:scripting/monoscript/fileName/DelayedCallback.cs: 4d96f98a05296a6e495fa9916bc0a91b -> e88c5396d33adcd6404b4cb8a051b2b1
  custom:scripting/monoscript/fileName/OrderedTestSuiteModifier.cs: ddbca70bf46f5e4ca706b058ef23253f -> 6a8006d91a7636d39c6731494060c3c2
  custom:scripting/monoscript/fileName/DrawCreateWorkspaceView.cs: 6422239d8f649480614f0dd4f018b7f2 -> c6039ac84d85ab3926aa94de163a9f7d
  custom:scripting/monoscript/fileName/ProjectPath.cs: 5634ebdbea8ca94089eb9622d1b60497 -> 2007f972d3a73eeb86dfe05e849c7f69
  custom:scripting/monoscript/fileName/SSOCredentialsDialog.cs: 8967ceae1bc195ea8dd32b23c42dd852 -> e140ede12a96f68f30062138385171c3
  custom:scripting/monoscript/fileName/DefaultTestWorkItem.cs: df6f5a85dcc29cabfe426927cfff8766 -> f906b4fb5b78cb9d23a07212620919d9
  custom:scripting/monoscript/fileName/TestRunnerApiMapper.cs: 213999ba10693518027e8ab0204d1885 -> 241489454095fad1d1d89166ee62820f
  custom:scripting/monoscript/fileName/LegacyPlayerRunTask.cs: 328c044124055242f6ddb7aa596ab1d3 -> 148e0500b0761261bc418d25c26e82b1
  custom:scripting/monoscript/fileName/Vector3ComparerWithEqualsOperator.cs: 6b9a33545ada02177d266ed1f5b19290 -> c497cde63ec72672e5f69e70b932688f
  custom:scripting/monoscript/fileName/IGuiHelper.cs: c60290192a780a358cb4d2eed657f7f8 -> da57d3fb0f8ace42d5b01eed25e9e3d5
  custom:scripting/monoscript/fileName/DownloadPlasticExeDialog.cs: 2dd40c53d0303d041a27a44a95c331cb -> 093cfe0607c2346a88cdfdfe1435614f
  custom:scripting/monoscript/fileName/GetOperationDelegate.cs: e719058321e4f2be94be212e42f097c8 -> 
  custom:scripting/monoscript/fileName/OutOfOrderExpectedLogMessageException.cs: 22c4a953865c583fd55d80a54c5d6c18 -> 4ff78bac16cc86124e588c20ad3ddba7
  custom:scripting/monoscript/fileName/IPlatformSetup.cs: 9a0668684da27d1ddefa88d99d869448 -> 6f20476898784a15f8b8eb28653a67fd
  custom:scripting/monoscript/fileName/TestTreeViewItem.cs: 3239fe248332ddd6a904d9cb0680e538 -> aae3d62f4daf680133c1c18c7814d15e
  custom:scripting/monoscript/fileName/AssemblyLoadProxy.cs: c6dff8352382292b9959041d98303a41 -> 0f3a4ee005eb8f7b33161c2ba6196e00
  custom:video-codec-MediaFoundation-h265: 746d11721c4dcdbdad8f713fa42b33f4 -> 
  custom:scripting/monoscript/fileName/SaveUndoIndexTask.cs: ab03f94eed1b9c2e86cabe91ffdb6ab8 -> 6e0bcd5f418cf8184993174ac732fff4
  custom:scripting/monoscript/fileName/TestResultRenderer.cs: 9bb52db8cdd7fbc7b27d62af73d00df8 -> 2e8123de6d2eea4d42efb7a87e150b27
  custom:scripting/monoscript/fileName/WaitForDomainReload.cs: ec74674e8cae527fdeb410a81a4658a3 -> b6033700f0adcf3b23782f04c42e269c
  custom:scripting/monoscript/fileName/PendingChangesTab_Operations.cs: c99065f3c85ec85c85ece2a1a30665af -> 15ae6787065f4af65778e981f418a60b
  custom:scripting/monoscript/fileName/LocksListViewItem.cs: cc9cd24c5be4f7363367cba72f12aad4 -> f4a19fabbec093eb3d6a7e1cd4f42611
  custom:scripting/monoscript/fileName/ITestSettingsDeserializer.cs: e43933e90cb98a9555f922952cdb833f -> 22e37de7af2cea07971d0ba87110dad7
  custom:scripting/monoscript/fileName/UnityTestAssemblyBuilder.cs: 9b6ef4c0578639ba943c8f65e1e8d74d -> fa151eb16842256647a2914b37e4bf9d
  custom:scripting/monoscript/fileName/PendingChangesViewPendingChangeMenu.cs: 561ad0f702e1db14300a4a5f810051f9 -> 9a6ef2277212bf26d647c7f12f946287
  custom:scripting/monoscript/fileName/SignInPanel.cs: f7e82045994d4eefe3b021faa87b55c6 -> bac0318ce35e37bed3a2cc8137452435
  custom:scripting/monoscript/fileName/DrawInspectorOperations.cs: 61c4a6a6507d8f84ef5bdf5cba3f0aee -> 8c94fe642e98309082411f46db89106b
  custom:scripting/monoscript/fileName/AnalyticsTestCallback.cs: 86b513e5c36f0343183de924372e6da6 -> 70c2658c96c40ebe349fda85c81dae6e
  custom:scripting/monoscript/fileName/TestTaskBase.cs: 4b3bfcc0ce488c09e9c983c955b234c0 -> 162ca0c58961a22b2d7f2a866ccb62df
  custom:scripting/monoscript/fileName/DrawDirectoryResolutionPanel.cs: b77d9918f02a8eac64394aaf99fa4b28 -> e4e3c9b4bc511687802b504b71016540
  custom:scripting/monoscript/fileName/CloseWindowIfOpened.cs: d820344e932a12600b5fe6fb7e9f1563 -> ce229ef3b7461ff17e2c1af0695a6657
  custom:scripting/monoscript/fileName/SaveAssets.cs: e472a52843752df7d7ad4ca6b2c8da98 -> b56abea3d51c742ac29e4aec958afad6
  custom:scripting/monoscript/fileName/TestLauncherBase.cs: 55b4d99610fbeb9ecb7ee6ead3251104 -> c78237b225a855d3af10df4cd8d6a1b2
  custom:scripting/monoscript/fileName/FloatEqualityComparer.cs: 4dac02b3f722be0497415c960455318c -> 6ddc5d5b0944c660e6b695f37c9febc8
  custom:scripting/monoscript/fileName/ResultSummarizer.cs: fcfdcb2adeeb82cb8f411b44b44abdb0 -> 
  custom:scripting/monoscript/fileName/MergeViewMenu.cs: 93bc40369a2f104c249cef1d685ad358 -> c1676e16bdcf215f6595ea9de7a1fc33
  custom:scripting/monoscript/fileName/RepositoriesListView.cs: 9f95c83dc460fb03fb0916472f14b8a7 -> 95287f65338ca0073ad04002a16eaaf7
  custom:scripting/monoscript/fileName/HandleMenuItem.cs: 740e54c5f6dca1acc88cad87af74b744 -> b4ad1ecc5243212c5967125ad5e41b1f
  custom:scripting/monoscript/fileName/CompositeWorkItem.cs: 77037823112276c67676f1e42edf1cd2 -> bc884a89fde61fa75209209a03bbd836
  custom:scripting/monoscript/fileName/ScreenResolution.cs: 5c975132cf4e36dcc261bd0acd604271 -> 7bb7bb5b955671820101b322f0a7bf3d
  custom:scripting/monoscript/fileName/RunFinishedData.cs: 35b8f95dad4fefe115ad61c2c01125ab -> a22f15c3a79d1f15ccc31ec29ab37874
  custom:scripting/monoscript/fileName/ApplicationDataPath.cs: 8e4094e28762fb76a1baecfe90c6b65e -> 3e8c4ea8debfda8013fed860ac233d22
  custom:scripting/monoscript/fileName/MergeSelection.cs: 6deb9bc55c10a7ac7c9f905a7b92dbe8 -> 630eecd27cae3311e65e09d9c63da8b7
  custom:scripting/monoscript/fileName/PlayModeTestListGUI.cs: 9528035223f9376ea8c5bf32da2d30c1 -> 
  custom:video-decoder-ogg-theora: a1e56fd34408186e4bbccfd4996cb3dc -> 
  custom:scripting/monoscript/fileName/RepaintInspector.cs: f134606300316994850c28a68d0cb5a3 -> 
  custom:scripting/monoscript/fileName/LockStatusCache.cs: 5e3725e03dc21c716034553589a67eae -> e99b3f34c5cd3eb73ec19439af1f7f80
  custom:scripting/monoscript/fileName/DiffTreeView.cs: 68195907d129ef826aa6b6df7202696d -> 49f46fd2a65ea674a218eead75f27aac
  custom:scripting/monoscript/fileName/UnityTestProtocolListener.cs: 031f67bcc950e88772c7e00661691db9 -> 0d4d2ab58d3a081f00c0f200ee8696be
  custom:scripting/monoscript/fileName/DependenciesDialog.cs: 82d30fc8d5e1a73ec0d1ee9acc00fbc2 -> c8902186ab2f4e6471b5dd147afb01b6
  custom:scripting/monoscript/fileName/ChangesetListViewItem.cs: 95a197949f1e777703db60eea8cc21b3 -> d742a4910e302777daa1ccb9c8e92cb9
  custom:scripting/monoscript/fileName/LocksViewMenu.cs: fda08381fa9abca53b6eaf3bf55f14f8 -> 186d8514e824865b191ba1829afe4b33
  custom:scripting/monoscript/fileName/MonoBehaviourTest.cs: 8f6297df34271fdb1ce2d9607ec6261d -> 90647cc400823b41df847a6cbfc29026
  custom:scripting/monoscript/fileName/IncomingChangesViewMenu.cs: 5f96afa82d3e2a8078206b7f6d3b0752 -> 13196979a03411533716f6775c9a624b
  custom:scripting/monoscript/fileName/QueryVisualElementsExtensions.cs: 75ea535788abf9c38ba9341c984a6241 -> a49740b6efbb934f55475cc70b864a4c
  custom:scripting/monoscript/fileName/DivergentMoveMenu.cs: 5b146ed65a6a030ab7d86a0d711244f7 -> 98d76b5791494212a0c25aa6a4af7288
  custom:scripting/monoscript/fileName/TestResultRendererCallback.cs: 11a504294abe84b81ed7535d2d6b52d7 -> 215106b260625bb3e26681b849d9307d
  custom:scripting/monoscript/fileName/PlatformSpecificSetup.cs: c7583018fa54cbb13353f07300f73380 -> 0a7f9c0b27ae370d8bd5d3df4916ae28
  custom:scripting/monoscript/fileName/EditModeLauncherContextSettings.cs: 716154923321c522b7f6492b24dc4629 -> d1e413330d98a9101237ccbe91f95dea
  custom:scripting/monoscript/fileName/PlayerQuitHandler.cs: b367910cee7b2e682885ab95e27ec0ea -> b4085dee8fd70ae04ac96945fafed489
  custom:scripting/monoscript/fileName/WriteLogConfiguration.cs: 1a8401f47b522f631a3dc005105719f5 -> 1589212d1638ae91a029ea3ddf9999f2
  custom:scripting/monoscript/fileName/PrebuildSetupTask.cs: c7a55bff004702e0146f0b7de9de0c32 -> a4e888a510b1441a257b12183e59237b
  custom:scripting/monoscript/fileName/UnexpectedLogMessageException.cs: eb4b453bac6ce1ffa84fa1fcbecd8818 -> a7bbf32861c66018271b093fc1d1061b
  custom:scripting/monoscript/fileName/FileSystemOperation.cs: c31a686e69e66801c204a11be56c950a -> f0ccbe91654279794a85bf6f1c034716
  custom:scripting/monoscript/fileName/RerunCallback.cs: ffe49cf602017087ffa7749d06513ace -> 
  custom:scripting/monoscript/fileName/MigrateCollabProject.cs: af93695e471d9c8e4ad014c4165f2c3c -> 9f3487f03a783b35518405572f20ac9e
  custom:framework-win-MediaFoundation: 216162199b28c13a410421893ffa2e32 -> 
  custom:scripting/monoscript/fileName/ITestListCache.cs: 530322f74ae4ee44bba33a2f253d3260 -> 93f202374a8dd6602503d990ab2feb72
  custom:scripting/monoscript/fileName/TestRunCallbackAttribute.cs: 0f465317bd2bfaae92f90a6ee84c0d18 -> c61459d4a70eab5bd767d5a1f82f55d8
  custom:scripting/monoscript/fileName/ProgressControlsForViews.cs: 7d677c6df38ab15cf390062b5b0bb854 -> a8a18a90f46aa63848e1e45d8d7ff9af
  custom:scripting/monoscript/fileName/DrawAssetOverlay.cs: 04a46044def089f0abcdafdd281e3646 -> 
  custom:scripting/monoscript/fileName/PrebuildSetupAttributeFinder.cs: 2bad1feb91972325181c65f0d7b65426 -> 1f975f3a70c8f9747da919735d84e6c3
  custom:scripting/monoscript/fileName/NewBehaviourScript.cs: b21687ddb03d73bd9f0c1daecb9714de -> 
  custom:scripting/monoscript/fileName/ProjectWindow.cs: c62567a3d71fd74636bc783de5162474 -> 
  custom:scripting/monoscript/fileName/TestExtensions.cs: 06f4dc0f3112fa2e5582ace2497b1b80 -> 8e47deac44d7b87eaa5df5d00556dc15
  custom:scripting/monoscript/fileName/TestEnumeratorWrapper.cs: 3f82598f123760f637b0f70a1f287d77 -> 3e969f8448dc5644f60fbcb6f1badbcb
  custom:scripting/monoscript/fileName/MergeLinksListView.cs: 826afb5fb5988163105086b4bf5027af -> c9488671ae9b14523680d0c19097baa0
  custom:scripting/monoscript/fileName/UnityCloudProjectLinkMonitor.cs: a6d5b729fcd63f578363f7929a986e8b -> 86b74508945daf368996ea82904ac8da
  custom:scripting/monoscript/fileName/LogWriter.cs: a4f5ec34386b4e23f87b43dd16f6db46 -> 89105d9cfbe59e79a996dde998b3e7ff
  custom:scripting/monoscript/fileName/AttributeHelper.cs: 9458f4b34c0ac14db5c169abc8e43f94 -> dcab3630cb119e1a5f7f9c7b24677e49
  custom:scripting/monoscript/fileName/TestRunCanceledException.cs: 95340416bb18b4fa3930cdab2cc1fc66 -> ff7dc6bce365deb50fafe94b823009cb
  custom:scripting/monoscript/fileName/ISettingsBuilder.cs: 519472d4601ec620807556de1c3db699 -> af84c62ea6a033820a24a2d04c70d5c3
  custom:scripting/monoscript/fileName/Vector4ComparerWithEqualsOperator.cs: 3cde4a46f80e6bcedaef4297c8060490 -> 982db4358832ddfb456522b96543f1da
  custom:scripting/monoscript/fileName/UnityTestExecutionContext.cs: eca56c04b69a8399029cc9730daae5fd -> 4c0ef8e8d96fc20b3ec58c9447d6ec92
  custom:scripting/monoscript/fileName/EditorProgressBar.cs: 7418be9b22aaea32732f8a5f49569d1c -> 08c2f2b90ef64df631d46389f0e22c8e
  custom:scripting/monoscript/fileName/MeasureMaxWidth.cs: cd9322680ae61d38397008451b7ed0ed -> 1569e3f1dad91a9b01cba66ab6aa30b0
  custom:scripting/monoscript/fileName/SaveModiedSceneTask.cs: 135adac13be698ff4439d6c6268aa5b8 -> 
  custom:scripting/monoscript/fileName/TestSettingsDeserializer.cs: a44271a81256da8d6d9195e1628af709 -> 2daa2d89ea5f024d33cb1e72a3d35d63
  custom:scripting/monoscript/fileName/ChangesetsListHeaderState.cs: 69fc4f1a2bc3782d7043ec48961a3616 -> fe1392f9b135da83e13fe8a5e5f39fc2
  custom:scripting/monoscript/fileName/EditModeTestListGUI.cs: 8831f0ca2dcd13614282b516af72c688 -> 
  custom:scripting/monoscript/fileName/TestResultSerializer.cs: 52a416bb91eef89cbb19dd3cf67adb65 -> b75c8de5ed0cf8b4071350488249260d
  custom:scripting/monoscript/fileName/PendingChangesTreeHeaderState.cs: 7d278b5569d28437d07554a3bbb56e1b -> 5d7f70d142c9ac67864ec14950523d62
  custom:scripting/monoscript/fileName/BeforeAfterTestCommandState.cs: ffd46073254dc1bdb5c1bca6005d67d9 -> 590f9af42d8f6706b758d6c33b25bf7d
  custom:scripting/monoscript/fileName/MissingEncryptionPasswordPromptHandler.cs: 7f5831fc8a41e9cadd84fcfd0e885072 -> 5d7b9646eb14a39b6d3d5bab19d266ff
  custom:scripting/monoscript/fileName/ChangelistMenu.cs: ca33bac56b3a337faa90a1b1bba632d6 -> c1bf5aeb760cc5eae584ea3944d6531b
  custom:scripting/monoscript/fileName/NotificationBar.cs: d1a4cf5e8103d80fd25347275f906aa8 -> 50f1a85fa18d94338418def78dcd8543
  custom:scripting/monoscript/fileName/EmptyCommentDialog.cs: c9c28ff22d24598d7e4856f434bb1b92 -> 99cc06133e502eab7998108e26fd5614
  custom:scripting/monoscript/fileName/UnityThreadWaiter.cs: dbd556f2802baab90a20da38c288d36c -> 99333406d92d10003984b4d1920de2f9
  custom:scripting/monoscript/fileName/CredentialsDialog.cs: 179b5e49656a1623c2e79d838f0f5876 -> c785d5e40f8d66b7ef7ba04ee7c324e0
  custom:scripting/monoscript/fileName/ProcessHubCommand.cs: 30630f626164e285c361aa64e681100e -> 8ab0fc63fa4d9d749198dd61b09d7e37
  custom:scripting/monoscript/fileName/GetRestorePathDialog.cs: e21eb9983f0b989125951478cd5e9b35 -> 353d1126ca2d2063d5bdbd06806ffc08
  custom:scripting/monoscript/fileName/UpdateReportListHeaderState.cs: 64a5bf775d221ad9a5ff8c78a1e0e1fa -> d6cbe54be2898ed2c96c2e79572c2e08
  custom:scripting/monoscript/fileName/LocksListView.cs: 8c6202774eebcf67be9c3b5a2926cc7c -> 7aa51ff93bcc98aa05dec8b46ec200c4
  custom:scripting/monoscript/fileName/DownloadAndInstallOperation.cs: b043b8d5921892e87f4566e00162cff6 -> 4f4065aeafda2af0ec272a3c228e27b2
  custom:scripting/monoscript/fileName/DiffTreeViewMenu.cs: 3e62bfc69ca7486976988e151b88922e -> 8039fc4ecf68b3e966e1f4822789e7fa
  custom:scripting/monoscript/fileName/ICommandLineOption.cs: 147751a92efc4c8cac91a9a528c2fb1c -> 58da599070a3bdab08afc8355de79ed5
  custom:scripting/monoscript/fileName/UnityStyles.cs: 1a176026ce9da8057f3ec90dfe0bac74 -> bbbba3cda37678cfc74d71ffebf36e7f
  custom:scripting/monoscript/fileName/EditModePCHelper.cs: fed3c3b34697ace66d06f26c80e9297a -> e16a214ddb2d161f4792170cb0c8e6aa
  custom:scripting/monoscript/fileName/HistoryTab.cs: 4d086984813cd90d6be245dd8e03a2ba -> d57f000c65fde42a2228c7a105a836e5
  custom:scripting/monoscript/fileName/AssemblyNameFilter.cs: 6517804d9019b844c3f33c3b43a18f84 -> ce7ef29746fb23841833950bb87cfa6a
  custom:scripting/monoscript/fileName/HistorySelection.cs: 7c3afcf345a55e8b77ea41ca0f570218 -> 3d07a3d1241e204b5420d71f1137eba4
  custom:scripting/monoscript/fileName/CreateWorkspace.cs: 7b3086384e5ddcd73cd5064a3ce31cd2 -> 5256205b5cf0570b6f698c7abe518f5a
  custom:scripting/monoscript/fileName/ShowWindow.cs: c731454122754eec192bc3c53fac3d95 -> a6bb1d20733c178256b38974418d7450
  custom:scripting/monoscript/fileName/LocksListHeaderState.cs: b80c5f044f18764adef2e9dbea5f0fb1 -> c7fe4d3b5f954615048f8e79925d29e3
  custom:scripting/monoscript/fileName/RemotePlayerLogController.cs: 6007c2a9667c47ca237ace4f2531438b -> 158b55f2a8781eb1cac7ac26acd42fc6
  custom:scripting/monoscript/fileName/EnumerableTestState.cs: 074d7b301977647491f399c62e52cbc1 -> 30e3efb82d3f99d65cdecdd2f0bc0194
  custom:scripting/monoscript/fileName/CreateRepositoryDialog.cs: 1e1c5399cf3d0b071c7982c565a710ce -> 5cec3e66b09e0dbe1f805953c5c64af9
  custom:scripting/monoscript/fileName/UnityTestAssemblyRunner.cs: 3816e248a2cfe06e2622e0204123f53a -> 6329fd25aa4b3ce344b8f9506a5c2047
  custom:scripting/monoscript/fileName/RenameBranchDialog.cs: a3111a345c6451ee64cd16f1989c2313 -> e5c89c05c87517babb3730e87196a494
  custom:scripting/monoscript/fileName/ITestPlayerBuildModifier.cs: 144d61bec4e604c687a559324e865570 -> fe113c86bde5fdad424c8cc5e51fe0a4
  custom:scripting/monoscript/fileName/EncryptionConfigurationDialog.cs: 6423045767c07e6360ff314ec741c601 -> 19e9c54aff6ffc68d60fe11f80578947
  custom:scripting/monoscript/fileName/RemoteTestResultDataFactory.cs: 82b227499ad613fb85cbd7542a960c8c -> 875f30f4d57949231d64836d9e348a72
  custom:scripting/monoscript/fileName/UnityTestAttribute.cs: f0f5f36d5b331df20c3357ff1637e397 -> a53f050fb661d50bb6c962963a554f8e
  custom:scripting/monoscript/fileName/TestListCache.cs: 8e95164bb40beaf2361efc98dc17a66b -> ff7c7e6ac29ad86c5fe33a64ed0d2f4f
  custom:scripting/monoscript/fileName/UnityTestMethodCommand.cs: adc652ef2db502396e2bc23b9d9a66f3 -> ccfa8ff8b49ded2664d646e8ee3d5ff4
  custom:scripting/monoscript/fileName/CheckinProgress.cs: 298ac58365579798eb3b4defc181ccaf -> 75b93dbc5ef307111f0647f735640420
  custom:scripting/monoscript/fileName/ITestRunnerApi.cs: 7ab503b15e3438e134c0702f000eb0a9 -> a476c74c9cbf5732bdfc8c88b9702476
  custom:scripting/monoscript/fileName/AssetCopyPathOperation.cs: 571ede78b6298606a236918df9df62d5 -> 633a9d130b72ba594756844b628f0ae2
  custom:scripting/monoscript/fileName/Vector4EqualityComparer.cs: 2b4abe9ea592b7513d6aeaf121d66f76 -> 998bf018f3e79a3b4501bebf13133ef3
  custom:scripting/monoscript/fileName/PendingChangesSelection.cs: 766664749a54eea9ecce5dff917430ef -> 1721ad72d074757364587c71b49d9382
  custom:scripting/monoscript/fileName/EditorLoadedTestAssemblyProvider.cs: 30976bb8f0671594f080cfda4f365c0a -> 406b39f61e53aa4b6c435e30af6b5276
  custom:scripting/monoscript/fileName/Utils.cs: 0d3272cd783b90f4eef2bf111d5a7b15 -> 38efaa10a2cec4e71a9eaf567c91a8a5
  custom:scripting/monoscript/fileName/LuminPlatformSetup.cs: a7bbd552cf00b6b349997b7d2e68359d -> e65a295a4e58fc042cc74afa9243a080
  custom:scripting/monoscript/fileName/ResultsWriter.cs: 45d4009781f259d024c859617b776a29 -> ccd0afcd43fc96f0f8be5313b60e6c07
  custom:scripting/monoscript/fileName/LoadAsset.cs: 9042eb334fc462cf466672445be1d4c2 -> 5e4e082aa5b21c13b80eb237fe94d00b
  custom:scripting/monoscript/fileName/EditorAssemblyWrapper.cs: 1da4fb3eb1b01bdabc7899984e06e2b2 -> 8682dbb48030d53c622cd194bfa9e87d
  custom:scripting/monoscript/fileName/Images.cs: 0b0c14141950fed99e3ef33199b3b4c9 -> fbdd1e600315d249327f3effde045c9d
  custom:scripting/monoscript/fileName/DrawLocksListViewItem.cs: ce3a3d64ec2d84c3556ffd4141efc4f7 -> 6201c4d50383e970d554210505562d37
  custom:scripting/monoscript/fileName/DrawProgressForOperations.cs: ea9179848be98ee7719316b39339ef29 -> b544f18e6532ba53bbd1b691fa5cd571
  custom:scripting/monoscript/fileName/RequireApiProfileAttribute.cs: 519035bad40b0361872a678d221fcd1e -> 4cce4894a0d08ef40fd237b8e50d1caa
  custom:scripting/monoscript/fileName/CleanupVerificationTask.cs: 66002b5b43bdce8f787c2d84fc03dc42 -> 12e81b196e7eac521f1ae8e0411b3d28
  custom:scripting/monoscript/fileName/ViewSwitcher.cs: bb22cc2814598bf2511f6c811c1dc194 -> dd1f6d6bc6ad5beda69b13cdb560799f
  custom:scripting/monoscript/fileName/RepositoryListViewItem.cs: 2f16ba7694ec7934685021093e722c4e -> 3cabcd81911a2500dcd9e2b6ffae3f00
  custom:scripting/monoscript/fileName/InspectorAssetSelection.cs: 71ba78e42827a9b22a9a6016733d756f -> 4b3c1ae4c44d88205aef26229acfe022
  custom:scripting/monoscript/fileName/UVCPackageVersion.cs: c4d95cb84d9d8dff4727eba6b0a64378 -> 
  custom:scripting/monoscript/fileName/IncomingChangesTreeHeaderState.cs: f578f4545f0afb1f0a2de9a25e26e33b -> 9fcb97ef2da44c66332f5c6800c2e6ed
  custom:scripting/monoscript/fileName/EnumerableSetUpTearDownCommand.cs: 6c84bee1095d71c3f496285ac7de29fb -> 16b603dbb9724508977696171a42991f
  custom:scripting/monoscript/fileName/DrawTextBlockWithLink.cs: d38f3ee197d9063693d0301d5157b32c -> 1d43814d810f0d56e2964ad3b72f271e
  custom:scripting/monoscript/fileName/EnumerableTestMethodCommand.cs: dfec1548954add0987599d6dd0f01df0 -> 9040b48595c4d63d6c1126d81d3f1105
  custom:scripting/monoscript/fileName/WorkspaceOperationsMonitor.cs: 5f05751fd4d94e02e79a5bf200f98f9a -> 43dcc435c252a54bdaaf4d6588b7d66e
  custom:scripting/monoscript/fileName/EditorCompilationInterfaceProxy.cs: e4c0c6a3551d03ebd5ce8bc0c8444c16 -> 12bc7b3dd0ab2ff83629d76ca37d0d4d
  custom:CustomObjectIndexerAttribute: 9a22284fe3817be447336de3de66b15e -> 
  custom:scripting/monoscript/fileName/TestResultAdaptor.cs: 39fb6e85727c0d47ffa8785f61586e3d -> fb4db3971d5379750cda884e7e44e3e4
  custom:scripting/monoscript/fileName/PostBuildCleanupAttribute.cs: 31fa08dd08b1105fe7a49dcbe5b1ac85 -> 71391ff444f943d9ad8dd0d42b7ac81f
  custom:scripting/monoscript/fileName/ShelvesSelection.cs: 05891c88858e4ac7776c0c0c49b5b74f -> 8a3e11e7cd7bbf10b24988c7bf636dea
  custom:scripting/monoscript/fileName/TestTreeData.cs: 0f4cb01478895c7c3d9e4409dc682c1d -> 1859d24be324d8fb87ab0c693d76d928
  custom:scripting/monoscript/fileName/Vector3EqualityComparer.cs: b5ef1af8e8222802b1e616dabbbf7eb3 -> 1c8652cac1f220d6409ab1ba3f211615
  custom:scripting/monoscript/fileName/ScriptingRuntimeProxy.cs: e5e5d36b9b276c8f6937a94b5dfabde5 -> 19d9ac4d844404a0464698120ed39275
  custom:scripting/monoscript/fileName/MacOSConfigWorkaround.cs: 8634a542fc5c45ea8cd9a8244bf2c871 -> 9fe61e763da506601651f6c451cecb0a
  custom:scripting/monoscript/fileName/IncomingChangesSelection.cs: a96a5a084d59fe3917a3831b68fa9479 -> d86f9f4463e6f9d99bb815e1f018ccf1
  custom:scripting/monoscript/fileName/AddMoveMenu.cs: 07e842d83dd343358454fef0a7927a0d -> e681c3341f01390e9c1d636ae93280df
  custom:scripting/monoscript/fileName/RestoreTestContextAfterDomainReload.cs: f915dc737a51db5619c0ddbc3d7e4801 -> 3f8ddcbc7c316ccf5012287995780eb2
  custom:scripting/monoscript/fileName/PlasticProjectSettingsProvider.cs: c126b47f9f934d48f0646c249a5bfcca -> 8c4ae1aeb34c51d2a5a8924265075ff2
  custom:scripting/monoscript/fileName/WindowResultUpdater.cs: 62ee47153c9bac0200ac618954dd51d8 -> 605812b0e2a9a0174e15ed86a3d5ac57
  custom:scripting/monoscript/fileName/Icons.cs: fab81a9d523e5a61e28f0f54bbcc88b3 -> abf089f96620a0dfa1fac77a06c6c48e
  custom:scripting/monoscript/fileName/AssetMenuItems.cs: 9ce81cedb8e568c6b7b646aa6263645b -> 
  custom:scripting/monoscript/fileName/ToolConstants.cs: a088b027c7b0922429c756f12b0507ea -> 3b0d2490617bc7f94a0bdab65a399e1d
  custom:scripting/monoscript/fileName/MergeTab.cs: f39dce5bbfdc053d284a55fc102a8be9 -> f0a9f00e065364eb63b070091ade67f8
  custom:scripting/monoscript/fileName/IAssemblyWrapper.cs: c5aecaa35bc67342edbe5a12fdcda610 -> 993dbd556e2f14ec6d4f6bce6cb00191
  custom:scripting/monoscript/fileName/UITestRunnerFilter.cs: 06335d4aeb6c8af701629dcac5fd648c -> a9e31eaec62dd508fa917eadb1c52808
  custom:scripting/monoscript/fileName/IUtpLogger.cs: ebcfd45287927053700f4f66ff35b501 -> 1b41334d9fc4fd5edb024e0bd2a6db56
  custom:scripting/monoscript/fileName/GetSelectedPaths.cs: 02423a81496d6c63598b5cdc203f4354 -> be35dd49dddd53fc840b9febf21b4d0d
  custom:scripting/monoscript/fileName/TokenExchangeResponse.cs: 0dd9138dbeab6f132711a5b608de5c13 -> f20183d4cf939766d3c1e15cc3bec2e3
  custom:scripting/monoscript/fileName/ChangesetsTab_Operations.cs: eca44847b108faefa69f8c525242c965 -> 3290c4c0cd248666e01a08ee6d621249
  custom:scripting/monoscript/fileName/ConfigurePartialWorkspace.cs: 309d4276b0164b05348aedbd51cc0b2f -> 10fcc6b6d43dd5ed36c43c6f7b5906c4
  custom:scripting/monoscript/fileName/OverlayRect.cs: 59d6887e4803f8a44ffaa0409470e410 -> 
  custom:scripting/monoscript/fileName/ValidRepositoryName.cs: 43c262be3f66a970816e3d3a3ee8872a -> 56bcf92a3678f6ad6215cae2e4914cfd
  custom:scripting/monoscript/fileName/OtherOptionsFoldout.cs: eea27b9873519c1ea7c35b8afc1b7947 -> cc8f3a7680050422963ebd2bf169a841
  custom:scripting/monoscript/fileName/BuildTestTreeTask.cs: 96cb982a37fe5925168754787bdebc15 -> ca4a5380bc07f43d0ad6bc5c2ca39b4b
  custom:scripting/monoscript/fileName/TestListGuiHelper.cs: 6d40eb061ebdba07e078b90b14eadffd -> 
  custom:container-demuxer-webm: 4f35f7cbe854078d1ac9338744f61a02 -> 
  custom:scripting/monoscript/fileName/TestResultExtensions.cs: f40703becc02ea8bc3b6c19d19f9d745 -> 1c512e213c49ce6d72b9d37b957b9372
  custom:scripting/monoscript/fileName/GetPlasticShortcut.cs: 2a84c035152261f00e7e66eb44cd0ffa -> 5c2b7bf07ddd2284efc64b09ef0f1f72
  custom:scripting/monoscript/fileName/LogMatch.cs: 3705a2877c87af4c4355c7933d389895 -> fed715ef044674dde53628d58d931b50
  custom:scripting/monoscript/fileName/TestCommandPcHelper.cs: acbadd8ac17c9074f1c7f1b037d57596 -> f958b2880473418011bc0cda18245d1e
  custom:scripting/monoscript/fileName/CallbacksDelegatorListener.cs: f80c4f45fed6816f24285f468af00026 -> 
  custom:scripting/monoscript/fileName/TestRunnerWindowSettings.cs: edf34156a2b1507caf7c6651f5ea4bc3 -> fb70b758f65d0605100dbd9482b7158e
  custom:scripting/monoscript/fileName/ApplyShelveWithConflictsQuestionerBuilder.cs: e109c624745dcc4304c557872b253808 -> 02e4256f31bc905362a382e31c3387eb
  custom:scripting/monoscript/fileName/GuiEnabled.cs: 1b1658fd7715b5cc664c10a130c6b629 -> 7bb13fcc8d8cbd392e00f7232841f086
  custom:scripting/monoscript/fileName/BuildPathDictionary.cs: 943911b84162d26cea47f964f9a0a399 -> 9fabc7cc73fcfc50b8a3307c6aa6ec4d
  custom:scripting/monoscript/fileName/FindEditorWindow.cs: 2bb64182aef631315344623cf583c78a -> 8c3c78bb7e82ac5008f8a2b8a0d68cff
  custom:scripting/monoscript/fileName/ShelvePendingChangesDialog.cs: 47aa4c07d31152c0c1eff64d2ba76cc6 -> 86b1f48b5fbaffa67e939e7f404062e6
  custom:scripting/monoscript/fileName/AnalyticsReporter.cs: c71b24da736c66608a20411bc3a519d2 -> 990f0ccd7dd9ebe56483e30a572c9394
  custom:scripting/monoscript/fileName/TestEnumerator.cs: bf6d1620a5c6bd3f28c72bbfed80e429 -> 26328e1622cb69ba0b1e01e906e7f65f
  custom:scripting/monoscript/fileName/DrawProgressForViews.cs: c153245b67af73b7ee03f693a1127796 -> 068a172cb549ad77d9873d721698bd0d
  custom:scripting/monoscript/fileName/EnumerableRetryTestCommand.cs: 73d6d5af06eff02f63f972c0d9d4ad7c -> b281084796eb91cc19de80f3f2b73a56
  custom:scripting/monoscript/fileName/UtpDebuglogger.cs: 06c62e7bf4b353d0d89b78258065c40a -> 2f96cd7ac1384aa23e8238df80ef8354
  custom:scripting/monoscript/fileName/UpdateReportDialog.cs: 706e7e86547c339cdb3a4462e3f7a54d -> 087837d8f73228f1a817d0de82c77260
  custom:scripting/monoscript/fileName/UnityMergeTree.cs: f81f2d7551ab855fe9dc724f3f2e2892 -> 59edaa0a4669bbcb540a261166adc144
  custom:scripting/monoscript/fileName/CycleMoveMenu.cs: 91c21a0be9b3727d7673f94321029c52 -> b3993a7306fc941f55ca963833965729
  custom:scripting/monoscript/fileName/HistoryListView.cs: 527da2d093462f1c4a278d6957e7d5ac -> 7b2d1d2c12ab43d9d244e35197127919
  custom:scripting/monoscript/fileName/ChangeTreeViewItem.cs: 506ed128854137d9f75f9e3d2576a06b -> b0a38ce0a620643c776a3db4fd91bc4c
  custom:scripting/monoscript/fileName/QuaternionEqualityComparer.cs: 1bf489e3042604f863689ba3c73f9e1b -> 0787e0a336d915c2829c2f55fd970a0d
  custom:scripting/monoscript/fileName/ITestAdaptor.cs: 2a73ddc53f1c7b5bf11396536f687ca4 -> 1f6228260995615097fc339d08bee2f4
  custom:scripting/monoscript/fileName/BringWindowToFront.cs: 88b20f2a2881db6a013f54923d68cdee -> a30c7c1ba746c6d277a5aedd3057d15e
  custom:scripting/monoscript/fileName/ShelvesViewMenu.cs: 947ea245959bf421539573511c3a0058 -> da5dc74b3444288f443961ecab7245d6
  custom:scripting/monoscript/fileName/ITestSuiteModifier.cs: 2c6fc66f35fdd1866881280ae909eaa5 -> 4374b14ce25f3e6c8b983b3d579e38b4
  custom:scripting/monoscript/fileName/LaunchCheckinConflictsDialog.cs: 4417eba1591eccb2221bfdce0106c1e0 -> e2c1e3f8f4e14a62e4363fe6259adbc2
  custom:scripting/monoscript/fileName/ParseArguments.cs: 03c1a4d7e357164ca313a0019713c3db -> ae915d9f5fe287ced40627c9ca8bfafd
  custom:scripting/monoscript/fileName/ExternalLink.cs: 685ff1dd6f55eb61a1fd8af84a2aa7f5 -> a8ff952d8c27d10f226ab92b7aa83b69
  custom:scripting/monoscript/fileName/WaitingSignInPanel.cs: 247680fcfc6a176b9fa28a3df600a754 -> 7585e1c7111b6b900784e6d1c9454258
  custom:scripting/monoscript/fileName/RemoteTestResultReciever.cs: 3396dcbdb7cfcd933b2182fbc1532e1a -> 
  custom:scripting/monoscript/fileName/OperationProgressData.cs: 0db72349eeecbe9449a517b1d79cc760 -> 15f68712baaea535af36d9e0333c0a6e
  custom:scripting/monoscript/fileName/ExitPlayMode.cs: 64d4ea6d596aecaf913f45e499564e88 -> f2eb63cb1a92bddb334eb5c2d75abc43
  custom:scripting/monoscript/fileName/IStateSerializer.cs: c5a3e7fac8482b2fe72d059b34fdea4b -> 2c22f7cb714163eee04bfe4b72ec4957
  custom:scripting/monoscript/fileName/UnityTestProtocolStarter.cs: d1e78341b65caa27eeb465ea61128aba -> e4b107bc354fd6dcbd62420da6500b7c
  custom:scripting/monoscript/fileName/RepositoriesListHeaderState.cs: c0353a1af15ae4fd3d5a2a3cac816423 -> fb71b961ab7c924511a6b0e8680b60ee
  custom:scripting/monoscript/fileName/ClientDiffTreeViewItem.cs: 56be9d3aa410e770e75de2d8b93be89d -> 43bdd7aa5bf1aa039a5b572c119c38d0
  custom:scripting/monoscript/fileName/CreateWorkspaceView.cs: c40bc4c8524ef3e2374ef997beb2e4a6 -> 9ae2295080d141c0f12d02a71014e11c
  custom:scripting/monoscript/fileName/CommandLineArguments.cs: 0d20ca25f94249586a7c1484c469d8a2 -> 48a62ad3f817c0269ea7fc4a53799594
  custom:scripting/monoscript/fileName/BuildActionTaskBase.cs: 8f6297df34271fdb1ce2d9607ec6261d -> 90647cc400823b41df847a6cbfc29026
  custom:scripting/monoscript/fileName/DownloadRepository.cs: 46fc68d9cc4da8e8ed765ff28b2dd438 -> 5bad8d3f76a3fcb41a94637e37c11ab0
  custom:scripting/monoscript/fileName/ParentWindow.cs: 2476d8a6ba9c3055f984ac9792cae61a -> d6aa079e592e01701c5baa3ab98898bc
  custom:scripting/monoscript/fileName/OperationParams.cs: 091a140b35535b91c773ddf98925322d -> 3312c7a4424a66ffbf2f88f056f329aa
  custom:scripting/monoscript/fileName/IEditModeTestYieldInstruction.cs: e4c6a749d843914165935ce080f657d8 -> ad49fb85f2d4ed0badb27552deac0771
  custom:scripting/monoscript/fileName/CachingTestListProvider.cs: cac67f32d723c8745a1f511390945781 -> bfcb79acce43a93633071168c814d063
  custom:scripting/monoscript/fileName/SignInWithEmailPanel.cs: a5823728eb62cf6dbd8c933c1cb26f53 -> 6e8957c0ed7609303e68389067e72d72
  custom:scripting/monoscript/fileName/UnityPlatformAttribute.cs: 05ff6a4a5828d32604e864a3b44f3fb8 -> e79555e200698f1b55c6c54851cd369e
  custom:scripting/monoscript/fileName/TestStarter.cs: e2d0587cebe915ea1c55ef726c6bd082 -> d1bc3fba65bb4735afc3828355ea6c72
  custom:scripting/monoscript/fileName/LaunchInstaller.cs: f9b7c99441bc32980ce9b95be066824b -> b75efdf5909b501e06cacd9c66f75981
  custom:scripting/monoscript/fileName/GetWindowIfOpened.cs: 84a2356c61155912908cf98a62600c22 -> fd8bfd1a9b371371ebbff48e377726f9
  custom:scripting/monoscript/fileName/TestPlayerBuildModifierAttribute.cs: e033609ef117a17dda08e3556f30bfa5 -> d4ffc53911ef24dec9dc901e0444a77b
  custom:scripting/monoscript/fileName/AvatarImages.cs: ea6dca998cf0ec5122553a9e010ef687 -> 3aa8c25a350843151ec4070c820c411a
  custom:scripting/monoscript/fileName/DrawUserIcon.cs: 2f65feb9bed897237f97fbf9c5479092 -> 7d5385bf780ae84e648a8b49f8fe0825
  custom:scripting/monoscript/fileName/ITestListCacheData.cs: 1c95486e8d67b5eedd3530759306c580 -> 09682e3e03141d9f43100cdaff3665eb
  custom:scripting/monoscript/fileName/TestListCacheData.cs: 1f5a847fa8b54233f179d3f9f5a719db -> 295232838ed90f85679b2d004562d59e
  custom:scripting/monoscript/fileName/TreeViewItemExtensions.cs: d22abf8de7a9ab0e852b869a652f100d -> 6849c47ffa8623d630ef12f76bd49905
  custom:scripting/monoscript/fileName/AssetStatus.cs: b9ea657347f2c22e8e401cdb256c516c -> e017010009bdb28bcb0d7d8ef05e7dd9
  custom:scripting/monoscript/fileName/BranchesListView.cs: 334a3fb302f855f71fb71520fb442a71 -> 3f5ed9fe5a1bca512014ae1600ee1666
  custom:scripting/monoscript/fileName/DrawGuiModeSwitcher.cs: 363adc150c5f1c5059a678f179906090 -> d3be34a3134d3fe80ef6b14d0d519128
  custom:scripting/monoscript/fileName/Is.cs: 0371baf7f4d4fda1df93e36baa3a7f7c -> 6922f89182cd28e32ba48e34cda7947d
  custom:scripting/monoscript/fileName/TestListGUIBase.cs: 3323ae02564bf80ecb144d790edf3454 -> a2b53f3d1923dc6fb3d7f4c9f9855104
  custom:scripting/monoscript/fileName/WindowResultUpdaterDataHolder.cs: e4b0333fa05c0f3ef2128a54294a2588 -> 2de8ba1615f5d28c30d54411d42e2524
  custom:scripting/monoscript/fileName/UnityMenuItem.cs: 5f445176ad3735e69769d93250663be7 -> 73f3c859f1b5092ad362c09e23b3a922
  custom:scripting/monoscript/fileName/WebRestApiClient.cs: 8ab6ae74a3793a3375cc48f328048a82 -> 746756fd499dddd02a4e7ccdbac48be3
  custom:scripting/monoscript/fileName/PlayerConnectionMessageIds.cs: a896cc1ebb022b48f652641f623e4c5c -> 2e4b7265f0eeb40e1260d00fe6e4614e
  custom:scripting/monoscript/fileName/ShelveListViewItem.cs: a37862556d04b25f75804d991e109d87 -> 373418f0ae11fc25a26ff7fe4f472006
  custom:scripting/monoscript/fileName/OpenPlasticProjectSettings.cs: 5a86fd454f7c9f74b62653e269818d3f -> 
  custom:scripting/monoscript/fileName/RemoteTestResultDataWithTestData.cs: 21f6a5ed6216bf99941b16dfe0613ec5 -> bcf701fb298ed6f8cab894b203300c37
  custom:scripting/monoscript/fileName/SwitchPlatformSetup.cs: 86e207190212b6666c14096ec0beb845 -> 576de741bbd585688af4b8aaf70f0708
  custom:scripting/monoscript/fileName/PendingChangesOptionsFoldout.cs: 2a2f5a0ba87bd75c4475236a9a012016 -> f9e651bcc5d4441496c88ab59a32f360
  custom:scripting/monoscript/fileName/IncomingChangesTreeView.cs: d8c19bc81b07c04d7721396d2821d297 -> 96479648d4498738733254eb4e4c6fb5
  custom:scripting/monoscript/fileName/GenericProgress.cs: 11287c7d038c487f32d0c8edc476a32d -> 8492ec26f01fc248d3eb3c2f5b3b6c0f
  custom:scripting/monoscript/fileName/ShelvesListView.cs: 0763e4076b11a683fa148282680085c0 -> 01c1f087b2f83b458da6b8ad18736606
  custom:scripting/monoscript/fileName/MergeCategoryTreeViewItem.cs: c1ecd9dc0cd73eb7eb129994dedc1a91 -> 6bd59fcbfeafe06987a54631991d755b
  custom:scripting/monoscript/fileName/CheckinDialog.cs: 1709b78fae1329cc05fd4f39334b25f5 -> 702fdb8d0a3b4bfcb9ba109e71325cad
  custom:scripting/monoscript/fileName/SortOrderComparer.cs: 8f6297df34271fdb1ce2d9607ec6261d -> 90647cc400823b41df847a6cbfc29026
  custom:scripting/monoscript/fileName/GUIActionRunner.cs: 69af7de0762ed6d085feb4cc4b5101b3 -> 4a0608de635b0d82868d57923d68eff7
  custom:scripting/monoscript/fileName/PlasticMenuItem.cs: 30c3a785b4c2607e2ae9aad693d5f604 -> 
  custom:scripting/monoscript/fileName/PendingChangesTreeView.cs: f3722f38014385705913f17dbe0f90c1 -> 17142d220a0a50a3f3d184c4718a0da7
  custom:scripting/monoscript/fileName/TestJobData.cs: 45c2452d3aa545742dc2b57ad55fa794 -> b5764cc21ae3016cae3c4ce5053458f7
  custom:scripting/monoscript/fileName/VCSPlugin.cs: 69c1b7249af35f35848ae707bd5e7113 -> 
  custom:scripting/monoscript/fileName/RuntimeTestRunnerFilter.cs: 230571a0569274dbd5e47e4595a3be33 -> 526247a6af82c71973a55c9c5be36280
  custom:scripting/monoscript/fileName/GetClientDiffInfos.cs: 4ae14b15e2cf5177a84735548a44cdc9 -> f8db8e637ded2d5e935a953a13b85ebe
  custom:scripting/monoscript/fileName/DrawActionButtonWithMenu.cs: d7f31944358aed2f3ed3982246fca039 -> 8d4f5edd02a1dd0f38c4f2baf5ee8a33
  custom:scripting/monoscript/fileName/ITestSettings.cs: 608b72c12786bbdd128c096353cc10e2 -> 7d6676128f469c2eefb2813ec592ab4f
  custom:scripting/monoscript/fileName/ErrorListViewItem.cs: 9bf59c82e9c9992a012a3eb2b6c2bfe5 -> 509edc26860f8be303ec97d68aabc30d
  custom:scripting/monoscript/fileName/RemoteTestResultSender.cs: 570055716108540c9c34e71343ce0f03 -> 2b6acbe484994dc310d0ac406904e742
  custom:container-muxer-webm: aa71ff27fc2769a1b78a27578f13a17b -> 
  custom:scripting/monoscript/fileName/AttributeFinderBase.cs: b09010f5776af2a4f3460127027ca105 -> 7e104530f871143fdb60a169114dd663
  custom:scripting/monoscript/fileName/EditorProgressControls.cs: b1f133fa38afd918d537a72574fc93a0 -> 2e606eb01a6e6a567f3de9a0379ed3ae
  custom:scripting/monoscript/fileName/PlaymodeLauncher.cs: 3a6fe823ef85e4189eb7e25bbb98798f -> 981dc587e53c0f0d21b816af7469156c
  custom:scripting/monoscript/fileName/BranchesListHeaderState.cs: d47f1164fa7093137db851c4c16ffba3 -> 82eab21603f4efc696334ee80641c2c9
  custom:scripting/monoscript/fileName/ExitCallbacksDataHolder.cs: 2a73f9623aa81becb5d8d11a43747b12 -> 
  custom:scripting/monoscript/fileName/DrawSearchField.cs: b11b864a92c7d76f85d4ec87d6faf61c -> 3de70beba9f4447205d50241d95b066a
  custom:scripting/monoscript/fileName/PendingChangesTab.cs: c99065f3c85ec85c85ece2a1a30665af -> 15ae6787065f4af65778e981f418a60b
  custom:scripting/monoscript/fileName/TestAdaptorFactory.cs: ac39772b57c14123c1a057d315d0217c -> b9e4d12260befcd688940e2c80db8ee8
  custom:scripting/monoscript/fileName/IEnumerableTestMethodCommand.cs: e89b2da6fd5c9e148c3a0687c618f62e -> 81260787415c187c9e413e476b816cd2
  custom:scripting/monoscript/fileName/MergeTreeHeaderState.cs: d266e9dd03ced7ec66ad3688e5f18f26 -> 6293ca7f65e9641fcbe12100e705a990
  custom:scripting/monoscript/fileName/BuildGetEventExtraInfoFunction.cs: 1308a6936e8051866a117b3b7c2c7b77 -> 74bfc8c01f931108a3c2b127aa04cc8d
  custom:scripting/monoscript/fileName/ShelvesTab.cs: 88e0da7511313c57d3f51ba183c4d3fc -> fca0a219bdad45e636bd34724e5dc89d
  custom:video-decoder-webm-vp8: 9c59270c3fd7afecdb556c50c9e8de78 -> 
  custom:scripting/monoscript/fileName/AssetsDatabaseHelper.cs: 3deb384d73768aa5a87c1835c3d7553a -> e690d63c7b932a5efaeaf8c476198e75
  custom:scripting/monoscript/fileName/WelcomeView.cs: 07e35bfe1faa2c52c049eb30958acd54 -> f06c185659ea2f4a75f9397861dc6096
  custom:scripting/monoscript/fileName/DeleteMoveMenu.cs: 39c593e854a9a8ae0e6d34ceb587fce1 -> 4d026cbabd8105e38661f97da078042a
  custom:scripting/monoscript/fileName/PlasticApp.cs: c440a0fb380601a77ad475d6c15d4fa1 -> c57de230d90beac7b586f10b9c7c6cb5
  custom:scripting/monoscript/fileName/PerformUndoTask.cs: a88080dc60788c59917e5a5da2beea27 -> f38e53873dc9c7e638622dda18102b41
  custom:scripting/monoscript/fileName/ChangesetsTab.cs: ef408d8aaf89e01b17643ed0c836680d -> 46dde8f7856048792ad2e75490bb8c5e
  custom:scripting/monoscript/fileName/DeleteBranchDialog.cs: efbbc070bfeda2b746e8b15a4380cb26 -> 8549b0fc52962c89115fd78724fee578
  custom:scripting/monoscript/fileName/IncomingChangesNotification.cs: d7ac4b8f9ea939309b8ceb7f729100a2 -> caa8ea2c7336b9227381f0971759e01a
  custom:scripting/monoscript/fileName/DrawTreeViewEmptyState.cs: d4c16fd6aad8161eda7d99fd74cbb08e -> 
  custom:scripting/monoscript/fileName/ErrorsListView.cs: cc3142391037796392fcd3fe860891dd -> cd35171982f17897dd5148dda46e0956
  custom:scripting/monoscript/fileName/UnityPendingChangesTree.cs: fd6f0a038401268983bd9328d10dec93 -> f391d9a00dc9e202cee4d4ebcf6d21c0
  custom:scripting/monoscript/fileName/RuntimeTestLauncherBase.cs: 545e0e1c1701551e51a349e0cfbf7e09 -> 9c570bd0d91da3e5211e4436ad92314b
  custom:scripting/monoscript/fileName/TestActionCommand.cs: 9d9a215c413c4354b3d31801a3312f5a -> 753f99c04dd69dc2a43030237870dd1f
  custom:scripting/monoscript/fileName/ClientConfiguration.cs: 5f5e47bfb7cedc7420d7e59c6d7ae6f0 -> 01b18b09a6dbb3756e1f42a5b64aab0f
  custom:scripting/monoscript/fileName/AssetVcsOperations.cs: 50ee89e011ba3d800b4e7a9a24aca7e1 -> 
  custom:scripting/monoscript/fileName/BaseDelegator.cs: 39f1c059498e3e1e37d5e631bbc24cc7 -> d270baecbc007d1328bc5c9991d1dea9
  custom:scripting/monoscript/fileName/TestRunCallbackListener.cs: 6d0e8c714fa72bff0fe809d3fbb8d587 -> 15fa13086a2949901b1e4a3584b83cd8
  custom:scripting/monoscript/fileName/IOuterUnityTestAction.cs: 1f62717facda0b560b4af9da3d21fc98 -> 58e7f8b884a5d88e319b8f448f29bfdb
  custom:scripting/monoscript/fileName/TestSettings.cs: df291dfe8fbaf1e1f1d4ae4925c14a92 -> d583ccee803a035f2d53ba29374aac19
  custom:scripting/monoscript/fileName/SynchronousFilter.cs: fb46e705a687283ca79c6357a2f78760 -> b84da53d6d10348793b3683f19a6d4b3
  custom:scripting/monoscript/fileName/PlasticDialog.cs: b0aae1bf1889af041741f324070b7b84 -> 63a17a2b696bc2a13c9046aa16f8cea4
  custom:scripting/monoscript/fileName/LegacyEditModeRunTask.cs: 2b5f09ef7f63773ca676d71969800516 -> 
  custom:SearchIndexIgnoredProperties: e643bd26f0fe6173181afceb89e7c659 -> 
  custom:scripting/monoscript/fileName/AutoRefresh.cs: 9d30d5d3f0e8985355be1ab597da1dbb -> 0a8afde180a876655ad16caa14493409
  custom:scripting/monoscript/fileName/PlasticPluginIsEnabledPreference.cs: 7953272c37f4a828a3d1096e7479f346 -> 
  custom:scripting/monoscript/fileName/GetRelativePath.cs: 9b16eb2de9e98b392077181cc34243c1 -> ab04ae5e0cafb93ebf5c96148bb52df0
  custom:scripting/monoscript/fileName/UnityEvents.cs: 253411328de37811883aded592b97268 -> c830e584565fcd66ca0d5a23ad8b9bd6
  custom:AudioImporter_EditorPlatform: d09bf68614088b80899f8185d706f6e7 -> 
  custom:scripting/monoscript/fileName/DeleteChangeMenu.cs: 540c783b689e4d6a4a383862455d5d39 -> bfa368dc06e11abcc107d6f80c7c19c5
  custom:scripting/monoscript/fileName/PlayerLauncherTestRunSettings.cs: 5d2b9db2556b475d527662dfc40538f1 -> ac04d6a6a9c6380f318071a2f4da8a2f
  custom:scripting/monoscript/fileName/SelectNewCodeReviewBehavior.cs: df6e8e132199ea6ec467c9bced11011d -> a16edf3a8c3e5ac26863e890f68fd937
  custom:scripting/monoscript/fileName/DockEditorWindow.cs: 581124d5e19667105f2446d6dfbf7982 -> a9e5e467234133af999283610b6e84e6
  custom:scripting/monoscript/fileName/ActionDelegator.cs: 0b37ded58104f18659a880de95881951 -> f2eb6c2fd33630cfdd6d3183b4a2ca3f
  custom:scripting/monoscript/fileName/ITestRunnerApiMapper.cs: 864c8f6cc3985f3365e8b5f02afeb230 -> 337d02b691c8103d2eedc6b52f4f76ab
  custom:scripting/monoscript/fileName/RerunCallbackInitializer.cs: a2ca4a4e4bb070fd30ec377e61ed66cb -> 
  custom:scripting/monoscript/fileName/ICallbacks.cs: e6fb4966887be0b97bef44d92d561a69 -> a9c5fd289272fce7e09c7f3e5f11b8a0
  custom:scripting/monoscript/fileName/ProjectPackages.cs: e247c98bd45807b228765f9a94d82145 -> 9e9e13e39b2e9718b602503b87245c18
  custom:scripting/monoscript/fileName/IEditorLoadedTestAssemblyProvider.cs: 0be7fc5fa38a5453fe58cce555760ed4 -> cbb3f715010afa8cd4f0f40294bb78ba
  custom:scripting/monoscript/fileName/BranchesSelection.cs: 7eb1fcb556f0fad697e4ec9d989be099 -> 33b36e7b03910960966036894ec90c7c
  custom:scripting/monoscript/fileName/TestListProvider.cs: 58a05dfe9100cc52adea57fc4a0b6c62 -> f8235933605b6a025c9638df0194bf97
  custom:scripting/monoscript/fileName/SaveAction.cs: b68fbb4319dbb368959c40781b39fdf8 -> 27c387bb58f3a69b0c9ff60d2209e18f
  custom:scripting/monoscript/fileName/AutoConfig.cs: 6c4e7f9dc55323aa1299debfe9723aa6 -> bf4bbd2f2e752464ef51dbf102faed17
  custom:scripting/monoscript/fileName/InvalidSignatureException.cs: 293ad969d76fdecf7dc5f86949047e54 -> f250eccc836ee674127ecdee41f7a4ea
  custom:scripting/monoscript/fileName/UnitySetUpAttribute.cs: 4ed69b5a4764c67bceaa6f04d0d8776f -> 78bcd37bf54751e70200df4ae24f405b
  custom:scripting/monoscript/fileName/DiffPanel.cs: 02288a38bd14cc2b52a25b302a6f154e -> 210366dab3631628227b9406f87a9b7f
  custom:scripting/monoscript/fileName/PlasticAssetsProcessor.cs: ff731c8aacf4a537dc74c7cf9eaeaed0 -> 
  custom:scripting/monoscript/fileName/PlayModeRunnerCallback.cs: 10f699e46ae6f3eea3e1c18bf2bc25ed -> 6cd874bc3032a6eaf4228f5877b27ba0
  custom:scripting/monoscript/fileName/DrawActionToolbar.cs: 52293cb82089e0370f52e257f41c0869 -> e05748a99799f26304c1bbafd90f703b
  custom:scripting/monoscript/fileName/TreeViewItemIds.cs: 7d654a2b5b3a10da3e7d8472196e96d1 -> 0cdf409b5aa8d4c25876d72b5c6a3b60
  custom:scripting/monoscript/fileName/EditorVersion.cs: 70953c9eccf7726f70c672a9a51619e9 -> 698aba075b19a52a056d67a7b809d179
  custom:scripting/monoscript/fileName/TeamEditionConfigurationWindow.cs: d06f049421c16e5927ec29f770917e09 -> e53b1ca5561894aaeff930afb696d001
  custom:scripting/monoscript/fileName/ProgressOperationHandler.cs: 5fbb4e0f656dcfaa4498bd2e492e4710 -> ec62666c0ca1649dd33cc6bc6834c6f7
  custom:scripting/monoscript/fileName/UnityPlasticTimer.cs: 961fdb6492c99b4a3eadbed28e78c4b0 -> 6c887e722e951c2964523825cad70c4c
  custom:scripting/monoscript/fileName/TreeHeaderColumns.cs: 9fc4a0396a421346b8aa3b7788860851 -> 316e5ea62e66b20fd6e687a6b9e5958e
  custom:scripting/monoscript/fileName/MergeOptionsDialog.cs: 25ac62df73845405e13f44e4dfdcf0d1 -> 9250ce23d260ab84f87bd5899c6cf983
  custom:scripting/monoscript/fileName/AssetFilesFilterPatternsMenuBuilder.cs: 8fe5de6e5dc3d42fb7e95de2aaedbf5a -> 0d99e7514c6a33cda8314deed8f34bc5
  custom:scripting/monoscript/fileName/ICallbacksDelegator.cs: 3824b8185f5cd32ad0de995dbcedd1e3 -> 2bfa822de05a601b9fbe2f79d4d317c0
  custom:scripting/monoscript/fileName/MergeTreeView.cs: 143a828a1a236483d3cdc1d010ce9d51 -> 3feb38cec50d3fc7576ddbf07a9a9ce8
  custom:scripting/monoscript/fileName/TestAdaptor.cs: 8d757a7cd1f19e6976312b3b884a590f -> 486cec8559bad7c56adc699f165feb67
  custom:scripting/monoscript/fileName/PlasticNotification.cs: 3629fdff9f054b2013702f5b131b2c47 -> 
  custom:scripting/monoscript/fileName/TestStartedMessage.cs: f3c1a94a591f54531913c8a032d9a4b8 -> ac38229ae4e3c67de75cf9d77c73b95e
  custom:scripting/monoscript/fileName/CallbacksDelegator.cs: c76e06d7a0a6084464f55a923795d8df -> e0dcdade48f633c0a7cebc925bd686c4
  custom:scripting/monoscript/fileName/ConfirmContinueWithPendingChangesDialog.cs: c0e147ff008a0b77c9337132a3ea70af -> 77462b1904ad8f6fee2f8da4523d59fe
  custom:scripting/monoscript/fileName/ShelvesListHeaderState.cs: d3cea237aa496a145829475430d90f29 -> 287f23cbe09ecb9b28ec8dd05ede8846
  custom:scripting/monoscript/fileName/ChangelistTreeViewItem.cs: a4a6f6169cdb3afe249e104e2b7b1a2c -> 87f69636be8bd1a264ec4eac1bffa701
  custom:scripting/monoscript/fileName/PlayerLauncherBuildOptions.cs: 1155187d1390024c0e84b222b67c4059 -> 39352f62028667e3cc8d13371f828f55
  custom:scripting/monoscript/fileName/CollabPlugin.cs: bda741ff77a19affbf276298e29313ec -> ca276d65e7cd77c5c99d9f119ffdb215
  custom:scripting/monoscript/fileName/TabButton.cs: 757146b89ed597b1d75c77241e5d5f63 -> 
  custom:scripting/monoscript/fileName/RegisterFilesForCleanupVerificationTask.cs: 89d04f0389116a1354de9cde88045aa7 -> f18fd2d946c9ea52b8232f47d6d70221
  custom:scripting/monoscript/fileName/LaunchTool.cs: 3ac53c8af1f56365aad9e1ae5366d98d -> 60773d78646dc188d4b2caca77f20b17
  custom:scripting/monoscript/fileName/RunModal.cs: 33b931100ee477e6812324eabaa2e837 -> c83ee2ef642c5d8b8dfd32f033bfc438
  custom:scripting/monoscript/fileName/TestRunnerStateSerializer.cs: 68058e60ab6d5d33b7935f4205c97bb2 -> 7206f4f1eb4c5991ea76b5c39830dba4
  custom:scripting/monoscript/fileName/BranchListViewItem.cs: 8fdaa5aa842f5a70237affa304b9d506 -> 55028f4aef24d6227589aaa95582b2ff
  custom:scripting/monoscript/fileName/LogEvent.cs: a1178cf4bd49345a2f924044f341effd -> 9bf386b9808c16608387e196f7a5e9d6
  custom:scripting/monoscript/fileName/GetAvatar.cs: 07c98163f75f0b7c672bd453fc82bf61 -> 04ffae2a9e5a4c32a119f93144f558d2
  custom:scripting/monoscript/fileName/PlaymodeTestsController.cs: 7726dd936e1c608c494987ba2754eb47 -> 59c9d4597d46ecf4c6fbc8f49c64d0b9
  custom:scripting/monoscript/fileName/MoveAddMenu.cs: 81d47caeb9f49803adfe1627c8ce5bf4 -> 1fbfab870b2e95fdd8a81f6019f764df
  custom:scripting/monoscript/fileName/FindTool.cs: fc3b0710b24078288fe829d0bb041dd0 -> 2f9d82566cfb01fb68fc30111fb47624
  custom:scripting/monoscript/fileName/ChannelCertificateUiImpl.cs: 75d7831ab5da75cc0082e28863abb142 -> cefccf1e13b7bcf15e3c9f2dd4cd2fc8
  custom:scripting/monoscript/fileName/ApplyCircleMask.cs: 02eb67e485278e7c9b719fee5ff90f4a -> b955b378d261fdcbd6272fe8711d1e4f
  custom:scripting/monoscript/fileName/TestListTreeViewGUI.cs: 5d4e7ac9fc0c5382f19d49599ef6cbd8 -> bf873c97e960a33b0be65a5b638e7ff5
  custom:scripting/monoscript/fileName/TestJobRunner.cs: e4deb98063838e020557c338e0bd4ebb -> 1c3d9f2bfcdac33a01c4bb25c392ab4f
  custom:scripting/monoscript/fileName/TestRunnerCallback.cs: 61231fce5590e38bfc5e9165e9803d8b -> 
  custom:scripting/monoscript/fileName/AssetMenuOperations.cs: 131bfc7279b97eba576abe13a47f8f91 -> ebcce67603e288b4a84d49287db6ef5a
  custom:scripting/monoscript/fileName/ShelveAndSwitchOptionsFoldout.cs: 676902ec49ff9c5abb2a832f067966e8 -> e7b216a23869eafb9aecd00a8905fafa
  custom:scripting/monoscript/fileName/VisualElementExtensions.cs: cd98f4a51563fccdfc39eed097290325 -> 0aad2728225c469038631668406aebb3
  custom:scripting/monoscript/fileName/FailCommand.cs: fba5f7b9c1e8d00f41e9076aac4a1d8d -> e0622be95cb9f4c04ff53066589d6d7e
  custom:scripting/monoscript/fileName/LocksSelector.cs: 70b046a562568fd78d093736e68a3a58 -> 7b0f4fc5552c1d92ba7f4648526ceb21
  custom:scripting/monoscript/fileName/ListViewItemIds.cs: 8f6297df34271fdb1ce2d9607ec6261d -> 90647cc400823b41df847a6cbfc29026
  custom:scripting/monoscript/fileName/CreateWorkspaceViewState.cs: 1deb37b3c17c224d9a7dca9c990ea191 -> 0fe23b7cca9336b31a27790c714de652
  custom:scripting/monoscript/fileName/MergeLinkListViewItem.cs: ebc1e6f9e3a3005d8f4c51a794adfdaa -> 3fa407d29597803190dd374d88ed170d
  custom:scripting/monoscript/fileName/DrawCommentTextArea.cs: ad5449f632fd412ac0f7ba0d171fd453 -> c58c26552f95f108a8d9610eaf001fbc
  custom:scripting/monoscript/fileName/TestRunnerApi.cs: b582e8d89da1ce04ff5e8605fa1b5a2e -> b5c17af6fa247dfc791b512a209021d3
  custom:scripting/monoscript/fileName/ErrorsListHeaderState.cs: 9141660c9776c5dac5f980fd03a672a8 -> b961336a4a43551eb826f97c57673007
  custom:scripting/monoscript/fileName/MergeViewDirectoryConflictMenu.cs: d45972e8b5f74223c607a4daa895ff3d -> fad8e1937fc14fd75ca21a68ee1037b8
  custom:scripting/monoscript/fileName/RefreshAsset.cs: 4479d2949a66a97f66d1e550067f3767 -> 5a15c606785f1f54a697bb0d0d846dfb
  custom:scripting/monoscript/fileName/IUtpMessageReporter.cs: 02b26b8c414970dd7d96e6dcfbe9a861 -> e8e6a62b6032a5642706a62156dd8314
  custom:scripting/monoscript/fileName/BoolSetting.cs: d67f952c3a5976591f3e9a9e7356bbab -> 12bf039ccd38b0f4ccfffbec3cbbf108
  custom:scripting/monoscript/fileName/MoraController.cs: b21687ddb03d73bd9f0c1daecb9714de -> 
  custom:scripting/monoscript/fileName/IErrorCallbacks.cs: 525b2a3e515b976057d42e4abfcec602 -> fd7a49712e8a919d38dd0fddef8872df
  custom:scripting/monoscript/fileName/IScriptingRuntimeProxy.cs: 207c12828ef43f5ca31b3bcec485e9f7 -> c75af2a6ef439df9f19f151aeb5749ea
  custom:scripting/monoscript/fileName/ExitCallbacks.cs: 716173503afdef0ae4c4023adba1972e -> 
  custom:scripting/monoscript/fileName/CreateChangelistDialog.cs: 774371d4233cc1d394d98dc80507a1f8 -> 386b03e27c951c5f1d63daf7aae486ca
  custom:scripting/monoscript/fileName/ImmediateEnumerableCommand.cs: e79fd27a9b7f6505ae6a4aa7c72274db -> 89dd27d23dccf969b99d79611e8fed9a
  custom:scripting/monoscript/fileName/ApplePlatformSetup.cs: 4b442da1fea709240aeaf74bde720d3c -> 0ceeffeb4378c50fe08ff9b5d16a73f3
  custom:scripting/monoscript/fileName/HistoryListViewMenu.cs: 15a489e494f04a7ea37a587c7601070e -> 29770348599c8d5473b78d72e5741b40
  custom:scripting/monoscript/fileName/MergeViewFileConflictMenu.cs: d7362b83d6b320a0f0ceaf99dbe21727 -> 8fc0f292158abfa71c2c7b3b6f38d32a
  custom:scripting/monoscript/fileName/FilterRulesConfirmationDialog.cs: 5186d89f21d03764f0cca01c2a0122d7 -> 9c91c6c91f20e6d013a753f32343b327
  custom:scripting/monoscript/fileName/LogAssert.cs: 8c30e2367a22f747fb9a538551ddb198 -> 195ab501c85f741ece9ac8b49385dcce
  custom:scripting/monoscript/fileName/ChangesetsSelection.cs: d154d1782ed752b83834c54a0bde3df9 -> 8b9d539af9f7e269bac4e3d79e9ffab8
  custom:scripting/monoscript/fileName/ITestListProvider.cs: 4f1a13a1dbecabb9f7515cef8fe120ff -> 0169c532d74787e64cd4163cd55d4572
  custom:scripting/monoscript/fileName/AssetPostprocessor.cs: 96208057b904410715a8df295ba4f8f4 -> 
  custom:scripting/monoscript/fileName/AllocatingGCMemoryConstraint.cs: 2542b507c3de77a99c0db5c1357ffb65 -> 8b2ed7fbfb529ba318fb8425f7a81278
  custom:scripting/monoscript/fileName/LegacyPlayModeRunTask.cs: 8a159c990fea520d0af36b86d243e79e -> 
  custom:scripting/monoscript/fileName/IsResolved.cs: 67a72533af97b9ab7830798057ab806c -> f54a3e2c5134aa4306f9ad150b1911a9
  custom:scripting/monoscript/fileName/TestCommandBuilder.cs: 7c013615052dfed5e39b8bb914f01cb8 -> bf61faf29c0aea0c4e5d4ac76abaee13
  custom:scripting/monoscript/fileName/LocalStatusCache.cs: a558fcf5f34357bab4cfc7b75e2bb356 -> 30974ea30517fbfd1b93153f6c849a76
  custom:scripting/monoscript/fileName/ITestResultAdaptor.cs: 8d865eb70a8464f5288b9274d9abc979 -> bb9e1bbb2ff45e5a5f11e877a24721d7
  custom:scripting/monoscript/fileName/RepositoryExplorerDialog.cs: 143e7416b576681e1f2ea71288e530e6 -> eea34924da79ad7254f3e141a891c78d
  custom:scripting/monoscript/fileName/Vector2ComparerWithEqualsOperator.cs: b6f6b1f33f1b74ed974042f5e0303f0d -> 1851f392f974d4a42efb0de68a402e9b
  custom:scripting/monoscript/fileName/TestFinishedMessage.cs: 90745d8bb0dd1bfeebb724d118b2d483 -> ccd3538dc4059cd71acd9bfea48dbc80
  custom:scripting/monoscript/fileName/BeforeAfterTestCommandBase.cs: 8f6297df34271fdb1ce2d9607ec6261d -> 90647cc400823b41df847a6cbfc29026
  custom:scripting/monoscript/fileName/Vector2EqualityComparer.cs: c680a095e66b9bf90931050b8b145b65 -> 4ac8b0db10bbdb7ea68d4be944c5b941
  custom:scripting/monoscript/fileName/ITestTreeRebuildCallbacks.cs: c7090567546723c1f0a184a18f5ac1fe -> f952713f83d574a58f719696be7e52a3
  custom:scripting/monoscript/fileName/FileCleanupVerifierTaskBase.cs: 50c4fc5e4ffaa31cb467fc75616b7129 -> 8c0e90b329ac988e22429767c222f3c6
  custom:scripting/monoscript/fileName/UwpPlatformSetup.cs: c89362d564a60469ebbb75e8e12d340a -> b9f50f93de5f547a7eaf96f1bc58a80f
  custom:scripting/monoscript/fileName/WorkspaceWindow.cs: ff52e13cd29dacd66db0169e14f71a23 -> b042f06133312d3bfed176231d97d77c
  custom:scripting/monoscript/fileName/BranchesTab_Operations.cs: 764cb17e9337c58ad4f5304b60b2042e -> 57c33f76c527a5aba4d269245ffff188
  custom:scripting/monoscript/fileName/DiffAndMergeOptionsFoldout.cs: 080cbf9242c0571bafa2e45ef8932448 -> 2810bae564e92b04bc7ebe4e47a2880b
  custom:scripting/monoscript/fileName/PlasticShutdown.cs: a8df8eeeed98372d06e446171a192a6d -> 
  custom:scripting/monoscript/fileName/FilesFilterPatternsMenuBuilder.cs: 28072cd275c96994687e6d4d0d6e1dff -> cf716a8d336c8113475a9ca67a799ec1
  custom:scripting/monoscript/fileName/TestRunnerWindow.cs: beab6dc6591535c1b37ec310f1e15af0 -> 156fc89bab7bdd82ca70e07c9aa9ebbd
  custom:scripting/monoscript/fileName/HistoryListViewItem.cs: 2d3b1fc954b6bdbae298ec250ade0663 -> 96f2b67ec620b83e35d13f11877e1ac1
  custom:scripting/monoscript/fileName/RemoteStatusCache.cs: 00463e6b90cfe7da080d7c266f783980 -> 402d5663f3675e9324c129274b0c00f2
  custom:scripting/monoscript/fileName/EditorWindowFocus.cs: 1012e4e2e29e9b29bdcc03d8b92762a8 -> f258b0cf85078a7435d001e522d5e8e3
  custom:scripting/monoscript/fileName/EnumExtensions.cs: dbfa4dc82972125e904bf705c452c1b9 -> cda0742409c4e8ba02ffb7d89dff3e4b
  custom:scripting/monoscript/fileName/ColorEqualityComparer.cs: 9c477fa3f8fc3439b732377dad0e7a34 -> 9ae684bc4a6b608abc9f7f131bd7cb1d
  custom:scripting/monoscript/fileName/NewIncomingChanges.cs: fc48261878ef7e4b956e7172f5803aee -> 
  custom:scripting/monoscript/fileName/IAsyncTestAssemblyBuilder.cs: f88864ba85e2ec28df36a1a7af1974da -> d4bd9849c11964145b1082a4b1d477fa
  custom:scripting/monoscript/fileName/IsExeVersion.cs: 093723a3ef9cbad630dfdc60c764eff0 -> 9ef63354090e3419637bfe79e3489687
  custom:video-encoder-webm-vp8: eb34c28f22e8b96e1ab97ce403110664 -> 
  custom:scripting/monoscript/fileName/UnityIncomingChangesTree.cs: f774bb8bf0bd45a254894c795843c695 -> 42967773c43d3de5d23be4ddc6dfd9c4
  custom:scripting/monoscript/fileName/RunData.cs: 91eb6697698b63fe6764d1aca25f1f65 -> 772bee3d6504258eed6027a2ae076850
  custom:scripting/monoscript/fileName/ResultsSavingCallbacks.cs: aaf02a1e7a92c3896802c1deb489aa0f -> 96b4b28711ac58ce3dc199f3f7371922
  custom:scripting/monoscript/fileName/RerunCallbackData.cs: 4e0f854372c4476a9269ddc9aa7c8edb -> 
  custom:scripting/monoscript/fileName/UnityDiffTree.cs: 447fc3a8922f56330f4bae8c9dc9a8be -> 1029ffd567bc0e646e6b119719dcb2ff
  custom:scripting/monoscript/fileName/TreeHeaderSettings.cs: 114eb9e27124403e8e111494b8eaf987 -> 662b1714c0fce36da72bbfe60201987a
  custom:scripting/monoscript/fileName/PostbuildCleanupAttributeFinder.cs: 23c3a89f1d3b5b5defeaa7555afa30b6 -> a060814a414a9bab17671800d815861d
  custom:scripting/monoscript/fileName/UnityConstants.cs: 323df5e3c80d05e06517581c776fde34 -> e3d3c3e11a194da9e5bbbfb97087a7bd
  custom:scripting/monoscript/fileName/IsExeAvailable.cs: 3e4283303610c884e542b8f6d3e922d4 -> 4a3dbc5ded94087064afd97407f26631
  custom:scripting/monoscript/fileName/LoadedTwiceMenu.cs: 961f9b82936caa7937046ac23d323c2c -> b54aa2e14eb740621bb6f926af7cb8ef
  custom:scripting/monoscript/fileName/IRemoteTestResultDataFactory.cs: c24506e6d6305475bf6a430f77ac582f -> 75d430448dca0118dc834f9aa964be1e
  custom:scripting/monoscript/fileName/TestRunnerUIFilter.cs: d43f81399e97649a77164015894ec5cc -> 15cddad256d0a7abe9cb58af110bbb72
  custom:scripting/monoscript/fileName/AutoLogin.cs: e67ed70aada38469aeb667115929c368 -> b4cb98371fc38cca00d7123b7e649e12
  custom:scripting/monoscript/fileName/DrawMergeOverview.cs: 1db93bf179b38015949e3a3cb6ef1bd3 -> 49e0e525c3c170f79c20dc6779b7ead8
  custom:audio-decoder-ogg-vorbis: bf7c407c2cedff20999df2af8eb42d56 -> 
  custom:scripting/monoscript/fileName/UpdateReportLineListViewItem.cs: a101f0ba5292fc139445870b3f4af838 -> 9f63395e1ea590dbbab4d59cd0032ac4
  custom:scripting/monoscript/fileName/DrawSplitter.cs: ec7e8739eacabcca3e2946d9833eea0f -> d2f114a8e8e4167f7762d835a83b2f55
  custom:scripting/monoscript/fileName/IAssemblyLoadProxy.cs: df5d93b09382b84c770bb8c70be641c2 -> 10a2bd4f9f1d29ac107ff7e510533c16
  custom:scripting/monoscript/fileName/LaunchDependenciesDialog.cs: e1c527862a66e73f0417ae177d7fdfb5 -> 2cabf22eb95430074b6c730a84e03493
  custom:scripting/monoscript/fileName/EditModeLauncher.cs: 9a2b5bcdc6140673378e5f8105411606 -> 
  custom:scripting/monoscript/fileName/CredentialsResponse.cs: 96b135ae1c4ea541dc762170ea524fa9 -> 3dd2507693e56dac75ee7783f598cbb9
  custom:scripting/monoscript/fileName/GuiHelper.cs: ce709a7d3615bce262722b2ac52d710b -> 7bbb51d455f8994ae6185c7dee04068a
  custom:scripting/monoscript/fileName/LaunchDiffOperations.cs: aeae601320588a70eea7590a2f7e0f69 -> 871a0804a9fe2d9f2ad088303a89a63e
  custom:scripting/monoscript/fileName/PlasticSplitterGUILayout.cs: 111849f67dfbfea65ad2a9298ad1654d -> 
  custom:scripting/monoscript/fileName/TestFilterSettings.cs: 5275be823d4854688aedadf9bf48dfa8 -> 
  custom:scripting/monoscript/fileName/PlaymodeTestsControllerSettings.cs: e4d6c3f42e8f4d17c80242b34c68fd06 -> 90cec9ec9d50d9e797d7b80fa88b49ed
  custom:scripting/monoscript/fileName/CheckinDialogOperations.cs: 0b2a2cd4c41cf1865a29cf91b2a96a48 -> d032d69e8060311c06b88286e8f22ddd
  custom:scripting/monoscript/fileName/StacktraceFilter.cs: 0a3b08d5dc42e75c1d72e2851ec00d95 -> 2f4728b5b8f653bd2197ec8c4b722e7d
  custom:scripting/monoscript/fileName/PendingChangesViewMenu.cs: 68fab310addfd7068cfd7920070496ff -> 9b0019b6df6bb14eb3a2dbafa53fb54b
  custom:scripting/monoscript/fileName/SettingsBuilder.cs: 2166bdf8e77dc5f252cf6909a9196c25 -> 9aeeee75a181ed82e0343a1fb6b9cead
  custom:scripting/monoscript/fileName/SetupException.cs: fa81854dd78d6f47fd79d813aacdb097 -> 38724dd55c58f65b09d9fda4b6161021
  custom:scripting/monoscript/fileName/AssetsSelection.cs: 35cec24e81f0cb1de51daeb356abc4ff -> 0227d7ff4d5687932d10967a945a9b06
  custom:scripting/monoscript/fileName/EnumPopupSetting.cs: 8f6297df34271fdb1ce2d9607ec6261d -> 90647cc400823b41df847a6cbfc29026
  custom:scripting/monoscript/fileName/PlasticConnectionMonitor.cs: 920e8e381bfc94da8bb69d336dda57ca -> 
  custom:scripting/monoscript/fileName/HistoryListHeaderState.cs: 6226ef13a567fa81584864f8698be331 -> a87e0364d14866c369ad50d669bdfa85
  custom:scripting/monoscript/fileName/EnableSwitchAndShelveFeatureDialog.cs: 2cb9334d072aaff777efab2d72a2583e -> 03bdf2f298649e7c429ac90c7a3c461a
  custom:scripting/monoscript/fileName/CloudEditionWelcomeWindow.cs: c886fdb39f4b8787e6ea3701a8f88f4a -> b1721e471183956468462f6b64901640
  custom:scripting/monoscript/fileName/AssetsPath.cs: 367269acf8f676d2cdd30fdc387b3920 -> e0e986124adc46d913f0683c34b88c9f
  custom:scripting/monoscript/fileName/LogSavingCallbacks.cs: 273a5ca581d39891e634ebf18363d22c -> 8eb93b3e2c76ea1a8acb6e2d0b5c5f91
  custom:scripting/monoscript/fileName/ITestAdaptorFactory.cs: bdc8323a65aed17f1190c56e7c6cfc5f -> 0cef1125679c38dd172e82c8aed26eb9
  custom:scripting/monoscript/fileName/MetaPath.cs: 1f80313a7ce6ec6ece505285578f5745 -> 417a84eb354831f828a6752b26c8592d
  custom:scripting/monoscript/fileName/TestListJob.cs: 12fc4e0dee9c9032467b6469e3bed3a6 -> 3a58b9c1d09f7f4ecb41254c8497b5c7
  custom:scripting/monoscript/fileName/AssemblyWrapper.cs: 27441573157e5964a8aeb7d356d13908 -> 888ba979193ec837feef9add74101219
  custom:scripting/monoscript/fileName/CredentialsUIImpl.cs: 90e9c2de8d7bdd8424e0d89c415108ae -> dbacf67c37819fd95562fe169e706732
  custom:scripting/monoscript/fileName/Executer.cs: 115c3fa08937a7411c01dd40a690d19e -> 3f667ef14fa1c500658713b8aa31fd85
  custom:scripting/monoscript/fileName/FullNameFilter.cs: 03e8efaa11fd7332f02cf89719dd5868 -> 7c49c279cb0d631ca64d8b7d70065d9c
  custom:scripting/monoscript/fileName/PlayerTestAssemblyProvider.cs: 4e1569ec89688dc213248db31fc5f2f8 -> cbdd04f669e4e0054bad4f9d3133a10c
  custom:scripting/monoscript/fileName/ChangesetsViewMenu.cs: b720f0168f4ce1b1e0d358a6d5ec9a42 -> 7d1a2de81910b5990e71a0bfff26fdca
  custom:scripting/monoscript/fileName/AssetPipelineIgnore.cs: 0d6998b45aa259f19df735cf43f30691 -> 09786e27e9aef22fa608d3ec356f88ff
  custom:scripting/monoscript/fileName/UnityPlasticGuiMessage.cs: 2a7f71f59c0d7dc731fd345a3713957c -> 24eef0792e3802809607a7f9d04b8f1d
  custom:scripting/monoscript/fileName/OrganizationCredentials.cs: ee462057b3bd23cc3dab953ac4d656e2 -> 0b123406cadd651e9adc01c85fab5124
  custom:scripting/monoscript/fileName/PrebuildSceneSetupAttribute.cs: ab58680b1420f8e2f2a2597e848d8216 -> 7863da9f66129a3cef8eac0a1f19b990
  custom:scripting/monoscript/fileName/StatusBar.cs: 2c8c488a8bbfe924f6b53b202ff6aadd -> 
  custom:scripting/monoscript/fileName/IsCurrent.cs: 7343ceec4312304bb8b398eeb6c375fa -> cf1fd01890d0fd9f011c1a1a491e2cf0
  custom:scripting/monoscript/fileName/Message.cs: 6525f110369b368a724db9468ed4c271 -> 671a789acb2c7a93d0b620fe02979957
  custom:scripting/monoscript/fileName/TestTreeViewBuilder.cs: 8dcd834c64e4c5915b417a6eadea3b2a -> 6e6e33e8d70cf17e89715badfaf4fed5
  custom:scripting/monoscript/fileName/EditmodeWorkItemFactory.cs: 59e0f470d3c4d6fcf2997a182c89bbcb -> e9c8ba8d2a4b7d9a886e64626b2e6205
  custom:scripting/monoscript/fileName/TestListenerWrapper.cs: d3b4dda00570273ec0c1794249fac5d6 -> 9bd83ba3a6a675f3c605795064caa62b
  custom:scripting/monoscript/fileName/ChangesetFromCollabCommitResponse.cs: b986ab8b1acd322b0367812e2d541734 -> ba336e4117e1b7ee28e4c17197bc3d0e
  custom:scripting/monoscript/fileName/MoveToChangelistMenuBuilder.cs: 3a2ef8cb0baf69e5dadeafc731fe32a9 -> a90b3e388d3e1316fa104d4c9a03e2d1
  custom:scripting/monoscript/fileName/LoadingSpinner.cs: b3299af90b664a9f42123e7df43fae24 -> 6aff0ac022d117a8e24a7b5e4b11904c
  custom:scripting/monoscript/fileName/LocksTab.cs: 134c512484ae73354c15c06a6dc69f9f -> 00ffb5a39c16fdc2d733c7e53471a3a9
  custom:scripting/monoscript/fileName/BranchesTab.cs: 764cb17e9337c58ad4f5304b60b2042e -> 57c33f76c527a5aba4d269245ffff188
  custom:scripting/monoscript/fileName/ExecutionSettings.cs: 3e46076abe70bbfac850fc39d98561b1 -> bbd5f229f5dcda0d2d7d6fe8eb266a59
  custom:scripting/monoscript/fileName/ToolConfig.cs: 18b1ea271ce5e7b6deea7b4e8e175269 -> fcffc3165b047f54ed6ccafa4c8760dd
  custom:scripting/monoscript/fileName/DropDownTextField.cs: e66e7314096900597993d2b353757d8d -> c8fc484ce140049ff31ebc2c6cbebf28
  custom:scripting/monoscript/fileName/CallbacksHolder.cs: 064e7d359062664728ef608c9f03a07c -> 8b4255bb9b31589c4c3dd9303007381d
  custom:scripting/monoscript/fileName/AssetsProcessor.cs: 47679a6e15b70f4fef48eb1b2df31b19 -> 18737889e95cd4088e8dfd4153fa8f40
  custom:scripting/monoscript/fileName/DrawActionButton.cs: d847a7d82ac92cab2b3d0ae268cefb3d -> 81e6708d2b8fa199354e53f85db731a8
  custom:scripting/monoscript/fileName/TableViewOperations.cs: ddc7b903e0dbd6bd109f2bd709b95f0e -> bef3a31deb1fe794a90f767d16e4c868
  custom:scripting/monoscript/fileName/CategoryFilterExtended.cs: 4662b13a61207dc88937c796423baa70 -> fc9bf6f795e045112c18a4c1343c1ae1
  custom:scripting/monoscript/fileName/UpdateProgress.cs: 5b04f01bf199310f09ab9522f89c78f4 -> 281e1e05168d6a30be1d8d2f6200bef8
  custom:scripting/monoscript/fileName/RequirePlatformSupportAttribute.cs: 7ce6733bee18de599a69cb974c92fdb6 -> 6918694e41aa1ffd5ee72bd04646d4bb
  custom:scripting/monoscript/fileName/OrganizationsInformation.cs: b3f0758c6655b2dad1161792812992fa -> 5f067ea8d90fc79055a3dcfd58ae6dca
  custom:scripting/monoscript/fileName/ChangeDeleteMenu.cs: 652dcd6f863c509bfa0376b6d95ab1ec -> 4fefe66d6e279ce0ac2fdc57d409f232
  custom:scripting/monoscript/fileName/SubscriptionDetailsResponse.cs: e10e0299ef716630c63b8cf5f792cda0 -> e5121cec860a6d1097cc809217b3d8fe
  custom:scripting/monoscript/fileName/ToolbarButton.cs: 47dc767626bbd94d66707af31ddc5eb6 -> 
  custom:scripting/monoscript/fileName/DrawProgressForDialogs.cs: 5f8d39e3ea7c4a42148c6b1a7b4ca061 -> a5f2abd8875e7a6afbc171fabfbae81f
  custom:scripting/monoscript/fileName/TestPlatform.cs: 1e3283087fad58204285b5e9c2e16b4e -> 63c69f9b78d9a1c2cdf167569fd572b6
  custom:scripting/monoscript/fileName/ProjectViewAssetSelection.cs: 349dc288d32791de51156d4e59000b7b -> 2560eadaf6a13a74a46a4a207cd5a8b6
  custom:scripting/monoscript/fileName/DrawTreeViewItem.cs: cceebc4f1185658619e40964f29acb08 -> 0921a62a588ab864253743d1f07afb5a
  custom:scripting/monoscript/fileName/RemoteTestResultData.cs: ff93ebb056d1cf8fdc7e897597b04ef6 -> 68a2b51f8872b9ef697b2155d9835735
  custom:scripting/monoscript/fileName/DrawSceneOperations.cs: 2426c0c2ee58cd28be59874f6425940c -> d87f46f9fb97181a2f51490ea2e1efc3
  custom:scripting/monoscript/fileName/IMonoBehaviourTest.cs: 272926e14fa72b11b0070eae8b5853ef -> 93dca3fac2d68012529173d3e7bc10a2
  custom:scripting/monoscript/fileName/CoroutineTestWorkItem.cs: 8fab9934b84f896f44392a777ae472de -> 8a69ee5c1adc29acc0a66cb7df14cbcf
  custom:audio-encoder-webm-vorbis: bf7c407c2cedff20999df2af8eb42d56 -> 
  custom:scripting/monoscript/fileName/DrawActionHelpBox.cs: dcd6ec2e7fb1b44f22c4a79ff87b70cd -> c8f6be9dab1e6f8d71e0c63c29679186
  custom:scripting/monoscript/fileName/PendingChangesMultiColumnHeader.cs: 21802cc6929e0e180fb4f0be8e34d9d0 -> 722de7d6e07a79981d750438e6febb8f
  custom:scripting/monoscript/fileName/EditorDispatcher.cs: c739e073a8c38dbcf59192f45d1004c5 -> 3c402eae57d73cc54863f3f6a13096ae
  custom:scripting/monoscript/fileName/MovedEvilTwinMenu.cs: ce111941dc7264d29598ce7fd2770927 -> d480b839850d28c1c9526cb587fc752d
  custom:scripting/monoscript/fileName/UnityWorkItemDataHolder.cs: 5e123fac5cc49e9acfe91048eee308ae -> 94e44d74f673f889418b2b9926b6615c
  custom:scripting/monoscript/fileName/ICallbacksHolder.cs: e330f681a4da017eb82339063a410722 -> 790e89a97c8150c3044e584386d3ba9a
  custom:scripting/monoscript/fileName/PlayerLauncher.cs: 7004f613ecfe1e179e7b362c88c3ddb7 -> c1129f48ad00377c128c470482bb7e8e
  custom:scripting/monoscript/fileName/UnityCombinatorialStrategy.cs: bd44b85caa82e1f08c977cc9d9157c40 -> e857e6faada8b59173cb249a8a6be6fa
  custom:scripting/monoscript/fileName/IIncomingChangesTab.cs: d4ceabdc48d8a1872bbe87f04d89a4ff -> 40644cd18074db84684b9e437bf8fa77
  custom:scripting/monoscript/fileName/CoroutineRunner.cs: bb2107d11619bb60075736a2632662be -> 06bef19f6905915189ed09a2db9f2885
  custom:scripting/monoscript/fileName/ConstructDelegator.cs: 7526886647893577a45527c0f6393600 -> c271ca33e5434ac87e82546dd149c303
  custom:scripting/monoscript/fileName/UnityLogCheckDelegatingCommand.cs: 109adc74b3ab14d952109f6ed35bdacf -> 410acedf83a5c4e9d5a212b5635d0c88
  custom:scripting/monoscript/fileName/GetChangesOverlayIcon.cs: f00e4b795697c6cf3092760f3b6fc49d -> d599d6efdee28305661bc0cf6683858a
  custom:scripting/monoscript/fileName/ShelvedChangesNotification.cs: 13b6a2ccd8b4ac1f5ee30c8404cea3b0 -> a27e9e7b242b904f41fc1b16d3a1b3fd
  custom:scripting/monoscript/fileName/ILogScope.cs: dd29c4b8ed4c54280ca787c474cdd843 -> e99dd640a2ac2c8b1c0c97725f23440d
  custom:scripting/monoscript/fileName/EvilTwinMenu.cs: 475a88947051822ca4915306469f9bcc -> 919e4faae0573e49949f6dfbb5a733da
  custom:scripting/monoscript/fileName/ChangesetsListView.cs: caae0aefb36c869f50691482a5cd0944 -> 87b74e0d80cf59010f55e2baaeb6679d
  custom:scripting/monoscript/fileName/UnityWorkItem.cs: 03c602cd83845fe6265dc83816099666 -> ce02ef2c77c866afeb6c04a89a364a8a
  custom:scripting/monoscript/fileName/UpdateReportListView.cs: 2d8fccdaad50bbd7454b52cf9cb4a0f9 -> 08d26df1ab6c3a7628addc5e54e50b08
  custom:scripting/monoscript/fileName/IAssetsDatabaseHelper.cs: 8bbb0e39e3cfde6c5b6c11074d90971a -> 4f8027cddf715e38f75ab454f20fe051
  custom:scripting/monoscript/fileName/UnityConfigurationChecker.cs: 59a8f0715a7c89a752351bf42f94abbd -> 874cd65cce0384fef4b60e71fb08a429
  custom:scripting/monoscript/fileName/EditModeRunner.cs: 0c2c70d0e910f1733ef8492efbf3dda1 -> f1ceb581ae48e42ca32e80f796ce45bc
  custom:scripting/monoscript/fileName/ConstraintsExtensions.cs: 19d048a2938a4b2b178e7e91279126b7 -> 89e01f1f8de15d891db3bad70117d924
  custom:scripting/monoscript/fileName/UnityTestTimeoutException.cs: 7c70971bbddd1caf6485b8c5b935d369 -> b7ec28ea102309dc20886c45fff1e1b5
  custom:scripting/monoscript/fileName/TestRunnerResult.cs: 2b3fdbda67626b6faa7139ccea15b17a -> 613fb3e1dfef14aa9d5aea2cd635ffff
  custom:scripting/monoscript/fileName/UtpMessageReporter.cs: 6f35c7d2ea8786c1fd8fe557180d6c38 -> 1ce82c57220e51532d6b3e5da0cecc24
  custom:scripting/monoscript/fileName/EnumeratorStepHelper.cs: a2fa98a2f974f377b9c2905ce60dea0f -> 05022a723dcf173476ccb43403871168
  custom:scripting/precompiled-assembly-types:Assembly-CSharp: ddcf5a7f098b6df6bd81d9a3d112a47e -> 20cdaaa988618e7c32f4baf96f88c255
  custom:scripting/monoscript/fileName/PlaymodeWorkItemFactory.cs: a61a7bf2d749182a50c049a0ad4afb89 -> 8bb2d7c0ad22b08cf17b1748007ae8c3
  custom:scripting/monoscript/fileName/CheckWorkspaceTreeNodeStatus.cs: 5e11ff64963669981115eb58dc2b6e8b -> 1e1255b803bf7cbc935bb804bf0dbe7b
  custom:scripting/monoscript/fileName/RemoteTestData.cs: 5baf4798e5344c86aa4ccafb41b2624c -> 51ba1ddd57fb71948e60067806b9cfcd
  custom:scripting/monoscript/fileName/TreeViewSessionState.cs: 8333273b312d475b653610e2871c20a5 -> 9f39a2ca55a7481b8ba078d3a2b6815e
  custom:scripting/monoscript/fileName/StadiaPlatformSetup.cs: 589eaf4f5c2f63a79deb4c2735e3b746 -> 27e00e91e04b4888c1d6354fa4baa6a5
  custom:scripting/monoscript/fileName/ErrorsPanel.cs: 21fc210ee17d5e95782397ef8c7dafab -> 515b7ba9af5e7885ba3068b1d63c6104
  custom:scripting/monoscript/fileName/PlasticPlugin.cs: a57c142b98ca3d4daad221737fd72924 -> c64561980f26020cc3206ae8b1047268
  custom:scripting/monoscript/fileName/SwitchModeConfirmationDialog.cs: 4d9c02587760213784bfe53d012122b4 -> 30cd71d0b3ee4b2689cde689908d301e
  custom:scripting/monoscript/fileName/PlasticWindow.cs: fc467478941f610919bc69526ba2c215 -> 
  custom:scripting/monoscript/fileName/LogScope.cs: 51679d4f7708329af3d47e56656f8988 -> a032a8edefa3a04276b9f24e5047f2ac
  custom:scripting/monoscript/fileName/PlasticExeLauncher.cs: caa0b5dda5df50c85bb19d27252d16b9 -> f1da27253760250030952f02cb54965a
  custom:scripting/monoscript/fileName/TestPlanMessage.cs: 15cf5225dc1e7b1718be35fb09144b5b -> 6199b0505360321c39d00a607adaaf8d
  custom:scripting/monoscript/fileName/ITestRunSettings.cs: 7462715f6a540bde0acfd50948410d32 -> a5342276210c7f86635118880184dc77
  custom:scripting/monoscript/fileName/BranchesViewMenu.cs: 8089f11c30784e2e57775dd6cdbae898 -> 7bfc83e917c9b0b5aa423bb947ce2a38
  custom:scripting/monoscript/fileName/CooldownWindowDelayer.cs: 7816cfcad485500dbac9993c4502ea69 -> 4c95e39c8dd4cfa1bca106097fdb6524
  custom:scripting/monoscript/fileName/SetUpTearDownCommand.cs: 2a0e8cc178919ce84c52af1a4ddfce30 -> 684e5d1c75373405f8a6c9575324286f
  custom:scripting/monoscript/fileName/EditorEnumeratorTestWorkItem.cs: 7bf37d3cd666bc3e840f63f05aae4d05 -> b8f886476b7c18f3c1cdeae30ec0c8ea
  custom:scripting/monoscript/fileName/GetInstallerTmpFileName.cs: fa7bda723ac795b48e38504727f44981 -> d09e0b5c7a9af5874530e17ef23025f0
  custom:scripting/monoscript/fileName/AssetModificationProcessor.cs: a602c9e59e7db185e3a0d68d986e6fef -> 
  custom:scripting/monoscript/fileName/IsCollabProjectMigratedResponse.cs: 4c3294c6a51e6f42161d191230692016 -> af2b76c693935deee55cfcaed2aa7568
========================================================================
Received Import Request.
  Time since last request: 15.475541 seconds.
  path: Assets/Scripts/MoraController.cs
  artifactKey: Guid(a2bbb27fcf9465c4dac311599c34b6cc) Importer(815301076,1909f56bfc062723c751e8b465ee728b)
Start importing Assets/Scripts/MoraController.cs using Guid(a2bbb27fcf9465c4dac311599c34b6cc) Importer(815301076,1909f56bfc062723c751e8b465ee728b) [PhysX] Initialized MultithreadedTaskDispatcher with 12 workers.
 -> (artifact id: '7440537d6b4ba21e94ddfcabbba9d6c0') in 0.002154 seconds
Number of updated asset objects reloaded before import = 0
Number of asset objects unloaded after import = 0
========================================================================
Received Prepare
Caller must complete domain reload
Begin MonoManager ReloadAssembly
- Loaded All Assemblies, in  0.897 seconds
Native extension for WindowsStandalone target not found
Native extension for Android target not found
Mono: successfully reloaded assembly
[Package Manager] Server::EnsureServerProcessIsRunning -- launch failed, reason: Unity was launched with the -noUpm command-line argument
[Package Manager] UpmClient::Send -- Unable to send message (not connected to UPM process).
[Package Manager] Cannot connect to Unity Package Manager local server
- Finished resetting the current domain, in  2.833 seconds
Domain Reload Profiling: 3722ms
	BeginReloadAssembly (191ms)
		ExecutionOrderSort (0ms)
		DisableScriptedObjects (8ms)
		BackupInstance (0ms)
		ReleaseScriptingObjects (0ms)
		CreateAndSetChildDomain (32ms)
	RebuildCommonClasses (50ms)
	RebuildNativeTypeToScriptingClass (8ms)
	initialDomainReloadingComplete (43ms)
	LoadAllAssembliesAndSetupDomain (596ms)
		LoadAssemblies (672ms)
		RebuildTransferFunctionScriptingTraits (0ms)
		AnalyzeDomain (34ms)
			TypeCache.Refresh (11ms)
				TypeCache.ScanAssembly (0ms)
			ScanForSourceGeneratedMonoScriptInfo (11ms)
			ResolveRequiredComponents (10ms)
	FinalizeReload (2834ms)
		ReleaseScriptCaches (0ms)
		RebuildScriptCaches (0ms)
		SetupLoadedEditorAssemblies (856ms)
			LogAssemblyErrors (0ms)
			InitializePlatformSupportModulesInManaged (48ms)
			SetLoadedEditorAssemblies (12ms)
			RefreshPlugins (0ms)
			BeforeProcessingInitializeOnLoad (172ms)
			ProcessInitializeOnLoadAttributes (568ms)
			ProcessInitializeOnLoadMethodAttributes (38ms)
			AfterProcessingInitializeOnLoad (19ms)
			EditorAssembliesLoaded (0ms)
		ExecutionOrderSort2 (0ms)
		AwakeInstancesAfterBackupRestoration (13ms)
Refreshing native plugins compatible for Editor in 27.02 ms, found 4 plugins.
Preloading 0 native plugins for Editor in 0.00 ms.
Unloading 4474 Unused Serialized files (Serialized files now loaded: 0)
Unloading 15 unused Assets / (29.5 KB). Loaded Objects now: 4973.
Memory consumption went from 152.0 MB to 152.0 MB.
Total: 6.087900 ms (FindLiveObjects: 0.493500 ms CreateObjectMapping: 0.400200 ms MarkObjects: 5.112200 ms  DeleteObjects: 0.080500 ms)

Prepare: number of updated asset objects reloaded= 0
AssetImportParameters requested are different than current active one (requested -> active):
  custom:scripting/monoscript/fileName/IPrebuildSceneSetup.cs: 086a540b86c9ccf5ce0a23935a64c98d -> c89711320cb5af11897ec50fd61d4419
  custom:scripting/monoscript/fileName/BuildMergeTabParameters.cs: 2c923f29302a39560b4301c3fd163a7b -> 
  custom:scripting/monoscript/fileName/IncomingChangesTab.cs: 8a20aca125f6d4b837670edb6e36bc05 -> 82bff1d960538992d4e618d909869d2e
  custom:scripting/monoscript/fileName/EditorAssembliesProxy.cs: 23426c61d1cfec53ec65b1ed2f77c773 -> ef0f2d44f3e723650bf58ba30866667b
  custom:scripting/monoscript/fileName/OuterUnityTestActionCommand.cs: eacf156fb6f74d2f6b697bf47e9a72eb -> 36c13d7d2a2c5c2f372e7b1c0cc06d4d
  custom:scripting/monoscript/fileName/TestJobDataHolder.cs: 1e3b4dec54d5610ff8a852c0a9fccf2b -> 2c9edeeac80ff44e86cac8087411d260
  custom:scripting/monoscript/fileName/DiffSelection.cs: 34faf7c86f7e0c9a01162e930679d82f -> 1460aaba4240ef35322cb9c198487990
  custom:scripting/monoscript/fileName/EditModeRunnerCallback.cs: 8a8dedaa2bec26f26744df4ec8e2f191 -> 
  custom:scripting/monoscript/fileName/EnterPlayMode.cs: 3cb26e64a9bc927aa1556d517c8e8a78 -> c730bf9ff77514bb260ba9933378e49c
  custom:scripting/monoscript/fileName/Filter.cs: 18ef22850e69a0e3e97548ae5b255f92 -> 935824dbebf762a19f2d4c4751625fe2
  custom:scripting/monoscript/fileName/DrawStaticElement.cs: 6cbd346d4a1be2ee84c9ebe55a7f9f79 -> 5765d84d60602f16f5577bf0b7fc6b96
  custom:scripting/monoscript/fileName/MoveDeleteMenu.cs: f1a7b8a8be76c035d934c51863f3b934 -> c4ad4528e772c33a6167006886a8d1da
  custom:scripting/monoscript/fileName/DialogWithCheckBox.cs: 738e3e0af97e826e16805dda77e5f009 -> 
  custom:scripting/monoscript/fileName/UnityTearDownAttribute.cs: 4a3d30720366843ca221fd554845c187 -> d90d4ba0821a80f48bd6cec8eab8964f
  custom:scripting/monoscript/fileName/DateFilter.cs: de3aab0283a2b4a1d4d64145b14132d5 -> 3a6cb8c2e3ffbb5a9052e322ee5bf411
  custom:scripting/monoscript/fileName/RemotePlayerTestController.cs: 83176596b43ae79e65d8c3ccfd7c1c75 -> e65e7856c7b5238a13243fffbf64f7eb
  custom:scripting/monoscript/fileName/ConditionalIgnoreAttribute.cs: 507a506f130880469465e0381c429447 -> 9f2f3d4c6b56d5f470ccdd0e1820d51b
  custom:scripting/monoscript/fileName/TestMustExpectAllLogsAttribute.cs: f1224ac9ffb401dcd2c905e6a783da06 -> cdf1c75549affd080e0ddbde5bcb7c34
  custom:scripting/monoscript/fileName/TestBuildAssemblyFilter.cs: e3ae3b9dfa7b065b08d520845d4f070d -> 056870da734fd8ecf77d00737a22149f
  custom:scripting/monoscript/fileName/ITestRunnerListener.cs: 07f2f49d67775d1bad20bc1589a5769d -> d52675266925b8e603f210be3981d59b
  custom:scripting/monoscript/fileName/PerformInitialCheckin.cs: be22d181e456c0a8a5713675f29ac72a -> 8ef9a9f407b8b94b2b5fad9d24e61f79
  custom:scripting/monoscript/fileName/ConflictResolutionState.cs: d9394655856a9fc1a0b280bc997bac16 -> 74a230000ff2fd58c5a60ab4258207dc
  custom:scripting/monoscript/fileName/IEditorCompilationInterfaceProxy.cs: e8a39ed00046a7b93647d4de1a3e0e00 -> b1e49de3ac2ed1feea91c5f6846d6e49
  custom:scripting/monoscript/fileName/EnumerableRepeatedTestCommand.cs: 229b55de651d474bc2ca3733382eef36 -> dbdc4517e80e66a31f48ce40e06931f2
  custom:scripting/monoscript/fileName/FindWorkspace.cs: 39bbd18bfe6bf4a99f5c185dcda4dd4a -> 6af6c9e9382fef881c020ab184e6f7f5
  custom:scripting/monoscript/fileName/CommandLineOption.cs: f2f0dbe72e14e05a5259c3e6cb3ececc -> 211f73ad4421274a5a418608b74cc839
  custom:scripting/monoscript/fileName/IPostBuildCleanup.cs: 7bc004ae26b110cd32d3401b0981f815 -> 8d43f6dbc44addb43106f91d15047771
  custom:container-demuxer-ogg: 62fdf1f143b41e24485cea50d1cbac27 -> 
  custom:scripting/monoscript/fileName/TestListTreeViewDataSource.cs: 8b5a59ec2d06d36e63ce53a34e1d591e -> 153f0d5d9a6099f80f6d26e9c0ad6b7d
  custom:scripting/monoscript/fileName/CheckinConflictsDialog.cs: d3af1d70d3f60a9847d2942647274222 -> e13fa04a97fb675842c94586fc602871
  custom:scripting/monoscript/fileName/CommandLineOptionSet.cs: 6bb45bf9141d4fec50aae5aa4651fa84 -> 57b6c3812f217f48a5cedf066a216cfd
  custom:scripting/monoscript/fileName/ITestRunCallback.cs: 0ac8617cc2dc9780c575b6eb03f6d505 -> 7d90e4d27cccfe89ef24a93578e15a74
  custom:scripting/monoscript/fileName/AuthToken.cs: d22b2893825e943bc1389be142abd57e -> 0fba7e8eb1ec8b699f274cdc956451b2
  custom:scripting/monoscript/fileName/ProgressControlsForDialogs.cs: 6bf8e69ac7dc2163fe988e5d8181ce88 -> 7e6bd1727985204e3b64e1946e589b1c
  custom:scripting/monoscript/fileName/AssetStatusCache.cs: beede06d8a6d93e7907fd192ad653f2b -> 260d5f85663ac58b2a7e9553c453bc3e
  custom:scripting/monoscript/fileName/IEditorAssembliesProxy.cs: 81289fa7514ad1168ecb67afff27720d -> 8586f95fda82b1fa948b8ac0ebb50a9d
  custom:scripting/monoscript/fileName/AndroidPlatformSetup.cs: 56c28d48cf01b1b2c96f64a6827ffac4 -> 67d5fa212608c900d88b1544a5f49997
  custom:scripting/monoscript/fileName/OrganizationPanel.cs: d7ac1288bef1b15a05bb26d201a4d87f -> 57a57e6a345dbd536e91c348b70943a9
  custom:scripting/monoscript/fileName/ChangeCategoryTreeViewItem.cs: efd70108e1f6ff61ed2723220486adfc -> fd14db176fff061715c8ec88ced1902f
  custom:scripting/monoscript/fileName/CurrentUserAdminCheckResponse.cs: cec2f173fe8732108711c497674c6f66 -> d57c2dcace740834acd59fdfbc5023b8
  custom:scripting/monoscript/fileName/RenderingOptions.cs: a84cebfad0b53e3dbf0202be3cc1d6d3 -> 
  custom:scripting/monoscript/fileName/WorkItemFactory.cs: 9cd58300f748e3250316447e9d2a8d06 -> d8b2e380888ccc980a475a01f04d7a45
  custom:scripting/monoscript/fileName/UIElementsExtensions.cs: a191d7293be4538b0adb29dfe5b06a46 -> 52e0d612ab032e4d22e9558b90396b99
  custom:scripting/monoscript/fileName/PlayerLauncherContextSettings.cs: 89c041e42e3e6c336ae4ddeb40f2d12f -> 3c0a34dce28ade8f88b3e213fadb0738
  custom:scripting/monoscript/fileName/CreateBranchDialog.cs: c429477092287209232592c8cde1a615 -> 9eb29fda08033b4f847247136c412db6
  custom:scripting/monoscript/fileName/RunSettings.cs: c8ba576640d505c59ca4d995eb1b55e6 -> 6770f3fdaf287e73ff6c63f28a5a7e92
  custom:scripting/monoscript/fileName/UnhandledLogMessageException.cs: d6d6ca25090fc3eec22959040bde30f3 -> fa6ee6fe2a221a71f213304ae56898c7
  custom:scripting/monoscript/fileName/EnumerableApplyChangesToContextCommand.cs: 7e82e96f40f2bf4118aab6f6aef1d287 -> c2aa6cedc66892dd581c50a4d9b6a147
  custom:scripting/monoscript/fileName/RecompileScripts.cs: 33cdfe80e47d8b05e5ee4c6c33b4993e -> 73e345449efb1420f34aad9debcdf2bd
  custom:scripting/monoscript/fileName/DelayedCallback.cs: 4d96f98a05296a6e495fa9916bc0a91b -> e88c5396d33adcd6404b4cb8a051b2b1
  custom:scripting/monoscript/fileName/OrderedTestSuiteModifier.cs: ddbca70bf46f5e4ca706b058ef23253f -> 6a8006d91a7636d39c6731494060c3c2
  custom:scripting/monoscript/fileName/DrawCreateWorkspaceView.cs: 6422239d8f649480614f0dd4f018b7f2 -> c6039ac84d85ab3926aa94de163a9f7d
  custom:scripting/monoscript/fileName/ProjectPath.cs: 5634ebdbea8ca94089eb9622d1b60497 -> 2007f972d3a73eeb86dfe05e849c7f69
  custom:scripting/monoscript/fileName/SSOCredentialsDialog.cs: 8967ceae1bc195ea8dd32b23c42dd852 -> e140ede12a96f68f30062138385171c3
  custom:scripting/monoscript/fileName/DefaultTestWorkItem.cs: df6f5a85dcc29cabfe426927cfff8766 -> f906b4fb5b78cb9d23a07212620919d9
  custom:scripting/monoscript/fileName/TestRunnerApiMapper.cs: 213999ba10693518027e8ab0204d1885 -> 241489454095fad1d1d89166ee62820f
  custom:scripting/monoscript/fileName/LegacyPlayerRunTask.cs: 328c044124055242f6ddb7aa596ab1d3 -> 148e0500b0761261bc418d25c26e82b1
  custom:scripting/monoscript/fileName/Vector3ComparerWithEqualsOperator.cs: 6b9a33545ada02177d266ed1f5b19290 -> c497cde63ec72672e5f69e70b932688f
  custom:scripting/monoscript/fileName/IGuiHelper.cs: c60290192a780a358cb4d2eed657f7f8 -> da57d3fb0f8ace42d5b01eed25e9e3d5
  custom:scripting/monoscript/fileName/DownloadPlasticExeDialog.cs: 2dd40c53d0303d041a27a44a95c331cb -> 093cfe0607c2346a88cdfdfe1435614f
  custom:scripting/monoscript/fileName/GetOperationDelegate.cs: e719058321e4f2be94be212e42f097c8 -> 
  custom:scripting/monoscript/fileName/OutOfOrderExpectedLogMessageException.cs: 22c4a953865c583fd55d80a54c5d6c18 -> 4ff78bac16cc86124e588c20ad3ddba7
  custom:scripting/monoscript/fileName/IPlatformSetup.cs: 9a0668684da27d1ddefa88d99d869448 -> 6f20476898784a15f8b8eb28653a67fd
  custom:scripting/monoscript/fileName/TestTreeViewItem.cs: 3239fe248332ddd6a904d9cb0680e538 -> aae3d62f4daf680133c1c18c7814d15e
  custom:scripting/monoscript/fileName/AssemblyLoadProxy.cs: c6dff8352382292b9959041d98303a41 -> 0f3a4ee005eb8f7b33161c2ba6196e00
  custom:video-codec-MediaFoundation-h265: 746d11721c4dcdbdad8f713fa42b33f4 -> 
  custom:scripting/monoscript/fileName/SaveUndoIndexTask.cs: ab03f94eed1b9c2e86cabe91ffdb6ab8 -> 6e0bcd5f418cf8184993174ac732fff4
  custom:scripting/monoscript/fileName/TestResultRenderer.cs: 9bb52db8cdd7fbc7b27d62af73d00df8 -> 2e8123de6d2eea4d42efb7a87e150b27
  custom:scripting/monoscript/fileName/WaitForDomainReload.cs: ec74674e8cae527fdeb410a81a4658a3 -> b6033700f0adcf3b23782f04c42e269c
  custom:scripting/monoscript/fileName/PendingChangesTab_Operations.cs: c99065f3c85ec85c85ece2a1a30665af -> 15ae6787065f4af65778e981f418a60b
  custom:scripting/monoscript/fileName/LocksListViewItem.cs: cc9cd24c5be4f7363367cba72f12aad4 -> f4a19fabbec093eb3d6a7e1cd4f42611
  custom:scripting/monoscript/fileName/ITestSettingsDeserializer.cs: e43933e90cb98a9555f922952cdb833f -> 22e37de7af2cea07971d0ba87110dad7
  custom:scripting/monoscript/fileName/UnityTestAssemblyBuilder.cs: 9b6ef4c0578639ba943c8f65e1e8d74d -> fa151eb16842256647a2914b37e4bf9d
  custom:scripting/monoscript/fileName/PendingChangesViewPendingChangeMenu.cs: 561ad0f702e1db14300a4a5f810051f9 -> 9a6ef2277212bf26d647c7f12f946287
  custom:scripting/monoscript/fileName/SignInPanel.cs: f7e82045994d4eefe3b021faa87b55c6 -> bac0318ce35e37bed3a2cc8137452435
  custom:scripting/monoscript/fileName/DrawInspectorOperations.cs: 61c4a6a6507d8f84ef5bdf5cba3f0aee -> 8c94fe642e98309082411f46db89106b
  custom:scripting/monoscript/fileName/AnalyticsTestCallback.cs: 86b513e5c36f0343183de924372e6da6 -> 70c2658c96c40ebe349fda85c81dae6e
  custom:scripting/monoscript/fileName/TestTaskBase.cs: 4b3bfcc0ce488c09e9c983c955b234c0 -> 162ca0c58961a22b2d7f2a866ccb62df
  custom:scripting/monoscript/fileName/DrawDirectoryResolutionPanel.cs: b77d9918f02a8eac64394aaf99fa4b28 -> e4e3c9b4bc511687802b504b71016540
  custom:scripting/monoscript/fileName/CloseWindowIfOpened.cs: d820344e932a12600b5fe6fb7e9f1563 -> ce229ef3b7461ff17e2c1af0695a6657
  custom:scripting/monoscript/fileName/SaveAssets.cs: e472a52843752df7d7ad4ca6b2c8da98 -> b56abea3d51c742ac29e4aec958afad6
  custom:scripting/monoscript/fileName/TestLauncherBase.cs: 55b4d99610fbeb9ecb7ee6ead3251104 -> c78237b225a855d3af10df4cd8d6a1b2
  custom:scripting/monoscript/fileName/FloatEqualityComparer.cs: 4dac02b3f722be0497415c960455318c -> 6ddc5d5b0944c660e6b695f37c9febc8
  custom:scripting/monoscript/fileName/ResultSummarizer.cs: fcfdcb2adeeb82cb8f411b44b44abdb0 -> 
  custom:scripting/monoscript/fileName/MergeViewMenu.cs: 93bc40369a2f104c249cef1d685ad358 -> c1676e16bdcf215f6595ea9de7a1fc33
  custom:scripting/monoscript/fileName/RepositoriesListView.cs: 9f95c83dc460fb03fb0916472f14b8a7 -> 95287f65338ca0073ad04002a16eaaf7
  custom:scripting/monoscript/fileName/HandleMenuItem.cs: 740e54c5f6dca1acc88cad87af74b744 -> b4ad1ecc5243212c5967125ad5e41b1f
  custom:scripting/monoscript/fileName/CompositeWorkItem.cs: 77037823112276c67676f1e42edf1cd2 -> bc884a89fde61fa75209209a03bbd836
  custom:scripting/monoscript/fileName/ScreenResolution.cs: 5c975132cf4e36dcc261bd0acd604271 -> 7bb7bb5b955671820101b322f0a7bf3d
  custom:scripting/monoscript/fileName/RunFinishedData.cs: 35b8f95dad4fefe115ad61c2c01125ab -> a22f15c3a79d1f15ccc31ec29ab37874
  custom:scripting/monoscript/fileName/ApplicationDataPath.cs: 8e4094e28762fb76a1baecfe90c6b65e -> 3e8c4ea8debfda8013fed860ac233d22
  custom:scripting/monoscript/fileName/MergeSelection.cs: 6deb9bc55c10a7ac7c9f905a7b92dbe8 -> 630eecd27cae3311e65e09d9c63da8b7
  custom:scripting/monoscript/fileName/PlayModeTestListGUI.cs: 9528035223f9376ea8c5bf32da2d30c1 -> 
  custom:video-decoder-ogg-theora: a1e56fd34408186e4bbccfd4996cb3dc -> 
  custom:scripting/monoscript/fileName/RepaintInspector.cs: f134606300316994850c28a68d0cb5a3 -> 
  custom:scripting/monoscript/fileName/LockStatusCache.cs: 5e3725e03dc21c716034553589a67eae -> e99b3f34c5cd3eb73ec19439af1f7f80
  custom:scripting/monoscript/fileName/DiffTreeView.cs: 68195907d129ef826aa6b6df7202696d -> 49f46fd2a65ea674a218eead75f27aac
  custom:scripting/monoscript/fileName/UnityTestProtocolListener.cs: 031f67bcc950e88772c7e00661691db9 -> 0d4d2ab58d3a081f00c0f200ee8696be
  custom:scripting/monoscript/fileName/DependenciesDialog.cs: 82d30fc8d5e1a73ec0d1ee9acc00fbc2 -> c8902186ab2f4e6471b5dd147afb01b6
  custom:scripting/monoscript/fileName/ChangesetListViewItem.cs: 95a197949f1e777703db60eea8cc21b3 -> d742a4910e302777daa1ccb9c8e92cb9
  custom:scripting/monoscript/fileName/LocksViewMenu.cs: fda08381fa9abca53b6eaf3bf55f14f8 -> 186d8514e824865b191ba1829afe4b33
  custom:scripting/monoscript/fileName/MonoBehaviourTest.cs: 8f6297df34271fdb1ce2d9607ec6261d -> 90647cc400823b41df847a6cbfc29026
  custom:scripting/monoscript/fileName/IncomingChangesViewMenu.cs: 5f96afa82d3e2a8078206b7f6d3b0752 -> 13196979a03411533716f6775c9a624b
  custom:scripting/monoscript/fileName/QueryVisualElementsExtensions.cs: 75ea535788abf9c38ba9341c984a6241 -> a49740b6efbb934f55475cc70b864a4c
  custom:scripting/monoscript/fileName/DivergentMoveMenu.cs: 5b146ed65a6a030ab7d86a0d711244f7 -> 98d76b5791494212a0c25aa6a4af7288
  custom:scripting/monoscript/fileName/TestResultRendererCallback.cs: 11a504294abe84b81ed7535d2d6b52d7 -> 215106b260625bb3e26681b849d9307d
  custom:scripting/monoscript/fileName/PlatformSpecificSetup.cs: c7583018fa54cbb13353f07300f73380 -> 0a7f9c0b27ae370d8bd5d3df4916ae28
  custom:scripting/monoscript/fileName/EditModeLauncherContextSettings.cs: 716154923321c522b7f6492b24dc4629 -> d1e413330d98a9101237ccbe91f95dea
  custom:scripting/monoscript/fileName/PlayerQuitHandler.cs: b367910cee7b2e682885ab95e27ec0ea -> b4085dee8fd70ae04ac96945fafed489
  custom:scripting/monoscript/fileName/WriteLogConfiguration.cs: 1a8401f47b522f631a3dc005105719f5 -> 1589212d1638ae91a029ea3ddf9999f2
  custom:scripting/monoscript/fileName/PrebuildSetupTask.cs: c7a55bff004702e0146f0b7de9de0c32 -> a4e888a510b1441a257b12183e59237b
  custom:scripting/monoscript/fileName/UnexpectedLogMessageException.cs: eb4b453bac6ce1ffa84fa1fcbecd8818 -> a7bbf32861c66018271b093fc1d1061b
  custom:scripting/monoscript/fileName/FileSystemOperation.cs: c31a686e69e66801c204a11be56c950a -> f0ccbe91654279794a85bf6f1c034716
  custom:scripting/monoscript/fileName/RerunCallback.cs: ffe49cf602017087ffa7749d06513ace -> 
  custom:scripting/monoscript/fileName/MigrateCollabProject.cs: af93695e471d9c8e4ad014c4165f2c3c -> 9f3487f03a783b35518405572f20ac9e
  custom:framework-win-MediaFoundation: 216162199b28c13a410421893ffa2e32 -> 
  custom:scripting/monoscript/fileName/ITestListCache.cs: 530322f74ae4ee44bba33a2f253d3260 -> 93f202374a8dd6602503d990ab2feb72
  custom:scripting/monoscript/fileName/TestRunCallbackAttribute.cs: 0f465317bd2bfaae92f90a6ee84c0d18 -> c61459d4a70eab5bd767d5a1f82f55d8
  custom:scripting/monoscript/fileName/ProgressControlsForViews.cs: 7d677c6df38ab15cf390062b5b0bb854 -> a8a18a90f46aa63848e1e45d8d7ff9af
  custom:scripting/monoscript/fileName/DrawAssetOverlay.cs: 04a46044def089f0abcdafdd281e3646 -> 
  custom:scripting/monoscript/fileName/PrebuildSetupAttributeFinder.cs: 2bad1feb91972325181c65f0d7b65426 -> 1f975f3a70c8f9747da919735d84e6c3
  custom:scripting/monoscript/fileName/NewBehaviourScript.cs: b21687ddb03d73bd9f0c1daecb9714de -> 
  custom:scripting/monoscript/fileName/ProjectWindow.cs: c62567a3d71fd74636bc783de5162474 -> 
  custom:scripting/monoscript/fileName/TestExtensions.cs: 06f4dc0f3112fa2e5582ace2497b1b80 -> 8e47deac44d7b87eaa5df5d00556dc15
  custom:scripting/monoscript/fileName/TestEnumeratorWrapper.cs: 3f82598f123760f637b0f70a1f287d77 -> 3e969f8448dc5644f60fbcb6f1badbcb
  custom:scripting/monoscript/fileName/MergeLinksListView.cs: 826afb5fb5988163105086b4bf5027af -> c9488671ae9b14523680d0c19097baa0
  custom:scripting/monoscript/fileName/UnityCloudProjectLinkMonitor.cs: a6d5b729fcd63f578363f7929a986e8b -> 86b74508945daf368996ea82904ac8da
  custom:scripting/monoscript/fileName/LogWriter.cs: a4f5ec34386b4e23f87b43dd16f6db46 -> 89105d9cfbe59e79a996dde998b3e7ff
  custom:scripting/monoscript/fileName/AttributeHelper.cs: 9458f4b34c0ac14db5c169abc8e43f94 -> dcab3630cb119e1a5f7f9c7b24677e49
  custom:scripting/monoscript/fileName/TestRunCanceledException.cs: 95340416bb18b4fa3930cdab2cc1fc66 -> ff7dc6bce365deb50fafe94b823009cb
  custom:scripting/monoscript/fileName/ISettingsBuilder.cs: 519472d4601ec620807556de1c3db699 -> af84c62ea6a033820a24a2d04c70d5c3
  custom:scripting/monoscript/fileName/Vector4ComparerWithEqualsOperator.cs: 3cde4a46f80e6bcedaef4297c8060490 -> 982db4358832ddfb456522b96543f1da
  custom:scripting/monoscript/fileName/UnityTestExecutionContext.cs: eca56c04b69a8399029cc9730daae5fd -> 4c0ef8e8d96fc20b3ec58c9447d6ec92
  custom:scripting/monoscript/fileName/EditorProgressBar.cs: 7418be9b22aaea32732f8a5f49569d1c -> 08c2f2b90ef64df631d46389f0e22c8e
  custom:scripting/monoscript/fileName/MeasureMaxWidth.cs: cd9322680ae61d38397008451b7ed0ed -> 1569e3f1dad91a9b01cba66ab6aa30b0
  custom:scripting/monoscript/fileName/SaveModiedSceneTask.cs: 135adac13be698ff4439d6c6268aa5b8 -> 
  custom:scripting/monoscript/fileName/TestSettingsDeserializer.cs: a44271a81256da8d6d9195e1628af709 -> 2daa2d89ea5f024d33cb1e72a3d35d63
  custom:scripting/monoscript/fileName/ChangesetsListHeaderState.cs: 69fc4f1a2bc3782d7043ec48961a3616 -> fe1392f9b135da83e13fe8a5e5f39fc2
  custom:scripting/monoscript/fileName/EditModeTestListGUI.cs: 8831f0ca2dcd13614282b516af72c688 -> 
  custom:scripting/monoscript/fileName/TestResultSerializer.cs: 52a416bb91eef89cbb19dd3cf67adb65 -> b75c8de5ed0cf8b4071350488249260d
  custom:scripting/monoscript/fileName/PendingChangesTreeHeaderState.cs: 7d278b5569d28437d07554a3bbb56e1b -> 5d7f70d142c9ac67864ec14950523d62
  custom:scripting/monoscript/fileName/BeforeAfterTestCommandState.cs: ffd46073254dc1bdb5c1bca6005d67d9 -> 590f9af42d8f6706b758d6c33b25bf7d
  custom:scripting/monoscript/fileName/MissingEncryptionPasswordPromptHandler.cs: 7f5831fc8a41e9cadd84fcfd0e885072 -> 5d7b9646eb14a39b6d3d5bab19d266ff
  custom:scripting/monoscript/fileName/ChangelistMenu.cs: ca33bac56b3a337faa90a1b1bba632d6 -> c1bf5aeb760cc5eae584ea3944d6531b
  custom:scripting/monoscript/fileName/NotificationBar.cs: d1a4cf5e8103d80fd25347275f906aa8 -> 50f1a85fa18d94338418def78dcd8543
  custom:scripting/monoscript/fileName/EmptyCommentDialog.cs: c9c28ff22d24598d7e4856f434bb1b92 -> 99cc06133e502eab7998108e26fd5614
  custom:scripting/monoscript/fileName/UnityThreadWaiter.cs: dbd556f2802baab90a20da38c288d36c -> 99333406d92d10003984b4d1920de2f9
  custom:scripting/monoscript/fileName/CredentialsDialog.cs: 179b5e49656a1623c2e79d838f0f5876 -> c785d5e40f8d66b7ef7ba04ee7c324e0
  custom:scripting/monoscript/fileName/ProcessHubCommand.cs: 30630f626164e285c361aa64e681100e -> 8ab0fc63fa4d9d749198dd61b09d7e37
  custom:scripting/monoscript/fileName/GetRestorePathDialog.cs: e21eb9983f0b989125951478cd5e9b35 -> 353d1126ca2d2063d5bdbd06806ffc08
  custom:scripting/monoscript/fileName/UpdateReportListHeaderState.cs: 64a5bf775d221ad9a5ff8c78a1e0e1fa -> d6cbe54be2898ed2c96c2e79572c2e08
  custom:scripting/monoscript/fileName/LocksListView.cs: 8c6202774eebcf67be9c3b5a2926cc7c -> 7aa51ff93bcc98aa05dec8b46ec200c4
  custom:scripting/monoscript/fileName/DownloadAndInstallOperation.cs: b043b8d5921892e87f4566e00162cff6 -> 4f4065aeafda2af0ec272a3c228e27b2
  custom:scripting/monoscript/fileName/DiffTreeViewMenu.cs: 3e62bfc69ca7486976988e151b88922e -> 8039fc4ecf68b3e966e1f4822789e7fa
  custom:scripting/monoscript/fileName/ICommandLineOption.cs: 147751a92efc4c8cac91a9a528c2fb1c -> 58da599070a3bdab08afc8355de79ed5
  custom:scripting/monoscript/fileName/UnityStyles.cs: 1a176026ce9da8057f3ec90dfe0bac74 -> bbbba3cda37678cfc74d71ffebf36e7f
  custom:scripting/monoscript/fileName/EditModePCHelper.cs: fed3c3b34697ace66d06f26c80e9297a -> e16a214ddb2d161f4792170cb0c8e6aa
  custom:scripting/monoscript/fileName/HistoryTab.cs: 4d086984813cd90d6be245dd8e03a2ba -> d57f000c65fde42a2228c7a105a836e5
  custom:scripting/monoscript/fileName/AssemblyNameFilter.cs: 6517804d9019b844c3f33c3b43a18f84 -> ce7ef29746fb23841833950bb87cfa6a
  custom:scripting/monoscript/fileName/HistorySelection.cs: 7c3afcf345a55e8b77ea41ca0f570218 -> 3d07a3d1241e204b5420d71f1137eba4
  custom:scripting/monoscript/fileName/CreateWorkspace.cs: 7b3086384e5ddcd73cd5064a3ce31cd2 -> 5256205b5cf0570b6f698c7abe518f5a
  custom:scripting/monoscript/fileName/ShowWindow.cs: c731454122754eec192bc3c53fac3d95 -> a6bb1d20733c178256b38974418d7450
  custom:scripting/monoscript/fileName/LocksListHeaderState.cs: b80c5f044f18764adef2e9dbea5f0fb1 -> c7fe4d3b5f954615048f8e79925d29e3
  custom:scripting/monoscript/fileName/RemotePlayerLogController.cs: 6007c2a9667c47ca237ace4f2531438b -> 158b55f2a8781eb1cac7ac26acd42fc6
  custom:scripting/monoscript/fileName/EnumerableTestState.cs: 074d7b301977647491f399c62e52cbc1 -> 30e3efb82d3f99d65cdecdd2f0bc0194
  custom:scripting/monoscript/fileName/CreateRepositoryDialog.cs: 1e1c5399cf3d0b071c7982c565a710ce -> 5cec3e66b09e0dbe1f805953c5c64af9
  custom:scripting/monoscript/fileName/UnityTestAssemblyRunner.cs: 3816e248a2cfe06e2622e0204123f53a -> 6329fd25aa4b3ce344b8f9506a5c2047
  custom:scripting/monoscript/fileName/RenameBranchDialog.cs: a3111a345c6451ee64cd16f1989c2313 -> e5c89c05c87517babb3730e87196a494
  custom:scripting/monoscript/fileName/ITestPlayerBuildModifier.cs: 144d61bec4e604c687a559324e865570 -> fe113c86bde5fdad424c8cc5e51fe0a4
  custom:scripting/monoscript/fileName/EncryptionConfigurationDialog.cs: 6423045767c07e6360ff314ec741c601 -> 19e9c54aff6ffc68d60fe11f80578947
  custom:scripting/monoscript/fileName/RemoteTestResultDataFactory.cs: 82b227499ad613fb85cbd7542a960c8c -> 875f30f4d57949231d64836d9e348a72
  custom:scripting/monoscript/fileName/UnityTestAttribute.cs: f0f5f36d5b331df20c3357ff1637e397 -> a53f050fb661d50bb6c962963a554f8e
  custom:scripting/monoscript/fileName/TestListCache.cs: 8e95164bb40beaf2361efc98dc17a66b -> ff7c7e6ac29ad86c5fe33a64ed0d2f4f
  custom:scripting/monoscript/fileName/UnityTestMethodCommand.cs: adc652ef2db502396e2bc23b9d9a66f3 -> ccfa8ff8b49ded2664d646e8ee3d5ff4
  custom:scripting/monoscript/fileName/CheckinProgress.cs: 298ac58365579798eb3b4defc181ccaf -> 75b93dbc5ef307111f0647f735640420
  custom:scripting/monoscript/fileName/ITestRunnerApi.cs: 7ab503b15e3438e134c0702f000eb0a9 -> a476c74c9cbf5732bdfc8c88b9702476
  custom:scripting/monoscript/fileName/AssetCopyPathOperation.cs: 571ede78b6298606a236918df9df62d5 -> 633a9d130b72ba594756844b628f0ae2
  custom:scripting/monoscript/fileName/Vector4EqualityComparer.cs: 2b4abe9ea592b7513d6aeaf121d66f76 -> 998bf018f3e79a3b4501bebf13133ef3
  custom:scripting/monoscript/fileName/PendingChangesSelection.cs: 766664749a54eea9ecce5dff917430ef -> 1721ad72d074757364587c71b49d9382
  custom:scripting/monoscript/fileName/EditorLoadedTestAssemblyProvider.cs: 30976bb8f0671594f080cfda4f365c0a -> 406b39f61e53aa4b6c435e30af6b5276
  custom:scripting/monoscript/fileName/Utils.cs: 0d3272cd783b90f4eef2bf111d5a7b15 -> 38efaa10a2cec4e71a9eaf567c91a8a5
  custom:scripting/monoscript/fileName/LuminPlatformSetup.cs: a7bbd552cf00b6b349997b7d2e68359d -> e65a295a4e58fc042cc74afa9243a080
  custom:scripting/monoscript/fileName/ResultsWriter.cs: 45d4009781f259d024c859617b776a29 -> ccd0afcd43fc96f0f8be5313b60e6c07
  custom:scripting/monoscript/fileName/LoadAsset.cs: 9042eb334fc462cf466672445be1d4c2 -> 5e4e082aa5b21c13b80eb237fe94d00b
  custom:scripting/monoscript/fileName/EditorAssemblyWrapper.cs: 1da4fb3eb1b01bdabc7899984e06e2b2 -> 8682dbb48030d53c622cd194bfa9e87d
  custom:scripting/monoscript/fileName/Images.cs: 0b0c14141950fed99e3ef33199b3b4c9 -> fbdd1e600315d249327f3effde045c9d
  custom:scripting/monoscript/fileName/DrawLocksListViewItem.cs: ce3a3d64ec2d84c3556ffd4141efc4f7 -> 6201c4d50383e970d554210505562d37
  custom:scripting/monoscript/fileName/DrawProgressForOperations.cs: ea9179848be98ee7719316b39339ef29 -> b544f18e6532ba53bbd1b691fa5cd571
  custom:scripting/monoscript/fileName/RequireApiProfileAttribute.cs: 519035bad40b0361872a678d221fcd1e -> 4cce4894a0d08ef40fd237b8e50d1caa
  custom:scripting/monoscript/fileName/CleanupVerificationTask.cs: 66002b5b43bdce8f787c2d84fc03dc42 -> 12e81b196e7eac521f1ae8e0411b3d28
  custom:scripting/monoscript/fileName/ViewSwitcher.cs: bb22cc2814598bf2511f6c811c1dc194 -> dd1f6d6bc6ad5beda69b13cdb560799f
  custom:scripting/monoscript/fileName/RepositoryListViewItem.cs: 2f16ba7694ec7934685021093e722c4e -> 3cabcd81911a2500dcd9e2b6ffae3f00
  custom:scripting/monoscript/fileName/InspectorAssetSelection.cs: 71ba78e42827a9b22a9a6016733d756f -> 4b3c1ae4c44d88205aef26229acfe022
  custom:scripting/monoscript/fileName/UVCPackageVersion.cs: c4d95cb84d9d8dff4727eba6b0a64378 -> 
  custom:scripting/monoscript/fileName/IncomingChangesTreeHeaderState.cs: f578f4545f0afb1f0a2de9a25e26e33b -> 9fcb97ef2da44c66332f5c6800c2e6ed
  custom:scripting/monoscript/fileName/EnumerableSetUpTearDownCommand.cs: 6c84bee1095d71c3f496285ac7de29fb -> 16b603dbb9724508977696171a42991f
  custom:scripting/monoscript/fileName/DrawTextBlockWithLink.cs: d38f3ee197d9063693d0301d5157b32c -> 1d43814d810f0d56e2964ad3b72f271e
  custom:scripting/monoscript/fileName/EnumerableTestMethodCommand.cs: dfec1548954add0987599d6dd0f01df0 -> 9040b48595c4d63d6c1126d81d3f1105
  custom:scripting/monoscript/fileName/WorkspaceOperationsMonitor.cs: 5f05751fd4d94e02e79a5bf200f98f9a -> 43dcc435c252a54bdaaf4d6588b7d66e
  custom:scripting/monoscript/fileName/EditorCompilationInterfaceProxy.cs: e4c0c6a3551d03ebd5ce8bc0c8444c16 -> 12bc7b3dd0ab2ff83629d76ca37d0d4d
  custom:CustomObjectIndexerAttribute: 9a22284fe3817be447336de3de66b15e -> 
  custom:scripting/monoscript/fileName/TestResultAdaptor.cs: 39fb6e85727c0d47ffa8785f61586e3d -> fb4db3971d5379750cda884e7e44e3e4
  custom:scripting/monoscript/fileName/PostBuildCleanupAttribute.cs: 31fa08dd08b1105fe7a49dcbe5b1ac85 -> 71391ff444f943d9ad8dd0d42b7ac81f
  custom:scripting/monoscript/fileName/ShelvesSelection.cs: 05891c88858e4ac7776c0c0c49b5b74f -> 8a3e11e7cd7bbf10b24988c7bf636dea
  custom:scripting/monoscript/fileName/TestTreeData.cs: 0f4cb01478895c7c3d9e4409dc682c1d -> 1859d24be324d8fb87ab0c693d76d928
  custom:scripting/monoscript/fileName/Vector3EqualityComparer.cs: b5ef1af8e8222802b1e616dabbbf7eb3 -> 1c8652cac1f220d6409ab1ba3f211615
  custom:scripting/monoscript/fileName/ScriptingRuntimeProxy.cs: e5e5d36b9b276c8f6937a94b5dfabde5 -> 19d9ac4d844404a0464698120ed39275
  custom:scripting/monoscript/fileName/MacOSConfigWorkaround.cs: 8634a542fc5c45ea8cd9a8244bf2c871 -> 9fe61e763da506601651f6c451cecb0a
  custom:scripting/monoscript/fileName/IncomingChangesSelection.cs: a96a5a084d59fe3917a3831b68fa9479 -> d86f9f4463e6f9d99bb815e1f018ccf1
  custom:scripting/monoscript/fileName/AddMoveMenu.cs: 07e842d83dd343358454fef0a7927a0d -> e681c3341f01390e9c1d636ae93280df
  custom:scripting/monoscript/fileName/RestoreTestContextAfterDomainReload.cs: f915dc737a51db5619c0ddbc3d7e4801 -> 3f8ddcbc7c316ccf5012287995780eb2
  custom:scripting/monoscript/fileName/PlasticProjectSettingsProvider.cs: c126b47f9f934d48f0646c249a5bfcca -> 8c4ae1aeb34c51d2a5a8924265075ff2
  custom:scripting/monoscript/fileName/WindowResultUpdater.cs: 62ee47153c9bac0200ac618954dd51d8 -> 605812b0e2a9a0174e15ed86a3d5ac57
  custom:scripting/monoscript/fileName/Icons.cs: fab81a9d523e5a61e28f0f54bbcc88b3 -> abf089f96620a0dfa1fac77a06c6c48e
  custom:scripting/monoscript/fileName/AssetMenuItems.cs: 9ce81cedb8e568c6b7b646aa6263645b -> 
  custom:scripting/monoscript/fileName/ToolConstants.cs: a088b027c7b0922429c756f12b0507ea -> 3b0d2490617bc7f94a0bdab65a399e1d
  custom:scripting/monoscript/fileName/MergeTab.cs: f39dce5bbfdc053d284a55fc102a8be9 -> f0a9f00e065364eb63b070091ade67f8
  custom:scripting/monoscript/fileName/IAssemblyWrapper.cs: c5aecaa35bc67342edbe5a12fdcda610 -> 993dbd556e2f14ec6d4f6bce6cb00191
  custom:scripting/monoscript/fileName/UITestRunnerFilter.cs: 06335d4aeb6c8af701629dcac5fd648c -> a9e31eaec62dd508fa917eadb1c52808
  custom:scripting/monoscript/fileName/IUtpLogger.cs: ebcfd45287927053700f4f66ff35b501 -> 1b41334d9fc4fd5edb024e0bd2a6db56
  custom:scripting/monoscript/fileName/GetSelectedPaths.cs: 02423a81496d6c63598b5cdc203f4354 -> be35dd49dddd53fc840b9febf21b4d0d
  custom:scripting/monoscript/fileName/TokenExchangeResponse.cs: 0dd9138dbeab6f132711a5b608de5c13 -> f20183d4cf939766d3c1e15cc3bec2e3
  custom:scripting/monoscript/fileName/ChangesetsTab_Operations.cs: eca44847b108faefa69f8c525242c965 -> 3290c4c0cd248666e01a08ee6d621249
  custom:scripting/monoscript/fileName/ConfigurePartialWorkspace.cs: 309d4276b0164b05348aedbd51cc0b2f -> 10fcc6b6d43dd5ed36c43c6f7b5906c4
  custom:scripting/monoscript/fileName/OverlayRect.cs: 59d6887e4803f8a44ffaa0409470e410 -> 
  custom:scripting/monoscript/fileName/ValidRepositoryName.cs: 43c262be3f66a970816e3d3a3ee8872a -> 56bcf92a3678f6ad6215cae2e4914cfd
  custom:scripting/monoscript/fileName/OtherOptionsFoldout.cs: eea27b9873519c1ea7c35b8afc1b7947 -> cc8f3a7680050422963ebd2bf169a841
  custom:scripting/monoscript/fileName/BuildTestTreeTask.cs: 96cb982a37fe5925168754787bdebc15 -> ca4a5380bc07f43d0ad6bc5c2ca39b4b
  custom:scripting/monoscript/fileName/TestListGuiHelper.cs: 6d40eb061ebdba07e078b90b14eadffd -> 
  custom:container-demuxer-webm: 4f35f7cbe854078d1ac9338744f61a02 -> 
  custom:scripting/monoscript/fileName/TestResultExtensions.cs: f40703becc02ea8bc3b6c19d19f9d745 -> 1c512e213c49ce6d72b9d37b957b9372
  custom:scripting/monoscript/fileName/GetPlasticShortcut.cs: 2a84c035152261f00e7e66eb44cd0ffa -> 5c2b7bf07ddd2284efc64b09ef0f1f72
  custom:scripting/monoscript/fileName/LogMatch.cs: 3705a2877c87af4c4355c7933d389895 -> fed715ef044674dde53628d58d931b50
  custom:scripting/monoscript/fileName/TestCommandPcHelper.cs: acbadd8ac17c9074f1c7f1b037d57596 -> f958b2880473418011bc0cda18245d1e
  custom:scripting/monoscript/fileName/CallbacksDelegatorListener.cs: f80c4f45fed6816f24285f468af00026 -> 
  custom:scripting/monoscript/fileName/TestRunnerWindowSettings.cs: edf34156a2b1507caf7c6651f5ea4bc3 -> fb70b758f65d0605100dbd9482b7158e
  custom:scripting/monoscript/fileName/ApplyShelveWithConflictsQuestionerBuilder.cs: e109c624745dcc4304c557872b253808 -> 02e4256f31bc905362a382e31c3387eb
  custom:scripting/monoscript/fileName/GuiEnabled.cs: 1b1658fd7715b5cc664c10a130c6b629 -> 7bb13fcc8d8cbd392e00f7232841f086
  custom:scripting/monoscript/fileName/BuildPathDictionary.cs: 943911b84162d26cea47f964f9a0a399 -> 9fabc7cc73fcfc50b8a3307c6aa6ec4d
  custom:scripting/monoscript/fileName/FindEditorWindow.cs: 2bb64182aef631315344623cf583c78a -> 8c3c78bb7e82ac5008f8a2b8a0d68cff
  custom:scripting/monoscript/fileName/ShelvePendingChangesDialog.cs: 47aa4c07d31152c0c1eff64d2ba76cc6 -> 86b1f48b5fbaffa67e939e7f404062e6
  custom:scripting/monoscript/fileName/AnalyticsReporter.cs: c71b24da736c66608a20411bc3a519d2 -> 990f0ccd7dd9ebe56483e30a572c9394
  custom:scripting/monoscript/fileName/TestEnumerator.cs: bf6d1620a5c6bd3f28c72bbfed80e429 -> 26328e1622cb69ba0b1e01e906e7f65f
  custom:scripting/monoscript/fileName/DrawProgressForViews.cs: c153245b67af73b7ee03f693a1127796 -> 068a172cb549ad77d9873d721698bd0d
  custom:scripting/monoscript/fileName/EnumerableRetryTestCommand.cs: 73d6d5af06eff02f63f972c0d9d4ad7c -> b281084796eb91cc19de80f3f2b73a56
  custom:scripting/monoscript/fileName/UtpDebuglogger.cs: 06c62e7bf4b353d0d89b78258065c40a -> 2f96cd7ac1384aa23e8238df80ef8354
  custom:scripting/monoscript/fileName/UpdateReportDialog.cs: 706e7e86547c339cdb3a4462e3f7a54d -> 087837d8f73228f1a817d0de82c77260
  custom:scripting/monoscript/fileName/UnityMergeTree.cs: f81f2d7551ab855fe9dc724f3f2e2892 -> 59edaa0a4669bbcb540a261166adc144
  custom:scripting/monoscript/fileName/CycleMoveMenu.cs: 91c21a0be9b3727d7673f94321029c52 -> b3993a7306fc941f55ca963833965729
  custom:scripting/monoscript/fileName/HistoryListView.cs: 527da2d093462f1c4a278d6957e7d5ac -> 7b2d1d2c12ab43d9d244e35197127919
  custom:scripting/monoscript/fileName/ChangeTreeViewItem.cs: 506ed128854137d9f75f9e3d2576a06b -> b0a38ce0a620643c776a3db4fd91bc4c
  custom:scripting/monoscript/fileName/QuaternionEqualityComparer.cs: 1bf489e3042604f863689ba3c73f9e1b -> 0787e0a336d915c2829c2f55fd970a0d
  custom:scripting/monoscript/fileName/ITestAdaptor.cs: 2a73ddc53f1c7b5bf11396536f687ca4 -> 1f6228260995615097fc339d08bee2f4
  custom:scripting/monoscript/fileName/BringWindowToFront.cs: 88b20f2a2881db6a013f54923d68cdee -> a30c7c1ba746c6d277a5aedd3057d15e
  custom:scripting/monoscript/fileName/ShelvesViewMenu.cs: 947ea245959bf421539573511c3a0058 -> da5dc74b3444288f443961ecab7245d6
  custom:scripting/monoscript/fileName/ITestSuiteModifier.cs: 2c6fc66f35fdd1866881280ae909eaa5 -> 4374b14ce25f3e6c8b983b3d579e38b4
  custom:scripting/monoscript/fileName/LaunchCheckinConflictsDialog.cs: 4417eba1591eccb2221bfdce0106c1e0 -> e2c1e3f8f4e14a62e4363fe6259adbc2
  custom:scripting/monoscript/fileName/ParseArguments.cs: 03c1a4d7e357164ca313a0019713c3db -> ae915d9f5fe287ced40627c9ca8bfafd
  custom:scripting/monoscript/fileName/ExternalLink.cs: 685ff1dd6f55eb61a1fd8af84a2aa7f5 -> a8ff952d8c27d10f226ab92b7aa83b69
  custom:scripting/monoscript/fileName/WaitingSignInPanel.cs: 247680fcfc6a176b9fa28a3df600a754 -> 7585e1c7111b6b900784e6d1c9454258
  custom:scripting/monoscript/fileName/RemoteTestResultReciever.cs: 3396dcbdb7cfcd933b2182fbc1532e1a -> 
  custom:scripting/monoscript/fileName/OperationProgressData.cs: 0db72349eeecbe9449a517b1d79cc760 -> 15f68712baaea535af36d9e0333c0a6e
  custom:scripting/monoscript/fileName/ExitPlayMode.cs: 64d4ea6d596aecaf913f45e499564e88 -> f2eb63cb1a92bddb334eb5c2d75abc43
  custom:scripting/monoscript/fileName/IStateSerializer.cs: c5a3e7fac8482b2fe72d059b34fdea4b -> 2c22f7cb714163eee04bfe4b72ec4957
  custom:scripting/monoscript/fileName/UnityTestProtocolStarter.cs: d1e78341b65caa27eeb465ea61128aba -> e4b107bc354fd6dcbd62420da6500b7c
  custom:scripting/monoscript/fileName/RepositoriesListHeaderState.cs: c0353a1af15ae4fd3d5a2a3cac816423 -> fb71b961ab7c924511a6b0e8680b60ee
  custom:scripting/monoscript/fileName/ClientDiffTreeViewItem.cs: 56be9d3aa410e770e75de2d8b93be89d -> 43bdd7aa5bf1aa039a5b572c119c38d0
  custom:scripting/monoscript/fileName/CreateWorkspaceView.cs: c40bc4c8524ef3e2374ef997beb2e4a6 -> 9ae2295080d141c0f12d02a71014e11c
  custom:scripting/monoscript/fileName/CommandLineArguments.cs: 0d20ca25f94249586a7c1484c469d8a2 -> 48a62ad3f817c0269ea7fc4a53799594
  custom:scripting/monoscript/fileName/BuildActionTaskBase.cs: 8f6297df34271fdb1ce2d9607ec6261d -> 90647cc400823b41df847a6cbfc29026
  custom:scripting/monoscript/fileName/DownloadRepository.cs: 46fc68d9cc4da8e8ed765ff28b2dd438 -> 5bad8d3f76a3fcb41a94637e37c11ab0
  custom:scripting/monoscript/fileName/ParentWindow.cs: 2476d8a6ba9c3055f984ac9792cae61a -> d6aa079e592e01701c5baa3ab98898bc
  custom:scripting/monoscript/fileName/OperationParams.cs: 091a140b35535b91c773ddf98925322d -> 3312c7a4424a66ffbf2f88f056f329aa
  custom:scripting/monoscript/fileName/IEditModeTestYieldInstruction.cs: e4c6a749d843914165935ce080f657d8 -> ad49fb85f2d4ed0badb27552deac0771
  custom:scripting/monoscript/fileName/CachingTestListProvider.cs: cac67f32d723c8745a1f511390945781 -> bfcb79acce43a93633071168c814d063
  custom:scripting/monoscript/fileName/SignInWithEmailPanel.cs: a5823728eb62cf6dbd8c933c1cb26f53 -> 6e8957c0ed7609303e68389067e72d72
  custom:scripting/monoscript/fileName/UnityPlatformAttribute.cs: 05ff6a4a5828d32604e864a3b44f3fb8 -> e79555e200698f1b55c6c54851cd369e
  custom:scripting/monoscript/fileName/TestStarter.cs: e2d0587cebe915ea1c55ef726c6bd082 -> d1bc3fba65bb4735afc3828355ea6c72
  custom:scripting/monoscript/fileName/LaunchInstaller.cs: f9b7c99441bc32980ce9b95be066824b -> b75efdf5909b501e06cacd9c66f75981
  custom:scripting/monoscript/fileName/GetWindowIfOpened.cs: 84a2356c61155912908cf98a62600c22 -> fd8bfd1a9b371371ebbff48e377726f9
  custom:scripting/monoscript/fileName/TestPlayerBuildModifierAttribute.cs: e033609ef117a17dda08e3556f30bfa5 -> d4ffc53911ef24dec9dc901e0444a77b
  custom:scripting/monoscript/fileName/AvatarImages.cs: ea6dca998cf0ec5122553a9e010ef687 -> 3aa8c25a350843151ec4070c820c411a
  custom:scripting/monoscript/fileName/DrawUserIcon.cs: 2f65feb9bed897237f97fbf9c5479092 -> 7d5385bf780ae84e648a8b49f8fe0825
  custom:scripting/monoscript/fileName/ITestListCacheData.cs: 1c95486e8d67b5eedd3530759306c580 -> 09682e3e03141d9f43100cdaff3665eb
  custom:scripting/monoscript/fileName/TestListCacheData.cs: 1f5a847fa8b54233f179d3f9f5a719db -> 295232838ed90f85679b2d004562d59e
  custom:scripting/monoscript/fileName/TreeViewItemExtensions.cs: d22abf8de7a9ab0e852b869a652f100d -> 6849c47ffa8623d630ef12f76bd49905
  custom:scripting/monoscript/fileName/AssetStatus.cs: b9ea657347f2c22e8e401cdb256c516c -> e017010009bdb28bcb0d7d8ef05e7dd9
  custom:scripting/monoscript/fileName/BranchesListView.cs: 334a3fb302f855f71fb71520fb442a71 -> 3f5ed9fe5a1bca512014ae1600ee1666
  custom:scripting/monoscript/fileName/DrawGuiModeSwitcher.cs: 363adc150c5f1c5059a678f179906090 -> d3be34a3134d3fe80ef6b14d0d519128
  custom:scripting/monoscript/fileName/Is.cs: 0371baf7f4d4fda1df93e36baa3a7f7c -> 6922f89182cd28e32ba48e34cda7947d
  custom:scripting/monoscript/fileName/TestListGUIBase.cs: 3323ae02564bf80ecb144d790edf3454 -> a2b53f3d1923dc6fb3d7f4c9f9855104
  custom:scripting/monoscript/fileName/WindowResultUpdaterDataHolder.cs: e4b0333fa05c0f3ef2128a54294a2588 -> 2de8ba1615f5d28c30d54411d42e2524
  custom:scripting/monoscript/fileName/UnityMenuItem.cs: 5f445176ad3735e69769d93250663be7 -> 73f3c859f1b5092ad362c09e23b3a922
  custom:scripting/monoscript/fileName/WebRestApiClient.cs: 8ab6ae74a3793a3375cc48f328048a82 -> 746756fd499dddd02a4e7ccdbac48be3
  custom:scripting/monoscript/fileName/PlayerConnectionMessageIds.cs: a896cc1ebb022b48f652641f623e4c5c -> 2e4b7265f0eeb40e1260d00fe6e4614e
  custom:scripting/monoscript/fileName/ShelveListViewItem.cs: a37862556d04b25f75804d991e109d87 -> 373418f0ae11fc25a26ff7fe4f472006
  custom:scripting/monoscript/fileName/OpenPlasticProjectSettings.cs: 5a86fd454f7c9f74b62653e269818d3f -> 
  custom:scripting/monoscript/fileName/RemoteTestResultDataWithTestData.cs: 21f6a5ed6216bf99941b16dfe0613ec5 -> bcf701fb298ed6f8cab894b203300c37
  custom:scripting/monoscript/fileName/SwitchPlatformSetup.cs: 86e207190212b6666c14096ec0beb845 -> 576de741bbd585688af4b8aaf70f0708
  custom:scripting/monoscript/fileName/PendingChangesOptionsFoldout.cs: 2a2f5a0ba87bd75c4475236a9a012016 -> f9e651bcc5d4441496c88ab59a32f360
  custom:scripting/monoscript/fileName/IncomingChangesTreeView.cs: d8c19bc81b07c04d7721396d2821d297 -> 96479648d4498738733254eb4e4c6fb5
  custom:scripting/monoscript/fileName/GenericProgress.cs: 11287c7d038c487f32d0c8edc476a32d -> 8492ec26f01fc248d3eb3c2f5b3b6c0f
  custom:scripting/monoscript/fileName/ShelvesListView.cs: 0763e4076b11a683fa148282680085c0 -> 01c1f087b2f83b458da6b8ad18736606
  custom:scripting/monoscript/fileName/MergeCategoryTreeViewItem.cs: c1ecd9dc0cd73eb7eb129994dedc1a91 -> 6bd59fcbfeafe06987a54631991d755b
  custom:scripting/monoscript/fileName/CheckinDialog.cs: 1709b78fae1329cc05fd4f39334b25f5 -> 702fdb8d0a3b4bfcb9ba109e71325cad
  custom:scripting/monoscript/fileName/SortOrderComparer.cs: 8f6297df34271fdb1ce2d9607ec6261d -> 90647cc400823b41df847a6cbfc29026
  custom:scripting/monoscript/fileName/GUIActionRunner.cs: 69af7de0762ed6d085feb4cc4b5101b3 -> 4a0608de635b0d82868d57923d68eff7
  custom:scripting/monoscript/fileName/PlasticMenuItem.cs: 30c3a785b4c2607e2ae9aad693d5f604 -> 
  custom:scripting/monoscript/fileName/PendingChangesTreeView.cs: f3722f38014385705913f17dbe0f90c1 -> 17142d220a0a50a3f3d184c4718a0da7
  custom:scripting/monoscript/fileName/TestJobData.cs: 45c2452d3aa545742dc2b57ad55fa794 -> b5764cc21ae3016cae3c4ce5053458f7
  custom:scripting/monoscript/fileName/VCSPlugin.cs: 69c1b7249af35f35848ae707bd5e7113 -> 
  custom:scripting/monoscript/fileName/RuntimeTestRunnerFilter.cs: 230571a0569274dbd5e47e4595a3be33 -> 526247a6af82c71973a55c9c5be36280
  custom:scripting/monoscript/fileName/GetClientDiffInfos.cs: 4ae14b15e2cf5177a84735548a44cdc9 -> f8db8e637ded2d5e935a953a13b85ebe
  custom:scripting/monoscript/fileName/DrawActionButtonWithMenu.cs: d7f31944358aed2f3ed3982246fca039 -> 8d4f5edd02a1dd0f38c4f2baf5ee8a33
  custom:scripting/monoscript/fileName/ITestSettings.cs: 608b72c12786bbdd128c096353cc10e2 -> 7d6676128f469c2eefb2813ec592ab4f
  custom:scripting/monoscript/fileName/ErrorListViewItem.cs: 9bf59c82e9c9992a012a3eb2b6c2bfe5 -> 509edc26860f8be303ec97d68aabc30d
  custom:scripting/monoscript/fileName/RemoteTestResultSender.cs: 570055716108540c9c34e71343ce0f03 -> 2b6acbe484994dc310d0ac406904e742
  custom:container-muxer-webm: aa71ff27fc2769a1b78a27578f13a17b -> 
  custom:scripting/monoscript/fileName/AttributeFinderBase.cs: b09010f5776af2a4f3460127027ca105 -> 7e104530f871143fdb60a169114dd663
  custom:scripting/monoscript/fileName/EditorProgressControls.cs: b1f133fa38afd918d537a72574fc93a0 -> 2e606eb01a6e6a567f3de9a0379ed3ae
  custom:scripting/monoscript/fileName/PlaymodeLauncher.cs: 3a6fe823ef85e4189eb7e25bbb98798f -> 981dc587e53c0f0d21b816af7469156c
  custom:scripting/monoscript/fileName/BranchesListHeaderState.cs: d47f1164fa7093137db851c4c16ffba3 -> 82eab21603f4efc696334ee80641c2c9
  custom:scripting/monoscript/fileName/ExitCallbacksDataHolder.cs: 2a73f9623aa81becb5d8d11a43747b12 -> 
  custom:scripting/monoscript/fileName/DrawSearchField.cs: b11b864a92c7d76f85d4ec87d6faf61c -> 3de70beba9f4447205d50241d95b066a
  custom:scripting/monoscript/fileName/PendingChangesTab.cs: c99065f3c85ec85c85ece2a1a30665af -> 15ae6787065f4af65778e981f418a60b
  custom:scripting/monoscript/fileName/TestAdaptorFactory.cs: ac39772b57c14123c1a057d315d0217c -> b9e4d12260befcd688940e2c80db8ee8
  custom:scripting/monoscript/fileName/IEnumerableTestMethodCommand.cs: e89b2da6fd5c9e148c3a0687c618f62e -> 81260787415c187c9e413e476b816cd2
  custom:scripting/monoscript/fileName/MergeTreeHeaderState.cs: d266e9dd03ced7ec66ad3688e5f18f26 -> 6293ca7f65e9641fcbe12100e705a990
  custom:scripting/monoscript/fileName/BuildGetEventExtraInfoFunction.cs: 1308a6936e8051866a117b3b7c2c7b77 -> 74bfc8c01f931108a3c2b127aa04cc8d
  custom:scripting/monoscript/fileName/ShelvesTab.cs: 88e0da7511313c57d3f51ba183c4d3fc -> fca0a219bdad45e636bd34724e5dc89d
  custom:video-decoder-webm-vp8: 9c59270c3fd7afecdb556c50c9e8de78 -> 
  custom:scripting/monoscript/fileName/AssetsDatabaseHelper.cs: 3deb384d73768aa5a87c1835c3d7553a -> e690d63c7b932a5efaeaf8c476198e75
  custom:scripting/monoscript/fileName/WelcomeView.cs: 07e35bfe1faa2c52c049eb30958acd54 -> f06c185659ea2f4a75f9397861dc6096
  custom:scripting/monoscript/fileName/DeleteMoveMenu.cs: 39c593e854a9a8ae0e6d34ceb587fce1 -> 4d026cbabd8105e38661f97da078042a
  custom:scripting/monoscript/fileName/PlasticApp.cs: c440a0fb380601a77ad475d6c15d4fa1 -> c57de230d90beac7b586f10b9c7c6cb5
  custom:scripting/monoscript/fileName/PerformUndoTask.cs: a88080dc60788c59917e5a5da2beea27 -> f38e53873dc9c7e638622dda18102b41
  custom:scripting/monoscript/fileName/ChangesetsTab.cs: ef408d8aaf89e01b17643ed0c836680d -> 46dde8f7856048792ad2e75490bb8c5e
  custom:scripting/monoscript/fileName/DeleteBranchDialog.cs: efbbc070bfeda2b746e8b15a4380cb26 -> 8549b0fc52962c89115fd78724fee578
  custom:scripting/monoscript/fileName/IncomingChangesNotification.cs: d7ac4b8f9ea939309b8ceb7f729100a2 -> caa8ea2c7336b9227381f0971759e01a
  custom:scripting/monoscript/fileName/DrawTreeViewEmptyState.cs: d4c16fd6aad8161eda7d99fd74cbb08e -> 
  custom:scripting/monoscript/fileName/ErrorsListView.cs: cc3142391037796392fcd3fe860891dd -> cd35171982f17897dd5148dda46e0956
  custom:scripting/monoscript/fileName/UnityPendingChangesTree.cs: fd6f0a038401268983bd9328d10dec93 -> f391d9a00dc9e202cee4d4ebcf6d21c0
  custom:scripting/monoscript/fileName/RuntimeTestLauncherBase.cs: 545e0e1c1701551e51a349e0cfbf7e09 -> 9c570bd0d91da3e5211e4436ad92314b
  custom:scripting/monoscript/fileName/TestActionCommand.cs: 9d9a215c413c4354b3d31801a3312f5a -> 753f99c04dd69dc2a43030237870dd1f
  custom:scripting/monoscript/fileName/ClientConfiguration.cs: 5f5e47bfb7cedc7420d7e59c6d7ae6f0 -> 01b18b09a6dbb3756e1f42a5b64aab0f
  custom:scripting/monoscript/fileName/AssetVcsOperations.cs: 50ee89e011ba3d800b4e7a9a24aca7e1 -> 
  custom:scripting/monoscript/fileName/BaseDelegator.cs: 39f1c059498e3e1e37d5e631bbc24cc7 -> d270baecbc007d1328bc5c9991d1dea9
  custom:scripting/monoscript/fileName/TestRunCallbackListener.cs: 6d0e8c714fa72bff0fe809d3fbb8d587 -> 15fa13086a2949901b1e4a3584b83cd8
  custom:scripting/monoscript/fileName/IOuterUnityTestAction.cs: 1f62717facda0b560b4af9da3d21fc98 -> 58e7f8b884a5d88e319b8f448f29bfdb
  custom:scripting/monoscript/fileName/TestSettings.cs: df291dfe8fbaf1e1f1d4ae4925c14a92 -> d583ccee803a035f2d53ba29374aac19
  custom:scripting/monoscript/fileName/SynchronousFilter.cs: fb46e705a687283ca79c6357a2f78760 -> b84da53d6d10348793b3683f19a6d4b3
  custom:scripting/monoscript/fileName/PlasticDialog.cs: b0aae1bf1889af041741f324070b7b84 -> 63a17a2b696bc2a13c9046aa16f8cea4
  custom:scripting/monoscript/fileName/LegacyEditModeRunTask.cs: 2b5f09ef7f63773ca676d71969800516 -> 
  custom:SearchIndexIgnoredProperties: e643bd26f0fe6173181afceb89e7c659 -> 
  custom:scripting/monoscript/fileName/AutoRefresh.cs: 9d30d5d3f0e8985355be1ab597da1dbb -> 0a8afde180a876655ad16caa14493409
  custom:scripting/monoscript/fileName/PlasticPluginIsEnabledPreference.cs: 7953272c37f4a828a3d1096e7479f346 -> 
  custom:scripting/monoscript/fileName/GetRelativePath.cs: 9b16eb2de9e98b392077181cc34243c1 -> ab04ae5e0cafb93ebf5c96148bb52df0
  custom:scripting/monoscript/fileName/UnityEvents.cs: 253411328de37811883aded592b97268 -> c830e584565fcd66ca0d5a23ad8b9bd6
  custom:AudioImporter_EditorPlatform: d09bf68614088b80899f8185d706f6e7 -> 
  custom:scripting/monoscript/fileName/DeleteChangeMenu.cs: 540c783b689e4d6a4a383862455d5d39 -> bfa368dc06e11abcc107d6f80c7c19c5
  custom:scripting/monoscript/fileName/PlayerLauncherTestRunSettings.cs: 5d2b9db2556b475d527662dfc40538f1 -> ac04d6a6a9c6380f318071a2f4da8a2f
  custom:scripting/monoscript/fileName/SelectNewCodeReviewBehavior.cs: df6e8e132199ea6ec467c9bced11011d -> a16edf3a8c3e5ac26863e890f68fd937
  custom:scripting/monoscript/fileName/DockEditorWindow.cs: 581124d5e19667105f2446d6dfbf7982 -> a9e5e467234133af999283610b6e84e6
  custom:scripting/monoscript/fileName/ActionDelegator.cs: 0b37ded58104f18659a880de95881951 -> f2eb6c2fd33630cfdd6d3183b4a2ca3f
  custom:scripting/monoscript/fileName/ITestRunnerApiMapper.cs: 864c8f6cc3985f3365e8b5f02afeb230 -> 337d02b691c8103d2eedc6b52f4f76ab
  custom:scripting/monoscript/fileName/RerunCallbackInitializer.cs: a2ca4a4e4bb070fd30ec377e61ed66cb -> 
  custom:scripting/monoscript/fileName/ICallbacks.cs: e6fb4966887be0b97bef44d92d561a69 -> a9c5fd289272fce7e09c7f3e5f11b8a0
  custom:scripting/monoscript/fileName/ProjectPackages.cs: e247c98bd45807b228765f9a94d82145 -> 9e9e13e39b2e9718b602503b87245c18
  custom:scripting/monoscript/fileName/IEditorLoadedTestAssemblyProvider.cs: 0be7fc5fa38a5453fe58cce555760ed4 -> cbb3f715010afa8cd4f0f40294bb78ba
  custom:scripting/monoscript/fileName/BranchesSelection.cs: 7eb1fcb556f0fad697e4ec9d989be099 -> 33b36e7b03910960966036894ec90c7c
  custom:scripting/monoscript/fileName/TestListProvider.cs: 58a05dfe9100cc52adea57fc4a0b6c62 -> f8235933605b6a025c9638df0194bf97
  custom:scripting/monoscript/fileName/SaveAction.cs: b68fbb4319dbb368959c40781b39fdf8 -> 27c387bb58f3a69b0c9ff60d2209e18f
  custom:scripting/monoscript/fileName/AutoConfig.cs: 6c4e7f9dc55323aa1299debfe9723aa6 -> bf4bbd2f2e752464ef51dbf102faed17
  custom:scripting/monoscript/fileName/InvalidSignatureException.cs: 293ad969d76fdecf7dc5f86949047e54 -> f250eccc836ee674127ecdee41f7a4ea
  custom:scripting/monoscript/fileName/UnitySetUpAttribute.cs: 4ed69b5a4764c67bceaa6f04d0d8776f -> 78bcd37bf54751e70200df4ae24f405b
  custom:scripting/monoscript/fileName/DiffPanel.cs: 02288a38bd14cc2b52a25b302a6f154e -> 210366dab3631628227b9406f87a9b7f
  custom:scripting/monoscript/fileName/PlasticAssetsProcessor.cs: ff731c8aacf4a537dc74c7cf9eaeaed0 -> 
  custom:scripting/monoscript/fileName/PlayModeRunnerCallback.cs: 10f699e46ae6f3eea3e1c18bf2bc25ed -> 6cd874bc3032a6eaf4228f5877b27ba0
  custom:scripting/monoscript/fileName/DrawActionToolbar.cs: 52293cb82089e0370f52e257f41c0869 -> e05748a99799f26304c1bbafd90f703b
  custom:scripting/monoscript/fileName/TreeViewItemIds.cs: 7d654a2b5b3a10da3e7d8472196e96d1 -> 0cdf409b5aa8d4c25876d72b5c6a3b60
  custom:scripting/monoscript/fileName/EditorVersion.cs: 70953c9eccf7726f70c672a9a51619e9 -> 698aba075b19a52a056d67a7b809d179
  custom:scripting/monoscript/fileName/TeamEditionConfigurationWindow.cs: d06f049421c16e5927ec29f770917e09 -> e53b1ca5561894aaeff930afb696d001
  custom:scripting/monoscript/fileName/ProgressOperationHandler.cs: 5fbb4e0f656dcfaa4498bd2e492e4710 -> ec62666c0ca1649dd33cc6bc6834c6f7
  custom:scripting/monoscript/fileName/UnityPlasticTimer.cs: 961fdb6492c99b4a3eadbed28e78c4b0 -> 6c887e722e951c2964523825cad70c4c
  custom:scripting/monoscript/fileName/TreeHeaderColumns.cs: 9fc4a0396a421346b8aa3b7788860851 -> 316e5ea62e66b20fd6e687a6b9e5958e
  custom:scripting/monoscript/fileName/MergeOptionsDialog.cs: 25ac62df73845405e13f44e4dfdcf0d1 -> 9250ce23d260ab84f87bd5899c6cf983
  custom:scripting/monoscript/fileName/AssetFilesFilterPatternsMenuBuilder.cs: 8fe5de6e5dc3d42fb7e95de2aaedbf5a -> 0d99e7514c6a33cda8314deed8f34bc5
  custom:scripting/monoscript/fileName/ICallbacksDelegator.cs: 3824b8185f5cd32ad0de995dbcedd1e3 -> 2bfa822de05a601b9fbe2f79d4d317c0
  custom:scripting/monoscript/fileName/MergeTreeView.cs: 143a828a1a236483d3cdc1d010ce9d51 -> 3feb38cec50d3fc7576ddbf07a9a9ce8
  custom:scripting/monoscript/fileName/TestAdaptor.cs: 8d757a7cd1f19e6976312b3b884a590f -> 486cec8559bad7c56adc699f165feb67
  custom:scripting/monoscript/fileName/PlasticNotification.cs: 3629fdff9f054b2013702f5b131b2c47 -> 
  custom:scripting/monoscript/fileName/TestStartedMessage.cs: f3c1a94a591f54531913c8a032d9a4b8 -> ac38229ae4e3c67de75cf9d77c73b95e
  custom:scripting/monoscript/fileName/CallbacksDelegator.cs: c76e06d7a0a6084464f55a923795d8df -> e0dcdade48f633c0a7cebc925bd686c4
  custom:scripting/monoscript/fileName/ConfirmContinueWithPendingChangesDialog.cs: c0e147ff008a0b77c9337132a3ea70af -> 77462b1904ad8f6fee2f8da4523d59fe
  custom:scripting/monoscript/fileName/ShelvesListHeaderState.cs: d3cea237aa496a145829475430d90f29 -> 287f23cbe09ecb9b28ec8dd05ede8846
  custom:scripting/monoscript/fileName/ChangelistTreeViewItem.cs: a4a6f6169cdb3afe249e104e2b7b1a2c -> 87f69636be8bd1a264ec4eac1bffa701
  custom:scripting/monoscript/fileName/PlayerLauncherBuildOptions.cs: 1155187d1390024c0e84b222b67c4059 -> 39352f62028667e3cc8d13371f828f55
  custom:scripting/monoscript/fileName/CollabPlugin.cs: bda741ff77a19affbf276298e29313ec -> ca276d65e7cd77c5c99d9f119ffdb215
  custom:scripting/monoscript/fileName/TabButton.cs: 757146b89ed597b1d75c77241e5d5f63 -> 
  custom:scripting/monoscript/fileName/RegisterFilesForCleanupVerificationTask.cs: 89d04f0389116a1354de9cde88045aa7 -> f18fd2d946c9ea52b8232f47d6d70221
  custom:scripting/monoscript/fileName/LaunchTool.cs: 3ac53c8af1f56365aad9e1ae5366d98d -> 60773d78646dc188d4b2caca77f20b17
  custom:scripting/monoscript/fileName/RunModal.cs: 33b931100ee477e6812324eabaa2e837 -> c83ee2ef642c5d8b8dfd32f033bfc438
  custom:scripting/monoscript/fileName/TestRunnerStateSerializer.cs: 68058e60ab6d5d33b7935f4205c97bb2 -> 7206f4f1eb4c5991ea76b5c39830dba4
  custom:scripting/monoscript/fileName/BranchListViewItem.cs: 8fdaa5aa842f5a70237affa304b9d506 -> 55028f4aef24d6227589aaa95582b2ff
  custom:scripting/monoscript/fileName/LogEvent.cs: a1178cf4bd49345a2f924044f341effd -> 9bf386b9808c16608387e196f7a5e9d6
  custom:scripting/monoscript/fileName/GetAvatar.cs: 07c98163f75f0b7c672bd453fc82bf61 -> 04ffae2a9e5a4c32a119f93144f558d2
  custom:scripting/monoscript/fileName/PlaymodeTestsController.cs: 7726dd936e1c608c494987ba2754eb47 -> 59c9d4597d46ecf4c6fbc8f49c64d0b9
  custom:scripting/monoscript/fileName/MoveAddMenu.cs: 81d47caeb9f49803adfe1627c8ce5bf4 -> 1fbfab870b2e95fdd8a81f6019f764df
  custom:scripting/monoscript/fileName/FindTool.cs: fc3b0710b24078288fe829d0bb041dd0 -> 2f9d82566cfb01fb68fc30111fb47624
  custom:scripting/monoscript/fileName/ChannelCertificateUiImpl.cs: 75d7831ab5da75cc0082e28863abb142 -> cefccf1e13b7bcf15e3c9f2dd4cd2fc8
  custom:scripting/monoscript/fileName/ApplyCircleMask.cs: 02eb67e485278e7c9b719fee5ff90f4a -> b955b378d261fdcbd6272fe8711d1e4f
  custom:scripting/monoscript/fileName/TestListTreeViewGUI.cs: 5d4e7ac9fc0c5382f19d49599ef6cbd8 -> bf873c97e960a33b0be65a5b638e7ff5
  custom:scripting/monoscript/fileName/TestJobRunner.cs: e4deb98063838e020557c338e0bd4ebb -> 1c3d9f2bfcdac33a01c4bb25c392ab4f
  custom:scripting/monoscript/fileName/TestRunnerCallback.cs: 61231fce5590e38bfc5e9165e9803d8b -> 
  custom:scripting/monoscript/fileName/AssetMenuOperations.cs: 131bfc7279b97eba576abe13a47f8f91 -> ebcce67603e288b4a84d49287db6ef5a
  custom:scripting/monoscript/fileName/ShelveAndSwitchOptionsFoldout.cs: 676902ec49ff9c5abb2a832f067966e8 -> e7b216a23869eafb9aecd00a8905fafa
  custom:scripting/monoscript/fileName/VisualElementExtensions.cs: cd98f4a51563fccdfc39eed097290325 -> 0aad2728225c469038631668406aebb3
  custom:scripting/monoscript/fileName/FailCommand.cs: fba5f7b9c1e8d00f41e9076aac4a1d8d -> e0622be95cb9f4c04ff53066589d6d7e
  custom:scripting/monoscript/fileName/LocksSelector.cs: 70b046a562568fd78d093736e68a3a58 -> 7b0f4fc5552c1d92ba7f4648526ceb21
  custom:scripting/monoscript/fileName/ListViewItemIds.cs: 8f6297df34271fdb1ce2d9607ec6261d -> 90647cc400823b41df847a6cbfc29026
  custom:scripting/monoscript/fileName/CreateWorkspaceViewState.cs: 1deb37b3c17c224d9a7dca9c990ea191 -> 0fe23b7cca9336b31a27790c714de652
  custom:scripting/monoscript/fileName/MergeLinkListViewItem.cs: ebc1e6f9e3a3005d8f4c51a794adfdaa -> 3fa407d29597803190dd374d88ed170d
  custom:scripting/monoscript/fileName/DrawCommentTextArea.cs: ad5449f632fd412ac0f7ba0d171fd453 -> c58c26552f95f108a8d9610eaf001fbc
  custom:scripting/monoscript/fileName/TestRunnerApi.cs: b582e8d89da1ce04ff5e8605fa1b5a2e -> b5c17af6fa247dfc791b512a209021d3
  custom:scripting/monoscript/fileName/ErrorsListHeaderState.cs: 9141660c9776c5dac5f980fd03a672a8 -> b961336a4a43551eb826f97c57673007
  custom:scripting/monoscript/fileName/MergeViewDirectoryConflictMenu.cs: d45972e8b5f74223c607a4daa895ff3d -> fad8e1937fc14fd75ca21a68ee1037b8
  custom:scripting/monoscript/fileName/RefreshAsset.cs: 4479d2949a66a97f66d1e550067f3767 -> 5a15c606785f1f54a697bb0d0d846dfb
  custom:scripting/monoscript/fileName/IUtpMessageReporter.cs: 02b26b8c414970dd7d96e6dcfbe9a861 -> e8e6a62b6032a5642706a62156dd8314
  custom:scripting/monoscript/fileName/BoolSetting.cs: d67f952c3a5976591f3e9a9e7356bbab -> 12bf039ccd38b0f4ccfffbec3cbbf108
  custom:scripting/monoscript/fileName/MoraController.cs: 2f2de914d4c2fcb0b78770fe9694f963 -> 
  custom:scripting/monoscript/fileName/IErrorCallbacks.cs: 525b2a3e515b976057d42e4abfcec602 -> fd7a49712e8a919d38dd0fddef8872df
  custom:scripting/monoscript/fileName/IScriptingRuntimeProxy.cs: 207c12828ef43f5ca31b3bcec485e9f7 -> c75af2a6ef439df9f19f151aeb5749ea
  custom:scripting/monoscript/fileName/ExitCallbacks.cs: 716173503afdef0ae4c4023adba1972e -> 
  custom:scripting/monoscript/fileName/CreateChangelistDialog.cs: 774371d4233cc1d394d98dc80507a1f8 -> 386b03e27c951c5f1d63daf7aae486ca
  custom:scripting/monoscript/fileName/ImmediateEnumerableCommand.cs: e79fd27a9b7f6505ae6a4aa7c72274db -> 89dd27d23dccf969b99d79611e8fed9a
  custom:scripting/monoscript/fileName/ApplePlatformSetup.cs: 4b442da1fea709240aeaf74bde720d3c -> 0ceeffeb4378c50fe08ff9b5d16a73f3
  custom:scripting/monoscript/fileName/HistoryListViewMenu.cs: 15a489e494f04a7ea37a587c7601070e -> 29770348599c8d5473b78d72e5741b40
  custom:scripting/monoscript/fileName/MergeViewFileConflictMenu.cs: d7362b83d6b320a0f0ceaf99dbe21727 -> 8fc0f292158abfa71c2c7b3b6f38d32a
  custom:scripting/monoscript/fileName/FilterRulesConfirmationDialog.cs: 5186d89f21d03764f0cca01c2a0122d7 -> 9c91c6c91f20e6d013a753f32343b327
  custom:scripting/monoscript/fileName/LogAssert.cs: 8c30e2367a22f747fb9a538551ddb198 -> 195ab501c85f741ece9ac8b49385dcce
  custom:scripting/monoscript/fileName/ChangesetsSelection.cs: d154d1782ed752b83834c54a0bde3df9 -> 8b9d539af9f7e269bac4e3d79e9ffab8
  custom:scripting/monoscript/fileName/ITestListProvider.cs: 4f1a13a1dbecabb9f7515cef8fe120ff -> 0169c532d74787e64cd4163cd55d4572
  custom:scripting/monoscript/fileName/AssetPostprocessor.cs: 96208057b904410715a8df295ba4f8f4 -> 
  custom:scripting/monoscript/fileName/AllocatingGCMemoryConstraint.cs: 2542b507c3de77a99c0db5c1357ffb65 -> 8b2ed7fbfb529ba318fb8425f7a81278
  custom:scripting/monoscript/fileName/LegacyPlayModeRunTask.cs: 8a159c990fea520d0af36b86d243e79e -> 
  custom:scripting/monoscript/fileName/IsResolved.cs: 67a72533af97b9ab7830798057ab806c -> f54a3e2c5134aa4306f9ad150b1911a9
  custom:scripting/monoscript/fileName/TestCommandBuilder.cs: 7c013615052dfed5e39b8bb914f01cb8 -> bf61faf29c0aea0c4e5d4ac76abaee13
  custom:scripting/monoscript/fileName/LocalStatusCache.cs: a558fcf5f34357bab4cfc7b75e2bb356 -> 30974ea30517fbfd1b93153f6c849a76
  custom:scripting/monoscript/fileName/ITestResultAdaptor.cs: 8d865eb70a8464f5288b9274d9abc979 -> bb9e1bbb2ff45e5a5f11e877a24721d7
  custom:scripting/monoscript/fileName/RepositoryExplorerDialog.cs: 143e7416b576681e1f2ea71288e530e6 -> eea34924da79ad7254f3e141a891c78d
  custom:scripting/monoscript/fileName/Vector2ComparerWithEqualsOperator.cs: b6f6b1f33f1b74ed974042f5e0303f0d -> 1851f392f974d4a42efb0de68a402e9b
  custom:scripting/monoscript/fileName/TestFinishedMessage.cs: 90745d8bb0dd1bfeebb724d118b2d483 -> ccd3538dc4059cd71acd9bfea48dbc80
  custom:scripting/monoscript/fileName/BeforeAfterTestCommandBase.cs: 8f6297df34271fdb1ce2d9607ec6261d -> 90647cc400823b41df847a6cbfc29026
  custom:scripting/monoscript/fileName/Vector2EqualityComparer.cs: c680a095e66b9bf90931050b8b145b65 -> 4ac8b0db10bbdb7ea68d4be944c5b941
  custom:scripting/monoscript/fileName/ITestTreeRebuildCallbacks.cs: c7090567546723c1f0a184a18f5ac1fe -> f952713f83d574a58f719696be7e52a3
  custom:scripting/monoscript/fileName/FileCleanupVerifierTaskBase.cs: 50c4fc5e4ffaa31cb467fc75616b7129 -> 8c0e90b329ac988e22429767c222f3c6
  custom:scripting/monoscript/fileName/UwpPlatformSetup.cs: c89362d564a60469ebbb75e8e12d340a -> b9f50f93de5f547a7eaf96f1bc58a80f
  custom:scripting/monoscript/fileName/WorkspaceWindow.cs: ff52e13cd29dacd66db0169e14f71a23 -> b042f06133312d3bfed176231d97d77c
  custom:scripting/monoscript/fileName/BranchesTab_Operations.cs: 764cb17e9337c58ad4f5304b60b2042e -> 57c33f76c527a5aba4d269245ffff188
  custom:scripting/monoscript/fileName/DiffAndMergeOptionsFoldout.cs: 080cbf9242c0571bafa2e45ef8932448 -> 2810bae564e92b04bc7ebe4e47a2880b
  custom:scripting/monoscript/fileName/PlasticShutdown.cs: a8df8eeeed98372d06e446171a192a6d -> 
  custom:scripting/monoscript/fileName/FilesFilterPatternsMenuBuilder.cs: 28072cd275c96994687e6d4d0d6e1dff -> cf716a8d336c8113475a9ca67a799ec1
  custom:scripting/monoscript/fileName/TestRunnerWindow.cs: beab6dc6591535c1b37ec310f1e15af0 -> 156fc89bab7bdd82ca70e07c9aa9ebbd
  custom:scripting/monoscript/fileName/HistoryListViewItem.cs: 2d3b1fc954b6bdbae298ec250ade0663 -> 96f2b67ec620b83e35d13f11877e1ac1
  custom:scripting/monoscript/fileName/RemoteStatusCache.cs: 00463e6b90cfe7da080d7c266f783980 -> 402d5663f3675e9324c129274b0c00f2
  custom:scripting/monoscript/fileName/EditorWindowFocus.cs: 1012e4e2e29e9b29bdcc03d8b92762a8 -> f258b0cf85078a7435d001e522d5e8e3
  custom:scripting/monoscript/fileName/EnumExtensions.cs: dbfa4dc82972125e904bf705c452c1b9 -> cda0742409c4e8ba02ffb7d89dff3e4b
  custom:scripting/monoscript/fileName/ColorEqualityComparer.cs: 9c477fa3f8fc3439b732377dad0e7a34 -> 9ae684bc4a6b608abc9f7f131bd7cb1d
  custom:scripting/monoscript/fileName/NewIncomingChanges.cs: fc48261878ef7e4b956e7172f5803aee -> 
  custom:scripting/monoscript/fileName/IAsyncTestAssemblyBuilder.cs: f88864ba85e2ec28df36a1a7af1974da -> d4bd9849c11964145b1082a4b1d477fa
  custom:scripting/monoscript/fileName/IsExeVersion.cs: 093723a3ef9cbad630dfdc60c764eff0 -> 9ef63354090e3419637bfe79e3489687
  custom:video-encoder-webm-vp8: eb34c28f22e8b96e1ab97ce403110664 -> 
  custom:scripting/monoscript/fileName/UnityIncomingChangesTree.cs: f774bb8bf0bd45a254894c795843c695 -> 42967773c43d3de5d23be4ddc6dfd9c4
  custom:scripting/monoscript/fileName/RunData.cs: 91eb6697698b63fe6764d1aca25f1f65 -> 772bee3d6504258eed6027a2ae076850
  custom:scripting/monoscript/fileName/ResultsSavingCallbacks.cs: aaf02a1e7a92c3896802c1deb489aa0f -> 96b4b28711ac58ce3dc199f3f7371922
  custom:scripting/monoscript/fileName/RerunCallbackData.cs: 4e0f854372c4476a9269ddc9aa7c8edb -> 
  custom:scripting/monoscript/fileName/UnityDiffTree.cs: 447fc3a8922f56330f4bae8c9dc9a8be -> 1029ffd567bc0e646e6b119719dcb2ff
  custom:scripting/monoscript/fileName/TreeHeaderSettings.cs: 114eb9e27124403e8e111494b8eaf987 -> 662b1714c0fce36da72bbfe60201987a
  custom:scripting/monoscript/fileName/PostbuildCleanupAttributeFinder.cs: 23c3a89f1d3b5b5defeaa7555afa30b6 -> a060814a414a9bab17671800d815861d
  custom:scripting/monoscript/fileName/UnityConstants.cs: 323df5e3c80d05e06517581c776fde34 -> e3d3c3e11a194da9e5bbbfb97087a7bd
  custom:scripting/monoscript/fileName/IsExeAvailable.cs: 3e4283303610c884e542b8f6d3e922d4 -> 4a3dbc5ded94087064afd97407f26631
  custom:scripting/monoscript/fileName/LoadedTwiceMenu.cs: 961f9b82936caa7937046ac23d323c2c -> b54aa2e14eb740621bb6f926af7cb8ef
  custom:scripting/monoscript/fileName/IRemoteTestResultDataFactory.cs: c24506e6d6305475bf6a430f77ac582f -> 75d430448dca0118dc834f9aa964be1e
  custom:scripting/monoscript/fileName/TestRunnerUIFilter.cs: d43f81399e97649a77164015894ec5cc -> 15cddad256d0a7abe9cb58af110bbb72
  custom:scripting/monoscript/fileName/AutoLogin.cs: e67ed70aada38469aeb667115929c368 -> b4cb98371fc38cca00d7123b7e649e12
  custom:scripting/monoscript/fileName/DrawMergeOverview.cs: 1db93bf179b38015949e3a3cb6ef1bd3 -> 49e0e525c3c170f79c20dc6779b7ead8
  custom:audio-decoder-ogg-vorbis: bf7c407c2cedff20999df2af8eb42d56 -> 
  custom:scripting/monoscript/fileName/UpdateReportLineListViewItem.cs: a101f0ba5292fc139445870b3f4af838 -> 9f63395e1ea590dbbab4d59cd0032ac4
  custom:scripting/monoscript/fileName/DrawSplitter.cs: ec7e8739eacabcca3e2946d9833eea0f -> d2f114a8e8e4167f7762d835a83b2f55
  custom:scripting/monoscript/fileName/IAssemblyLoadProxy.cs: df5d93b09382b84c770bb8c70be641c2 -> 10a2bd4f9f1d29ac107ff7e510533c16
  custom:scripting/monoscript/fileName/LaunchDependenciesDialog.cs: e1c527862a66e73f0417ae177d7fdfb5 -> 2cabf22eb95430074b6c730a84e03493
  custom:scripting/monoscript/fileName/EditModeLauncher.cs: 9a2b5bcdc6140673378e5f8105411606 -> 
  custom:scripting/monoscript/fileName/CredentialsResponse.cs: 96b135ae1c4ea541dc762170ea524fa9 -> 3dd2507693e56dac75ee7783f598cbb9
  custom:scripting/monoscript/fileName/GuiHelper.cs: ce709a7d3615bce262722b2ac52d710b -> 7bbb51d455f8994ae6185c7dee04068a
  custom:scripting/monoscript/fileName/LaunchDiffOperations.cs: aeae601320588a70eea7590a2f7e0f69 -> 871a0804a9fe2d9f2ad088303a89a63e
  custom:scripting/monoscript/fileName/PlasticSplitterGUILayout.cs: 111849f67dfbfea65ad2a9298ad1654d -> 
  custom:scripting/monoscript/fileName/TestFilterSettings.cs: 5275be823d4854688aedadf9bf48dfa8 -> 
  custom:scripting/monoscript/fileName/PlaymodeTestsControllerSettings.cs: e4d6c3f42e8f4d17c80242b34c68fd06 -> 90cec9ec9d50d9e797d7b80fa88b49ed
  custom:scripting/monoscript/fileName/CheckinDialogOperations.cs: 0b2a2cd4c41cf1865a29cf91b2a96a48 -> d032d69e8060311c06b88286e8f22ddd
  custom:scripting/monoscript/fileName/StacktraceFilter.cs: 0a3b08d5dc42e75c1d72e2851ec00d95 -> 2f4728b5b8f653bd2197ec8c4b722e7d
  custom:scripting/monoscript/fileName/PendingChangesViewMenu.cs: 68fab310addfd7068cfd7920070496ff -> 9b0019b6df6bb14eb3a2dbafa53fb54b
  custom:scripting/monoscript/fileName/SettingsBuilder.cs: 2166bdf8e77dc5f252cf6909a9196c25 -> 9aeeee75a181ed82e0343a1fb6b9cead
  custom:scripting/monoscript/fileName/SetupException.cs: fa81854dd78d6f47fd79d813aacdb097 -> 38724dd55c58f65b09d9fda4b6161021
  custom:scripting/monoscript/fileName/AssetsSelection.cs: 35cec24e81f0cb1de51daeb356abc4ff -> 0227d7ff4d5687932d10967a945a9b06
  custom:scripting/monoscript/fileName/EnumPopupSetting.cs: 8f6297df34271fdb1ce2d9607ec6261d -> 90647cc400823b41df847a6cbfc29026
  custom:scripting/monoscript/fileName/PlasticConnectionMonitor.cs: 920e8e381bfc94da8bb69d336dda57ca -> 
  custom:scripting/monoscript/fileName/HistoryListHeaderState.cs: 6226ef13a567fa81584864f8698be331 -> a87e0364d14866c369ad50d669bdfa85
  custom:scripting/monoscript/fileName/EnableSwitchAndShelveFeatureDialog.cs: 2cb9334d072aaff777efab2d72a2583e -> 03bdf2f298649e7c429ac90c7a3c461a
  custom:scripting/monoscript/fileName/CloudEditionWelcomeWindow.cs: c886fdb39f4b8787e6ea3701a8f88f4a -> b1721e471183956468462f6b64901640
  custom:scripting/monoscript/fileName/AssetsPath.cs: 367269acf8f676d2cdd30fdc387b3920 -> e0e986124adc46d913f0683c34b88c9f
  custom:scripting/monoscript/fileName/LogSavingCallbacks.cs: 273a5ca581d39891e634ebf18363d22c -> 8eb93b3e2c76ea1a8acb6e2d0b5c5f91
  custom:scripting/monoscript/fileName/ITestAdaptorFactory.cs: bdc8323a65aed17f1190c56e7c6cfc5f -> 0cef1125679c38dd172e82c8aed26eb9
  custom:scripting/monoscript/fileName/MetaPath.cs: 1f80313a7ce6ec6ece505285578f5745 -> 417a84eb354831f828a6752b26c8592d
  custom:scripting/monoscript/fileName/TestListJob.cs: 12fc4e0dee9c9032467b6469e3bed3a6 -> 3a58b9c1d09f7f4ecb41254c8497b5c7
  custom:scripting/monoscript/fileName/AssemblyWrapper.cs: 27441573157e5964a8aeb7d356d13908 -> 888ba979193ec837feef9add74101219
  custom:scripting/monoscript/fileName/CredentialsUIImpl.cs: 90e9c2de8d7bdd8424e0d89c415108ae -> dbacf67c37819fd95562fe169e706732
  custom:scripting/monoscript/fileName/Executer.cs: 115c3fa08937a7411c01dd40a690d19e -> 3f667ef14fa1c500658713b8aa31fd85
  custom:scripting/monoscript/fileName/FullNameFilter.cs: 03e8efaa11fd7332f02cf89719dd5868 -> 7c49c279cb0d631ca64d8b7d70065d9c
  custom:scripting/monoscript/fileName/PlayerTestAssemblyProvider.cs: 4e1569ec89688dc213248db31fc5f2f8 -> cbdd04f669e4e0054bad4f9d3133a10c
  custom:scripting/monoscript/fileName/ChangesetsViewMenu.cs: b720f0168f4ce1b1e0d358a6d5ec9a42 -> 7d1a2de81910b5990e71a0bfff26fdca
  custom:scripting/monoscript/fileName/AssetPipelineIgnore.cs: 0d6998b45aa259f19df735cf43f30691 -> 09786e27e9aef22fa608d3ec356f88ff
  custom:scripting/monoscript/fileName/UnityPlasticGuiMessage.cs: 2a7f71f59c0d7dc731fd345a3713957c -> 24eef0792e3802809607a7f9d04b8f1d
  custom:scripting/monoscript/fileName/OrganizationCredentials.cs: ee462057b3bd23cc3dab953ac4d656e2 -> 0b123406cadd651e9adc01c85fab5124
  custom:scripting/monoscript/fileName/PrebuildSceneSetupAttribute.cs: ab58680b1420f8e2f2a2597e848d8216 -> 7863da9f66129a3cef8eac0a1f19b990
  custom:scripting/monoscript/fileName/StatusBar.cs: 2c8c488a8bbfe924f6b53b202ff6aadd -> 
  custom:scripting/monoscript/fileName/IsCurrent.cs: 7343ceec4312304bb8b398eeb6c375fa -> cf1fd01890d0fd9f011c1a1a491e2cf0
  custom:scripting/monoscript/fileName/Message.cs: 6525f110369b368a724db9468ed4c271 -> 671a789acb2c7a93d0b620fe02979957
  custom:scripting/monoscript/fileName/TestTreeViewBuilder.cs: 8dcd834c64e4c5915b417a6eadea3b2a -> 6e6e33e8d70cf17e89715badfaf4fed5
  custom:scripting/monoscript/fileName/EditmodeWorkItemFactory.cs: 59e0f470d3c4d6fcf2997a182c89bbcb -> e9c8ba8d2a4b7d9a886e64626b2e6205
  custom:scripting/monoscript/fileName/TestListenerWrapper.cs: d3b4dda00570273ec0c1794249fac5d6 -> 9bd83ba3a6a675f3c605795064caa62b
  custom:scripting/monoscript/fileName/ChangesetFromCollabCommitResponse.cs: b986ab8b1acd322b0367812e2d541734 -> ba336e4117e1b7ee28e4c17197bc3d0e
  custom:scripting/monoscript/fileName/MoveToChangelistMenuBuilder.cs: 3a2ef8cb0baf69e5dadeafc731fe32a9 -> a90b3e388d3e1316fa104d4c9a03e2d1
  custom:scripting/monoscript/fileName/LoadingSpinner.cs: b3299af90b664a9f42123e7df43fae24 -> 6aff0ac022d117a8e24a7b5e4b11904c
  custom:scripting/monoscript/fileName/LocksTab.cs: 134c512484ae73354c15c06a6dc69f9f -> 00ffb5a39c16fdc2d733c7e53471a3a9
  custom:scripting/monoscript/fileName/BranchesTab.cs: 764cb17e9337c58ad4f5304b60b2042e -> 57c33f76c527a5aba4d269245ffff188
  custom:scripting/monoscript/fileName/ExecutionSettings.cs: 3e46076abe70bbfac850fc39d98561b1 -> bbd5f229f5dcda0d2d7d6fe8eb266a59
  custom:scripting/monoscript/fileName/ToolConfig.cs: 18b1ea271ce5e7b6deea7b4e8e175269 -> fcffc3165b047f54ed6ccafa4c8760dd
  custom:scripting/monoscript/fileName/DropDownTextField.cs: e66e7314096900597993d2b353757d8d -> c8fc484ce140049ff31ebc2c6cbebf28
  custom:scripting/monoscript/fileName/CallbacksHolder.cs: 064e7d359062664728ef608c9f03a07c -> 8b4255bb9b31589c4c3dd9303007381d
  custom:scripting/monoscript/fileName/AssetsProcessor.cs: 47679a6e15b70f4fef48eb1b2df31b19 -> 18737889e95cd4088e8dfd4153fa8f40
  custom:scripting/monoscript/fileName/DrawActionButton.cs: d847a7d82ac92cab2b3d0ae268cefb3d -> 81e6708d2b8fa199354e53f85db731a8
  custom:scripting/monoscript/fileName/TableViewOperations.cs: ddc7b903e0dbd6bd109f2bd709b95f0e -> bef3a31deb1fe794a90f767d16e4c868
  custom:scripting/monoscript/fileName/CategoryFilterExtended.cs: 4662b13a61207dc88937c796423baa70 -> fc9bf6f795e045112c18a4c1343c1ae1
  custom:scripting/monoscript/fileName/UpdateProgress.cs: 5b04f01bf199310f09ab9522f89c78f4 -> 281e1e05168d6a30be1d8d2f6200bef8
  custom:scripting/monoscript/fileName/RequirePlatformSupportAttribute.cs: 7ce6733bee18de599a69cb974c92fdb6 -> 6918694e41aa1ffd5ee72bd04646d4bb
  custom:scripting/monoscript/fileName/OrganizationsInformation.cs: b3f0758c6655b2dad1161792812992fa -> 5f067ea8d90fc79055a3dcfd58ae6dca
  custom:scripting/monoscript/fileName/ChangeDeleteMenu.cs: 652dcd6f863c509bfa0376b6d95ab1ec -> 4fefe66d6e279ce0ac2fdc57d409f232
  custom:scripting/monoscript/fileName/SubscriptionDetailsResponse.cs: e10e0299ef716630c63b8cf5f792cda0 -> e5121cec860a6d1097cc809217b3d8fe
  custom:scripting/monoscript/fileName/ToolbarButton.cs: 47dc767626bbd94d66707af31ddc5eb6 -> 
  custom:scripting/monoscript/fileName/DrawProgressForDialogs.cs: 5f8d39e3ea7c4a42148c6b1a7b4ca061 -> a5f2abd8875e7a6afbc171fabfbae81f
  custom:scripting/monoscript/fileName/TestPlatform.cs: 1e3283087fad58204285b5e9c2e16b4e -> 63c69f9b78d9a1c2cdf167569fd572b6
  custom:scripting/monoscript/fileName/ProjectViewAssetSelection.cs: 349dc288d32791de51156d4e59000b7b -> 2560eadaf6a13a74a46a4a207cd5a8b6
  custom:scripting/monoscript/fileName/DrawTreeViewItem.cs: cceebc4f1185658619e40964f29acb08 -> 0921a62a588ab864253743d1f07afb5a
  custom:scripting/monoscript/fileName/RemoteTestResultData.cs: ff93ebb056d1cf8fdc7e897597b04ef6 -> 68a2b51f8872b9ef697b2155d9835735
  custom:scripting/monoscript/fileName/DrawSceneOperations.cs: 2426c0c2ee58cd28be59874f6425940c -> d87f46f9fb97181a2f51490ea2e1efc3
  custom:scripting/monoscript/fileName/IMonoBehaviourTest.cs: 272926e14fa72b11b0070eae8b5853ef -> 93dca3fac2d68012529173d3e7bc10a2
  custom:scripting/monoscript/fileName/CoroutineTestWorkItem.cs: 8fab9934b84f896f44392a777ae472de -> 8a69ee5c1adc29acc0a66cb7df14cbcf
  custom:audio-encoder-webm-vorbis: bf7c407c2cedff20999df2af8eb42d56 -> 
  custom:scripting/monoscript/fileName/DrawActionHelpBox.cs: dcd6ec2e7fb1b44f22c4a79ff87b70cd -> c8f6be9dab1e6f8d71e0c63c29679186
  custom:scripting/monoscript/fileName/PendingChangesMultiColumnHeader.cs: 21802cc6929e0e180fb4f0be8e34d9d0 -> 722de7d6e07a79981d750438e6febb8f
  custom:scripting/monoscript/fileName/EditorDispatcher.cs: c739e073a8c38dbcf59192f45d1004c5 -> 3c402eae57d73cc54863f3f6a13096ae
  custom:scripting/monoscript/fileName/MovedEvilTwinMenu.cs: ce111941dc7264d29598ce7fd2770927 -> d480b839850d28c1c9526cb587fc752d
  custom:scripting/monoscript/fileName/UnityWorkItemDataHolder.cs: 5e123fac5cc49e9acfe91048eee308ae -> 94e44d74f673f889418b2b9926b6615c
  custom:scripting/monoscript/fileName/ICallbacksHolder.cs: e330f681a4da017eb82339063a410722 -> 790e89a97c8150c3044e584386d3ba9a
  custom:scripting/monoscript/fileName/PlayerLauncher.cs: 7004f613ecfe1e179e7b362c88c3ddb7 -> c1129f48ad00377c128c470482bb7e8e
  custom:scripting/monoscript/fileName/UnityCombinatorialStrategy.cs: bd44b85caa82e1f08c977cc9d9157c40 -> e857e6faada8b59173cb249a8a6be6fa
  custom:scripting/monoscript/fileName/IIncomingChangesTab.cs: d4ceabdc48d8a1872bbe87f04d89a4ff -> 40644cd18074db84684b9e437bf8fa77
  custom:scripting/monoscript/fileName/CoroutineRunner.cs: bb2107d11619bb60075736a2632662be -> 06bef19f6905915189ed09a2db9f2885
  custom:scripting/monoscript/fileName/ConstructDelegator.cs: 7526886647893577a45527c0f6393600 -> c271ca33e5434ac87e82546dd149c303
  custom:scripting/monoscript/fileName/UnityLogCheckDelegatingCommand.cs: 109adc74b3ab14d952109f6ed35bdacf -> 410acedf83a5c4e9d5a212b5635d0c88
  custom:scripting/monoscript/fileName/GetChangesOverlayIcon.cs: f00e4b795697c6cf3092760f3b6fc49d -> d599d6efdee28305661bc0cf6683858a
  custom:scripting/monoscript/fileName/ShelvedChangesNotification.cs: 13b6a2ccd8b4ac1f5ee30c8404cea3b0 -> a27e9e7b242b904f41fc1b16d3a1b3fd
  custom:scripting/monoscript/fileName/ILogScope.cs: dd29c4b8ed4c54280ca787c474cdd843 -> e99dd640a2ac2c8b1c0c97725f23440d
  custom:scripting/monoscript/fileName/EvilTwinMenu.cs: 475a88947051822ca4915306469f9bcc -> 919e4faae0573e49949f6dfbb5a733da
  custom:scripting/monoscript/fileName/ChangesetsListView.cs: caae0aefb36c869f50691482a5cd0944 -> 87b74e0d80cf59010f55e2baaeb6679d
  custom:scripting/monoscript/fileName/UnityWorkItem.cs: 03c602cd83845fe6265dc83816099666 -> ce02ef2c77c866afeb6c04a89a364a8a
  custom:scripting/monoscript/fileName/UpdateReportListView.cs: 2d8fccdaad50bbd7454b52cf9cb4a0f9 -> 08d26df1ab6c3a7628addc5e54e50b08
  custom:scripting/monoscript/fileName/IAssetsDatabaseHelper.cs: 8bbb0e39e3cfde6c5b6c11074d90971a -> 4f8027cddf715e38f75ab454f20fe051
  custom:scripting/monoscript/fileName/UnityConfigurationChecker.cs: 59a8f0715a7c89a752351bf42f94abbd -> 874cd65cce0384fef4b60e71fb08a429
  custom:scripting/monoscript/fileName/EditModeRunner.cs: 0c2c70d0e910f1733ef8492efbf3dda1 -> f1ceb581ae48e42ca32e80f796ce45bc
  custom:scripting/monoscript/fileName/ConstraintsExtensions.cs: 19d048a2938a4b2b178e7e91279126b7 -> 89e01f1f8de15d891db3bad70117d924
  custom:scripting/monoscript/fileName/UnityTestTimeoutException.cs: 7c70971bbddd1caf6485b8c5b935d369 -> b7ec28ea102309dc20886c45fff1e1b5
  custom:scripting/monoscript/fileName/TestRunnerResult.cs: 2b3fdbda67626b6faa7139ccea15b17a -> 613fb3e1dfef14aa9d5aea2cd635ffff
  custom:scripting/monoscript/fileName/UtpMessageReporter.cs: 6f35c7d2ea8786c1fd8fe557180d6c38 -> 1ce82c57220e51532d6b3e5da0cecc24
  custom:scripting/monoscript/fileName/EnumeratorStepHelper.cs: a2fa98a2f974f377b9c2905ce60dea0f -> 05022a723dcf173476ccb43403871168
  custom:scripting/precompiled-assembly-types:Assembly-CSharp: fbf05a549b38607c0cc1635b70b4c93e -> 20cdaaa988618e7c32f4baf96f88c255
  custom:scripting/monoscript/fileName/PlaymodeWorkItemFactory.cs: a61a7bf2d749182a50c049a0ad4afb89 -> 8bb2d7c0ad22b08cf17b1748007ae8c3
  custom:scripting/monoscript/fileName/CheckWorkspaceTreeNodeStatus.cs: 5e11ff64963669981115eb58dc2b6e8b -> 1e1255b803bf7cbc935bb804bf0dbe7b
  custom:scripting/monoscript/fileName/RemoteTestData.cs: 5baf4798e5344c86aa4ccafb41b2624c -> 51ba1ddd57fb71948e60067806b9cfcd
  custom:scripting/monoscript/fileName/TreeViewSessionState.cs: 8333273b312d475b653610e2871c20a5 -> 9f39a2ca55a7481b8ba078d3a2b6815e
  custom:scripting/monoscript/fileName/StadiaPlatformSetup.cs: 589eaf4f5c2f63a79deb4c2735e3b746 -> 27e00e91e04b4888c1d6354fa4baa6a5
  custom:scripting/monoscript/fileName/ErrorsPanel.cs: 21fc210ee17d5e95782397ef8c7dafab -> 515b7ba9af5e7885ba3068b1d63c6104
  custom:scripting/monoscript/fileName/PlasticPlugin.cs: a57c142b98ca3d4daad221737fd72924 -> c64561980f26020cc3206ae8b1047268
  custom:scripting/monoscript/fileName/SwitchModeConfirmationDialog.cs: 4d9c02587760213784bfe53d012122b4 -> 30cd71d0b3ee4b2689cde689908d301e
  custom:scripting/monoscript/fileName/PlasticWindow.cs: fc467478941f610919bc69526ba2c215 -> 
  custom:scripting/monoscript/fileName/LogScope.cs: 51679d4f7708329af3d47e56656f8988 -> a032a8edefa3a04276b9f24e5047f2ac
  custom:scripting/monoscript/fileName/PlasticExeLauncher.cs: caa0b5dda5df50c85bb19d27252d16b9 -> f1da27253760250030952f02cb54965a
  custom:scripting/monoscript/fileName/TestPlanMessage.cs: 15cf5225dc1e7b1718be35fb09144b5b -> 6199b0505360321c39d00a607adaaf8d
  custom:scripting/monoscript/fileName/ITestRunSettings.cs: 7462715f6a540bde0acfd50948410d32 -> a5342276210c7f86635118880184dc77
  custom:scripting/monoscript/fileName/BranchesViewMenu.cs: 8089f11c30784e2e57775dd6cdbae898 -> 7bfc83e917c9b0b5aa423bb947ce2a38
  custom:scripting/monoscript/fileName/CooldownWindowDelayer.cs: 7816cfcad485500dbac9993c4502ea69 -> 4c95e39c8dd4cfa1bca106097fdb6524
  custom:scripting/monoscript/fileName/SetUpTearDownCommand.cs: 2a0e8cc178919ce84c52af1a4ddfce30 -> 684e5d1c75373405f8a6c9575324286f
  custom:scripting/monoscript/fileName/EditorEnumeratorTestWorkItem.cs: 7bf37d3cd666bc3e840f63f05aae4d05 -> b8f886476b7c18f3c1cdeae30ec0c8ea
  custom:scripting/monoscript/fileName/GetInstallerTmpFileName.cs: fa7bda723ac795b48e38504727f44981 -> d09e0b5c7a9af5874530e17ef23025f0
  custom:scripting/monoscript/fileName/AssetModificationProcessor.cs: a602c9e59e7db185e3a0d68d986e6fef -> 
  custom:scripting/monoscript/fileName/IsCollabProjectMigratedResponse.cs: 4c3294c6a51e6f42161d191230692016 -> af2b76c693935deee55cfcaed2aa7568
========================================================================
Received Import Request.
  Time since last request: 156.177847 seconds.
  path: Assets/Scripts/MoraController.cs
  artifactKey: Guid(a2bbb27fcf9465c4dac311599c34b6cc) Importer(815301076,1909f56bfc062723c751e8b465ee728b)
Start importing Assets/Scripts/MoraController.cs using Guid(a2bbb27fcf9465c4dac311599c34b6cc) Importer(815301076,1909f56bfc062723c751e8b465ee728b) [PhysX] Initialized MultithreadedTaskDispatcher with 12 workers.
 -> (artifact id: 'b9dba1ae06496bb00e12a6c80592ea39') in 0.006077 seconds
Number of updated asset objects reloaded before import = 0
Number of asset objects unloaded after import = 0
========================================================================
Received Prepare
Refreshing native plugins compatible for Editor in 29.79 ms, found 4 plugins.
Preloading 0 native plugins for Editor in 0.00 ms.
Unloading 0 Unused Serialized files (Serialized files now loaded: 0)
Unloading 1 unused Assets / (0.9 KB). Loaded Objects now: 4973.
Memory consumption went from 82.5 MB to 82.5 MB.
Total: 6.680300 ms (FindLiveObjects: 0.358600 ms CreateObjectMapping: 0.089000 ms MarkObjects: 6.149800 ms  DeleteObjects: 0.081200 ms)

Prepare: number of updated asset objects reloaded= 0
AssetImportParameters requested are different than current active one (requested -> active):
  custom:scripting/monoscript/fileName/IPrebuildSceneSetup.cs: 086a540b86c9ccf5ce0a23935a64c98d -> c89711320cb5af11897ec50fd61d4419
  custom:scripting/monoscript/fileName/BuildMergeTabParameters.cs: 2c923f29302a39560b4301c3fd163a7b -> 
  custom:scripting/monoscript/fileName/IncomingChangesTab.cs: 8a20aca125f6d4b837670edb6e36bc05 -> 82bff1d960538992d4e618d909869d2e
  custom:scripting/monoscript/fileName/EditorAssembliesProxy.cs: 23426c61d1cfec53ec65b1ed2f77c773 -> ef0f2d44f3e723650bf58ba30866667b
  custom:scripting/monoscript/fileName/OuterUnityTestActionCommand.cs: eacf156fb6f74d2f6b697bf47e9a72eb -> 36c13d7d2a2c5c2f372e7b1c0cc06d4d
  custom:scripting/monoscript/fileName/TestJobDataHolder.cs: 1e3b4dec54d5610ff8a852c0a9fccf2b -> 2c9edeeac80ff44e86cac8087411d260
  custom:scripting/monoscript/fileName/DiffSelection.cs: 34faf7c86f7e0c9a01162e930679d82f -> 1460aaba4240ef35322cb9c198487990
  custom:scripting/monoscript/fileName/EditModeRunnerCallback.cs: 8a8dedaa2bec26f26744df4ec8e2f191 -> 
  custom:scripting/monoscript/fileName/EnterPlayMode.cs: 3cb26e64a9bc927aa1556d517c8e8a78 -> c730bf9ff77514bb260ba9933378e49c
  custom:scripting/monoscript/fileName/Filter.cs: 18ef22850e69a0e3e97548ae5b255f92 -> 935824dbebf762a19f2d4c4751625fe2
  custom:scripting/monoscript/fileName/DrawStaticElement.cs: 6cbd346d4a1be2ee84c9ebe55a7f9f79 -> 5765d84d60602f16f5577bf0b7fc6b96
  custom:scripting/monoscript/fileName/MoveDeleteMenu.cs: f1a7b8a8be76c035d934c51863f3b934 -> c4ad4528e772c33a6167006886a8d1da
  custom:scripting/monoscript/fileName/DialogWithCheckBox.cs: 738e3e0af97e826e16805dda77e5f009 -> 
  custom:scripting/monoscript/fileName/UnityTearDownAttribute.cs: 4a3d30720366843ca221fd554845c187 -> d90d4ba0821a80f48bd6cec8eab8964f
  custom:scripting/monoscript/fileName/DateFilter.cs: de3aab0283a2b4a1d4d64145b14132d5 -> 3a6cb8c2e3ffbb5a9052e322ee5bf411
  custom:scripting/monoscript/fileName/RemotePlayerTestController.cs: 83176596b43ae79e65d8c3ccfd7c1c75 -> e65e7856c7b5238a13243fffbf64f7eb
  custom:scripting/monoscript/fileName/ConditionalIgnoreAttribute.cs: 507a506f130880469465e0381c429447 -> 9f2f3d4c6b56d5f470ccdd0e1820d51b
  custom:scripting/monoscript/fileName/TestMustExpectAllLogsAttribute.cs: f1224ac9ffb401dcd2c905e6a783da06 -> cdf1c75549affd080e0ddbde5bcb7c34
  custom:scripting/monoscript/fileName/TestBuildAssemblyFilter.cs: e3ae3b9dfa7b065b08d520845d4f070d -> 056870da734fd8ecf77d00737a22149f
  custom:scripting/monoscript/fileName/ITestRunnerListener.cs: 07f2f49d67775d1bad20bc1589a5769d -> d52675266925b8e603f210be3981d59b
  custom:scripting/monoscript/fileName/PerformInitialCheckin.cs: be22d181e456c0a8a5713675f29ac72a -> 8ef9a9f407b8b94b2b5fad9d24e61f79
  custom:scripting/monoscript/fileName/ConflictResolutionState.cs: d9394655856a9fc1a0b280bc997bac16 -> 74a230000ff2fd58c5a60ab4258207dc
  custom:scripting/monoscript/fileName/IEditorCompilationInterfaceProxy.cs: e8a39ed00046a7b93647d4de1a3e0e00 -> b1e49de3ac2ed1feea91c5f6846d6e49
  custom:scripting/monoscript/fileName/EnumerableRepeatedTestCommand.cs: 229b55de651d474bc2ca3733382eef36 -> dbdc4517e80e66a31f48ce40e06931f2
  custom:scripting/monoscript/fileName/FindWorkspace.cs: 39bbd18bfe6bf4a99f5c185dcda4dd4a -> 6af6c9e9382fef881c020ab184e6f7f5
  custom:scripting/monoscript/fileName/CommandLineOption.cs: f2f0dbe72e14e05a5259c3e6cb3ececc -> 211f73ad4421274a5a418608b74cc839
  custom:scripting/monoscript/fileName/IPostBuildCleanup.cs: 7bc004ae26b110cd32d3401b0981f815 -> 8d43f6dbc44addb43106f91d15047771
  custom:container-demuxer-ogg: 62fdf1f143b41e24485cea50d1cbac27 -> 
  custom:scripting/monoscript/fileName/TestListTreeViewDataSource.cs: 8b5a59ec2d06d36e63ce53a34e1d591e -> 153f0d5d9a6099f80f6d26e9c0ad6b7d
  custom:scripting/monoscript/fileName/CheckinConflictsDialog.cs: d3af1d70d3f60a9847d2942647274222 -> e13fa04a97fb675842c94586fc602871
  custom:scripting/monoscript/fileName/CommandLineOptionSet.cs: 6bb45bf9141d4fec50aae5aa4651fa84 -> 57b6c3812f217f48a5cedf066a216cfd
  custom:scripting/monoscript/fileName/ITestRunCallback.cs: 0ac8617cc2dc9780c575b6eb03f6d505 -> 7d90e4d27cccfe89ef24a93578e15a74
  custom:scripting/monoscript/fileName/AuthToken.cs: d22b2893825e943bc1389be142abd57e -> 0fba7e8eb1ec8b699f274cdc956451b2
  custom:scripting/monoscript/fileName/ProgressControlsForDialogs.cs: 6bf8e69ac7dc2163fe988e5d8181ce88 -> 7e6bd1727985204e3b64e1946e589b1c
  custom:scripting/monoscript/fileName/AssetStatusCache.cs: beede06d8a6d93e7907fd192ad653f2b -> 260d5f85663ac58b2a7e9553c453bc3e
  custom:scripting/monoscript/fileName/IEditorAssembliesProxy.cs: 81289fa7514ad1168ecb67afff27720d -> 8586f95fda82b1fa948b8ac0ebb50a9d
  custom:scripting/monoscript/fileName/AndroidPlatformSetup.cs: 56c28d48cf01b1b2c96f64a6827ffac4 -> 67d5fa212608c900d88b1544a5f49997
  custom:scripting/monoscript/fileName/OrganizationPanel.cs: d7ac1288bef1b15a05bb26d201a4d87f -> 57a57e6a345dbd536e91c348b70943a9
  custom:scripting/monoscript/fileName/ChangeCategoryTreeViewItem.cs: efd70108e1f6ff61ed2723220486adfc -> fd14db176fff061715c8ec88ced1902f
  custom:scripting/monoscript/fileName/CurrentUserAdminCheckResponse.cs: cec2f173fe8732108711c497674c6f66 -> d57c2dcace740834acd59fdfbc5023b8
  custom:scripting/monoscript/fileName/RenderingOptions.cs: a84cebfad0b53e3dbf0202be3cc1d6d3 -> 
  custom:scripting/monoscript/fileName/WorkItemFactory.cs: 9cd58300f748e3250316447e9d2a8d06 -> d8b2e380888ccc980a475a01f04d7a45
  custom:scripting/monoscript/fileName/UIElementsExtensions.cs: a191d7293be4538b0adb29dfe5b06a46 -> 52e0d612ab032e4d22e9558b90396b99
  custom:scripting/monoscript/fileName/PlayerLauncherContextSettings.cs: 89c041e42e3e6c336ae4ddeb40f2d12f -> 3c0a34dce28ade8f88b3e213fadb0738
  custom:scripting/monoscript/fileName/CreateBranchDialog.cs: c429477092287209232592c8cde1a615 -> 9eb29fda08033b4f847247136c412db6
  custom:scripting/monoscript/fileName/RunSettings.cs: c8ba576640d505c59ca4d995eb1b55e6 -> 6770f3fdaf287e73ff6c63f28a5a7e92
  custom:scripting/monoscript/fileName/UnhandledLogMessageException.cs: d6d6ca25090fc3eec22959040bde30f3 -> fa6ee6fe2a221a71f213304ae56898c7
  custom:scripting/monoscript/fileName/EnumerableApplyChangesToContextCommand.cs: 7e82e96f40f2bf4118aab6f6aef1d287 -> c2aa6cedc66892dd581c50a4d9b6a147
  custom:scripting/monoscript/fileName/RecompileScripts.cs: 33cdfe80e47d8b05e5ee4c6c33b4993e -> 73e345449efb1420f34aad9debcdf2bd
  custom:scripting/monoscript/fileName/DelayedCallback.cs: 4d96f98a05296a6e495fa9916bc0a91b -> e88c5396d33adcd6404b4cb8a051b2b1
  custom:scripting/monoscript/fileName/OrderedTestSuiteModifier.cs: ddbca70bf46f5e4ca706b058ef23253f -> 6a8006d91a7636d39c6731494060c3c2
  custom:scripting/monoscript/fileName/DrawCreateWorkspaceView.cs: 6422239d8f649480614f0dd4f018b7f2 -> c6039ac84d85ab3926aa94de163a9f7d
  custom:scripting/monoscript/fileName/ProjectPath.cs: 5634ebdbea8ca94089eb9622d1b60497 -> 2007f972d3a73eeb86dfe05e849c7f69
  custom:scripting/monoscript/fileName/SSOCredentialsDialog.cs: 8967ceae1bc195ea8dd32b23c42dd852 -> e140ede12a96f68f30062138385171c3
  custom:scripting/monoscript/fileName/DefaultTestWorkItem.cs: df6f5a85dcc29cabfe426927cfff8766 -> f906b4fb5b78cb9d23a07212620919d9
  custom:scripting/monoscript/fileName/TestRunnerApiMapper.cs: 213999ba10693518027e8ab0204d1885 -> 241489454095fad1d1d89166ee62820f
  custom:scripting/monoscript/fileName/LegacyPlayerRunTask.cs: 328c044124055242f6ddb7aa596ab1d3 -> 148e0500b0761261bc418d25c26e82b1
  custom:scripting/monoscript/fileName/Vector3ComparerWithEqualsOperator.cs: 6b9a33545ada02177d266ed1f5b19290 -> c497cde63ec72672e5f69e70b932688f
  custom:scripting/monoscript/fileName/IGuiHelper.cs: c60290192a780a358cb4d2eed657f7f8 -> da57d3fb0f8ace42d5b01eed25e9e3d5
  custom:scripting/monoscript/fileName/DownloadPlasticExeDialog.cs: 2dd40c53d0303d041a27a44a95c331cb -> 093cfe0607c2346a88cdfdfe1435614f
  custom:scripting/monoscript/fileName/GetOperationDelegate.cs: e719058321e4f2be94be212e42f097c8 -> 
  custom:scripting/monoscript/fileName/OutOfOrderExpectedLogMessageException.cs: 22c4a953865c583fd55d80a54c5d6c18 -> 4ff78bac16cc86124e588c20ad3ddba7
  custom:scripting/monoscript/fileName/IPlatformSetup.cs: 9a0668684da27d1ddefa88d99d869448 -> 6f20476898784a15f8b8eb28653a67fd
  custom:scripting/monoscript/fileName/TestTreeViewItem.cs: 3239fe248332ddd6a904d9cb0680e538 -> aae3d62f4daf680133c1c18c7814d15e
  custom:scripting/monoscript/fileName/AssemblyLoadProxy.cs: c6dff8352382292b9959041d98303a41 -> 0f3a4ee005eb8f7b33161c2ba6196e00
  custom:video-codec-MediaFoundation-h265: 746d11721c4dcdbdad8f713fa42b33f4 -> 
  custom:scripting/monoscript/fileName/SaveUndoIndexTask.cs: ab03f94eed1b9c2e86cabe91ffdb6ab8 -> 6e0bcd5f418cf8184993174ac732fff4
  custom:scripting/monoscript/fileName/TestResultRenderer.cs: 9bb52db8cdd7fbc7b27d62af73d00df8 -> 2e8123de6d2eea4d42efb7a87e150b27
  custom:scripting/monoscript/fileName/WaitForDomainReload.cs: ec74674e8cae527fdeb410a81a4658a3 -> b6033700f0adcf3b23782f04c42e269c
  custom:scripting/monoscript/fileName/PendingChangesTab_Operations.cs: c99065f3c85ec85c85ece2a1a30665af -> 15ae6787065f4af65778e981f418a60b
  custom:scripting/monoscript/fileName/LocksListViewItem.cs: cc9cd24c5be4f7363367cba72f12aad4 -> f4a19fabbec093eb3d6a7e1cd4f42611
  custom:scripting/monoscript/fileName/ITestSettingsDeserializer.cs: e43933e90cb98a9555f922952cdb833f -> 22e37de7af2cea07971d0ba87110dad7
  custom:scripting/monoscript/fileName/UnityTestAssemblyBuilder.cs: 9b6ef4c0578639ba943c8f65e1e8d74d -> fa151eb16842256647a2914b37e4bf9d
  custom:scripting/monoscript/fileName/PendingChangesViewPendingChangeMenu.cs: 561ad0f702e1db14300a4a5f810051f9 -> 9a6ef2277212bf26d647c7f12f946287
  custom:scripting/monoscript/fileName/SignInPanel.cs: f7e82045994d4eefe3b021faa87b55c6 -> bac0318ce35e37bed3a2cc8137452435
  custom:scripting/monoscript/fileName/DrawInspectorOperations.cs: 61c4a6a6507d8f84ef5bdf5cba3f0aee -> 8c94fe642e98309082411f46db89106b
  custom:scripting/monoscript/fileName/AnalyticsTestCallback.cs: 86b513e5c36f0343183de924372e6da6 -> 70c2658c96c40ebe349fda85c81dae6e
  custom:scripting/monoscript/fileName/TestTaskBase.cs: 4b3bfcc0ce488c09e9c983c955b234c0 -> 162ca0c58961a22b2d7f2a866ccb62df
  custom:scripting/monoscript/fileName/DrawDirectoryResolutionPanel.cs: b77d9918f02a8eac64394aaf99fa4b28 -> e4e3c9b4bc511687802b504b71016540
  custom:scripting/monoscript/fileName/CloseWindowIfOpened.cs: d820344e932a12600b5fe6fb7e9f1563 -> ce229ef3b7461ff17e2c1af0695a6657
  custom:scripting/monoscript/fileName/SaveAssets.cs: e472a52843752df7d7ad4ca6b2c8da98 -> b56abea3d51c742ac29e4aec958afad6
  custom:scripting/monoscript/fileName/TestLauncherBase.cs: 55b4d99610fbeb9ecb7ee6ead3251104 -> c78237b225a855d3af10df4cd8d6a1b2
  custom:scripting/monoscript/fileName/FloatEqualityComparer.cs: 4dac02b3f722be0497415c960455318c -> 6ddc5d5b0944c660e6b695f37c9febc8
  custom:scripting/monoscript/fileName/ResultSummarizer.cs: fcfdcb2adeeb82cb8f411b44b44abdb0 -> 
  custom:scripting/monoscript/fileName/MergeViewMenu.cs: 93bc40369a2f104c249cef1d685ad358 -> c1676e16bdcf215f6595ea9de7a1fc33
  custom:scripting/monoscript/fileName/RepositoriesListView.cs: 9f95c83dc460fb03fb0916472f14b8a7 -> 95287f65338ca0073ad04002a16eaaf7
  custom:scripting/monoscript/fileName/HandleMenuItem.cs: 740e54c5f6dca1acc88cad87af74b744 -> b4ad1ecc5243212c5967125ad5e41b1f
  custom:scripting/monoscript/fileName/CompositeWorkItem.cs: 77037823112276c67676f1e42edf1cd2 -> bc884a89fde61fa75209209a03bbd836
  custom:scripting/monoscript/fileName/ScreenResolution.cs: 5c975132cf4e36dcc261bd0acd604271 -> 7bb7bb5b955671820101b322f0a7bf3d
  custom:scripting/monoscript/fileName/RunFinishedData.cs: 35b8f95dad4fefe115ad61c2c01125ab -> a22f15c3a79d1f15ccc31ec29ab37874
  custom:scripting/monoscript/fileName/ApplicationDataPath.cs: 8e4094e28762fb76a1baecfe90c6b65e -> 3e8c4ea8debfda8013fed860ac233d22
  custom:scripting/monoscript/fileName/MergeSelection.cs: 6deb9bc55c10a7ac7c9f905a7b92dbe8 -> 630eecd27cae3311e65e09d9c63da8b7
  custom:scripting/monoscript/fileName/PlayModeTestListGUI.cs: 9528035223f9376ea8c5bf32da2d30c1 -> 
  custom:video-decoder-ogg-theora: a1e56fd34408186e4bbccfd4996cb3dc -> 
  custom:scripting/monoscript/fileName/RepaintInspector.cs: f134606300316994850c28a68d0cb5a3 -> 
  custom:scripting/monoscript/fileName/LockStatusCache.cs: 5e3725e03dc21c716034553589a67eae -> e99b3f34c5cd3eb73ec19439af1f7f80
  custom:scripting/monoscript/fileName/DiffTreeView.cs: 68195907d129ef826aa6b6df7202696d -> 49f46fd2a65ea674a218eead75f27aac
  custom:scripting/monoscript/fileName/UnityTestProtocolListener.cs: 031f67bcc950e88772c7e00661691db9 -> 0d4d2ab58d3a081f00c0f200ee8696be
  custom:scripting/monoscript/fileName/DependenciesDialog.cs: 82d30fc8d5e1a73ec0d1ee9acc00fbc2 -> c8902186ab2f4e6471b5dd147afb01b6
  custom:scripting/monoscript/fileName/ChangesetListViewItem.cs: 95a197949f1e777703db60eea8cc21b3 -> d742a4910e302777daa1ccb9c8e92cb9
  custom:scripting/monoscript/fileName/LocksViewMenu.cs: fda08381fa9abca53b6eaf3bf55f14f8 -> 186d8514e824865b191ba1829afe4b33
  custom:scripting/monoscript/fileName/MonoBehaviourTest.cs: 8f6297df34271fdb1ce2d9607ec6261d -> 90647cc400823b41df847a6cbfc29026
  custom:scripting/monoscript/fileName/IncomingChangesViewMenu.cs: 5f96afa82d3e2a8078206b7f6d3b0752 -> 13196979a03411533716f6775c9a624b
  custom:scripting/monoscript/fileName/QueryVisualElementsExtensions.cs: 75ea535788abf9c38ba9341c984a6241 -> a49740b6efbb934f55475cc70b864a4c
  custom:scripting/monoscript/fileName/DivergentMoveMenu.cs: 5b146ed65a6a030ab7d86a0d711244f7 -> 98d76b5791494212a0c25aa6a4af7288
  custom:scripting/monoscript/fileName/TestResultRendererCallback.cs: 11a504294abe84b81ed7535d2d6b52d7 -> 215106b260625bb3e26681b849d9307d
  custom:scripting/monoscript/fileName/PlatformSpecificSetup.cs: c7583018fa54cbb13353f07300f73380 -> 0a7f9c0b27ae370d8bd5d3df4916ae28
  custom:scripting/monoscript/fileName/EditModeLauncherContextSettings.cs: 716154923321c522b7f6492b24dc4629 -> d1e413330d98a9101237ccbe91f95dea
  custom:scripting/monoscript/fileName/PlayerQuitHandler.cs: b367910cee7b2e682885ab95e27ec0ea -> b4085dee8fd70ae04ac96945fafed489
  custom:scripting/monoscript/fileName/WriteLogConfiguration.cs: 1a8401f47b522f631a3dc005105719f5 -> 1589212d1638ae91a029ea3ddf9999f2
  custom:scripting/monoscript/fileName/PrebuildSetupTask.cs: c7a55bff004702e0146f0b7de9de0c32 -> a4e888a510b1441a257b12183e59237b
  custom:scripting/monoscript/fileName/UnexpectedLogMessageException.cs: eb4b453bac6ce1ffa84fa1fcbecd8818 -> a7bbf32861c66018271b093fc1d1061b
  custom:scripting/monoscript/fileName/FileSystemOperation.cs: c31a686e69e66801c204a11be56c950a -> f0ccbe91654279794a85bf6f1c034716
  custom:scripting/monoscript/fileName/RerunCallback.cs: ffe49cf602017087ffa7749d06513ace -> 
  custom:scripting/monoscript/fileName/MigrateCollabProject.cs: af93695e471d9c8e4ad014c4165f2c3c -> 9f3487f03a783b35518405572f20ac9e
  custom:framework-win-MediaFoundation: 216162199b28c13a410421893ffa2e32 -> 
  custom:scripting/monoscript/fileName/ITestListCache.cs: 530322f74ae4ee44bba33a2f253d3260 -> 93f202374a8dd6602503d990ab2feb72
  custom:scripting/monoscript/fileName/TestRunCallbackAttribute.cs: 0f465317bd2bfaae92f90a6ee84c0d18 -> c61459d4a70eab5bd767d5a1f82f55d8
  custom:scripting/monoscript/fileName/ProgressControlsForViews.cs: 7d677c6df38ab15cf390062b5b0bb854 -> a8a18a90f46aa63848e1e45d8d7ff9af
  custom:scripting/monoscript/fileName/DrawAssetOverlay.cs: 04a46044def089f0abcdafdd281e3646 -> 
  custom:scripting/monoscript/fileName/PrebuildSetupAttributeFinder.cs: 2bad1feb91972325181c65f0d7b65426 -> 1f975f3a70c8f9747da919735d84e6c3
  custom:scripting/monoscript/fileName/NewBehaviourScript.cs: b21687ddb03d73bd9f0c1daecb9714de -> 
  custom:scripting/monoscript/fileName/ProjectWindow.cs: c62567a3d71fd74636bc783de5162474 -> 
  custom:scripting/monoscript/fileName/TestExtensions.cs: 06f4dc0f3112fa2e5582ace2497b1b80 -> 8e47deac44d7b87eaa5df5d00556dc15
  custom:scripting/monoscript/fileName/TestEnumeratorWrapper.cs: 3f82598f123760f637b0f70a1f287d77 -> 3e969f8448dc5644f60fbcb6f1badbcb
  custom:scripting/monoscript/fileName/MergeLinksListView.cs: 826afb5fb5988163105086b4bf5027af -> c9488671ae9b14523680d0c19097baa0
  custom:scripting/monoscript/fileName/UnityCloudProjectLinkMonitor.cs: a6d5b729fcd63f578363f7929a986e8b -> 86b74508945daf368996ea82904ac8da
  custom:scripting/monoscript/fileName/LogWriter.cs: a4f5ec34386b4e23f87b43dd16f6db46 -> 89105d9cfbe59e79a996dde998b3e7ff
  custom:scripting/monoscript/fileName/AttributeHelper.cs: 9458f4b34c0ac14db5c169abc8e43f94 -> dcab3630cb119e1a5f7f9c7b24677e49
  custom:scripting/monoscript/fileName/TestRunCanceledException.cs: 95340416bb18b4fa3930cdab2cc1fc66 -> ff7dc6bce365deb50fafe94b823009cb
  custom:scripting/monoscript/fileName/ISettingsBuilder.cs: 519472d4601ec620807556de1c3db699 -> af84c62ea6a033820a24a2d04c70d5c3
  custom:scripting/monoscript/fileName/Vector4ComparerWithEqualsOperator.cs: 3cde4a46f80e6bcedaef4297c8060490 -> 982db4358832ddfb456522b96543f1da
  custom:scripting/monoscript/fileName/UnityTestExecutionContext.cs: eca56c04b69a8399029cc9730daae5fd -> 4c0ef8e8d96fc20b3ec58c9447d6ec92
  custom:scripting/monoscript/fileName/EditorProgressBar.cs: 7418be9b22aaea32732f8a5f49569d1c -> 08c2f2b90ef64df631d46389f0e22c8e
  custom:scripting/monoscript/fileName/MeasureMaxWidth.cs: cd9322680ae61d38397008451b7ed0ed -> 1569e3f1dad91a9b01cba66ab6aa30b0
  custom:scripting/monoscript/fileName/SaveModiedSceneTask.cs: 135adac13be698ff4439d6c6268aa5b8 -> 
  custom:scripting/monoscript/fileName/TestSettingsDeserializer.cs: a44271a81256da8d6d9195e1628af709 -> 2daa2d89ea5f024d33cb1e72a3d35d63
  custom:scripting/monoscript/fileName/ChangesetsListHeaderState.cs: 69fc4f1a2bc3782d7043ec48961a3616 -> fe1392f9b135da83e13fe8a5e5f39fc2
  custom:scripting/monoscript/fileName/EditModeTestListGUI.cs: 8831f0ca2dcd13614282b516af72c688 -> 
  custom:scripting/monoscript/fileName/TestResultSerializer.cs: 52a416bb91eef89cbb19dd3cf67adb65 -> b75c8de5ed0cf8b4071350488249260d
  custom:scripting/monoscript/fileName/PendingChangesTreeHeaderState.cs: 7d278b5569d28437d07554a3bbb56e1b -> 5d7f70d142c9ac67864ec14950523d62
  custom:scripting/monoscript/fileName/BeforeAfterTestCommandState.cs: ffd46073254dc1bdb5c1bca6005d67d9 -> 590f9af42d8f6706b758d6c33b25bf7d
  custom:scripting/monoscript/fileName/MissingEncryptionPasswordPromptHandler.cs: 7f5831fc8a41e9cadd84fcfd0e885072 -> 5d7b9646eb14a39b6d3d5bab19d266ff
  custom:scripting/monoscript/fileName/ChangelistMenu.cs: ca33bac56b3a337faa90a1b1bba632d6 -> c1bf5aeb760cc5eae584ea3944d6531b
  custom:scripting/monoscript/fileName/NotificationBar.cs: d1a4cf5e8103d80fd25347275f906aa8 -> 50f1a85fa18d94338418def78dcd8543
  custom:scripting/monoscript/fileName/EmptyCommentDialog.cs: c9c28ff22d24598d7e4856f434bb1b92 -> 99cc06133e502eab7998108e26fd5614
  custom:scripting/monoscript/fileName/UnityThreadWaiter.cs: dbd556f2802baab90a20da38c288d36c -> 99333406d92d10003984b4d1920de2f9
  custom:scripting/monoscript/fileName/CredentialsDialog.cs: 179b5e49656a1623c2e79d838f0f5876 -> c785d5e40f8d66b7ef7ba04ee7c324e0
  custom:scripting/monoscript/fileName/ProcessHubCommand.cs: 30630f626164e285c361aa64e681100e -> 8ab0fc63fa4d9d749198dd61b09d7e37
  custom:scripting/monoscript/fileName/GetRestorePathDialog.cs: e21eb9983f0b989125951478cd5e9b35 -> 353d1126ca2d2063d5bdbd06806ffc08
  custom:scripting/monoscript/fileName/UpdateReportListHeaderState.cs: 64a5bf775d221ad9a5ff8c78a1e0e1fa -> d6cbe54be2898ed2c96c2e79572c2e08
  custom:scripting/monoscript/fileName/LocksListView.cs: 8c6202774eebcf67be9c3b5a2926cc7c -> 7aa51ff93bcc98aa05dec8b46ec200c4
  custom:scripting/monoscript/fileName/DownloadAndInstallOperation.cs: b043b8d5921892e87f4566e00162cff6 -> 4f4065aeafda2af0ec272a3c228e27b2
  custom:scripting/monoscript/fileName/DiffTreeViewMenu.cs: 3e62bfc69ca7486976988e151b88922e -> 8039fc4ecf68b3e966e1f4822789e7fa
  custom:scripting/monoscript/fileName/ICommandLineOption.cs: 147751a92efc4c8cac91a9a528c2fb1c -> 58da599070a3bdab08afc8355de79ed5
  custom:scripting/monoscript/fileName/UnityStyles.cs: 1a176026ce9da8057f3ec90dfe0bac74 -> bbbba3cda37678cfc74d71ffebf36e7f
  custom:scripting/monoscript/fileName/EditModePCHelper.cs: fed3c3b34697ace66d06f26c80e9297a -> e16a214ddb2d161f4792170cb0c8e6aa
  custom:scripting/monoscript/fileName/HistoryTab.cs: 4d086984813cd90d6be245dd8e03a2ba -> d57f000c65fde42a2228c7a105a836e5
  custom:scripting/monoscript/fileName/AssemblyNameFilter.cs: 6517804d9019b844c3f33c3b43a18f84 -> ce7ef29746fb23841833950bb87cfa6a
  custom:scripting/monoscript/fileName/HistorySelection.cs: 7c3afcf345a55e8b77ea41ca0f570218 -> 3d07a3d1241e204b5420d71f1137eba4
  custom:scripting/monoscript/fileName/CreateWorkspace.cs: 7b3086384e5ddcd73cd5064a3ce31cd2 -> 5256205b5cf0570b6f698c7abe518f5a
  custom:scripting/monoscript/fileName/ShowWindow.cs: c731454122754eec192bc3c53fac3d95 -> a6bb1d20733c178256b38974418d7450
  custom:scripting/monoscript/fileName/LocksListHeaderState.cs: b80c5f044f18764adef2e9dbea5f0fb1 -> c7fe4d3b5f954615048f8e79925d29e3
  custom:scripting/monoscript/fileName/RemotePlayerLogController.cs: 6007c2a9667c47ca237ace4f2531438b -> 158b55f2a8781eb1cac7ac26acd42fc6
  custom:scripting/monoscript/fileName/EnumerableTestState.cs: 074d7b301977647491f399c62e52cbc1 -> 30e3efb82d3f99d65cdecdd2f0bc0194
  custom:scripting/monoscript/fileName/CreateRepositoryDialog.cs: 1e1c5399cf3d0b071c7982c565a710ce -> 5cec3e66b09e0dbe1f805953c5c64af9
  custom:scripting/monoscript/fileName/UnityTestAssemblyRunner.cs: 3816e248a2cfe06e2622e0204123f53a -> 6329fd25aa4b3ce344b8f9506a5c2047
  custom:scripting/monoscript/fileName/RenameBranchDialog.cs: a3111a345c6451ee64cd16f1989c2313 -> e5c89c05c87517babb3730e87196a494
  custom:scripting/monoscript/fileName/ITestPlayerBuildModifier.cs: 144d61bec4e604c687a559324e865570 -> fe113c86bde5fdad424c8cc5e51fe0a4
  custom:scripting/monoscript/fileName/EncryptionConfigurationDialog.cs: 6423045767c07e6360ff314ec741c601 -> 19e9c54aff6ffc68d60fe11f80578947
  custom:scripting/monoscript/fileName/RemoteTestResultDataFactory.cs: 82b227499ad613fb85cbd7542a960c8c -> 875f30f4d57949231d64836d9e348a72
  custom:scripting/monoscript/fileName/UnityTestAttribute.cs: f0f5f36d5b331df20c3357ff1637e397 -> a53f050fb661d50bb6c962963a554f8e
  custom:scripting/monoscript/fileName/TestListCache.cs: 8e95164bb40beaf2361efc98dc17a66b -> ff7c7e6ac29ad86c5fe33a64ed0d2f4f
  custom:scripting/monoscript/fileName/UnityTestMethodCommand.cs: adc652ef2db502396e2bc23b9d9a66f3 -> ccfa8ff8b49ded2664d646e8ee3d5ff4
  custom:scripting/monoscript/fileName/CheckinProgress.cs: 298ac58365579798eb3b4defc181ccaf -> 75b93dbc5ef307111f0647f735640420
  custom:scripting/monoscript/fileName/ITestRunnerApi.cs: 7ab503b15e3438e134c0702f000eb0a9 -> a476c74c9cbf5732bdfc8c88b9702476
  custom:scripting/monoscript/fileName/AssetCopyPathOperation.cs: 571ede78b6298606a236918df9df62d5 -> 633a9d130b72ba594756844b628f0ae2
  custom:scripting/monoscript/fileName/Vector4EqualityComparer.cs: 2b4abe9ea592b7513d6aeaf121d66f76 -> 998bf018f3e79a3b4501bebf13133ef3
  custom:scripting/monoscript/fileName/PendingChangesSelection.cs: 766664749a54eea9ecce5dff917430ef -> 1721ad72d074757364587c71b49d9382
  custom:scripting/monoscript/fileName/EditorLoadedTestAssemblyProvider.cs: 30976bb8f0671594f080cfda4f365c0a -> 406b39f61e53aa4b6c435e30af6b5276
  custom:scripting/monoscript/fileName/Utils.cs: 0d3272cd783b90f4eef2bf111d5a7b15 -> 38efaa10a2cec4e71a9eaf567c91a8a5
  custom:scripting/monoscript/fileName/LuminPlatformSetup.cs: a7bbd552cf00b6b349997b7d2e68359d -> e65a295a4e58fc042cc74afa9243a080
  custom:scripting/monoscript/fileName/ResultsWriter.cs: 45d4009781f259d024c859617b776a29 -> ccd0afcd43fc96f0f8be5313b60e6c07
  custom:scripting/monoscript/fileName/LoadAsset.cs: 9042eb334fc462cf466672445be1d4c2 -> 5e4e082aa5b21c13b80eb237fe94d00b
  custom:scripting/monoscript/fileName/EditorAssemblyWrapper.cs: 1da4fb3eb1b01bdabc7899984e06e2b2 -> 8682dbb48030d53c622cd194bfa9e87d
  custom:scripting/monoscript/fileName/Images.cs: 0b0c14141950fed99e3ef33199b3b4c9 -> fbdd1e600315d249327f3effde045c9d
  custom:scripting/monoscript/fileName/DrawLocksListViewItem.cs: ce3a3d64ec2d84c3556ffd4141efc4f7 -> 6201c4d50383e970d554210505562d37
  custom:scripting/monoscript/fileName/DrawProgressForOperations.cs: ea9179848be98ee7719316b39339ef29 -> b544f18e6532ba53bbd1b691fa5cd571
  custom:scripting/monoscript/fileName/RequireApiProfileAttribute.cs: 519035bad40b0361872a678d221fcd1e -> 4cce4894a0d08ef40fd237b8e50d1caa
  custom:scripting/monoscript/fileName/CleanupVerificationTask.cs: 66002b5b43bdce8f787c2d84fc03dc42 -> 12e81b196e7eac521f1ae8e0411b3d28
  custom:scripting/monoscript/fileName/ViewSwitcher.cs: bb22cc2814598bf2511f6c811c1dc194 -> dd1f6d6bc6ad5beda69b13cdb560799f
  custom:scripting/monoscript/fileName/RepositoryListViewItem.cs: 2f16ba7694ec7934685021093e722c4e -> 3cabcd81911a2500dcd9e2b6ffae3f00
  custom:scripting/monoscript/fileName/InspectorAssetSelection.cs: 71ba78e42827a9b22a9a6016733d756f -> 4b3c1ae4c44d88205aef26229acfe022
  custom:scripting/monoscript/fileName/UVCPackageVersion.cs: c4d95cb84d9d8dff4727eba6b0a64378 -> 
  custom:scripting/monoscript/fileName/IncomingChangesTreeHeaderState.cs: f578f4545f0afb1f0a2de9a25e26e33b -> 9fcb97ef2da44c66332f5c6800c2e6ed
  custom:scripting/monoscript/fileName/EnumerableSetUpTearDownCommand.cs: 6c84bee1095d71c3f496285ac7de29fb -> 16b603dbb9724508977696171a42991f
  custom:scripting/monoscript/fileName/DrawTextBlockWithLink.cs: d38f3ee197d9063693d0301d5157b32c -> 1d43814d810f0d56e2964ad3b72f271e
  custom:scripting/monoscript/fileName/EnumerableTestMethodCommand.cs: dfec1548954add0987599d6dd0f01df0 -> 9040b48595c4d63d6c1126d81d3f1105
  custom:scripting/monoscript/fileName/WorkspaceOperationsMonitor.cs: 5f05751fd4d94e02e79a5bf200f98f9a -> 43dcc435c252a54bdaaf4d6588b7d66e
  custom:scripting/monoscript/fileName/EditorCompilationInterfaceProxy.cs: e4c0c6a3551d03ebd5ce8bc0c8444c16 -> 12bc7b3dd0ab2ff83629d76ca37d0d4d
  custom:CustomObjectIndexerAttribute: 9a22284fe3817be447336de3de66b15e -> 
  custom:scripting/monoscript/fileName/TestResultAdaptor.cs: 39fb6e85727c0d47ffa8785f61586e3d -> fb4db3971d5379750cda884e7e44e3e4
  custom:scripting/monoscript/fileName/PostBuildCleanupAttribute.cs: 31fa08dd08b1105fe7a49dcbe5b1ac85 -> 71391ff444f943d9ad8dd0d42b7ac81f
  custom:scripting/monoscript/fileName/ShelvesSelection.cs: 05891c88858e4ac7776c0c0c49b5b74f -> 8a3e11e7cd7bbf10b24988c7bf636dea
  custom:scripting/monoscript/fileName/TestTreeData.cs: 0f4cb01478895c7c3d9e4409dc682c1d -> 1859d24be324d8fb87ab0c693d76d928
  custom:scripting/monoscript/fileName/Vector3EqualityComparer.cs: b5ef1af8e8222802b1e616dabbbf7eb3 -> 1c8652cac1f220d6409ab1ba3f211615
  custom:scripting/monoscript/fileName/ScriptingRuntimeProxy.cs: e5e5d36b9b276c8f6937a94b5dfabde5 -> 19d9ac4d844404a0464698120ed39275
  custom:scripting/monoscript/fileName/MacOSConfigWorkaround.cs: 8634a542fc5c45ea8cd9a8244bf2c871 -> 9fe61e763da506601651f6c451cecb0a
  custom:scripting/monoscript/fileName/IncomingChangesSelection.cs: a96a5a084d59fe3917a3831b68fa9479 -> d86f9f4463e6f9d99bb815e1f018ccf1
  custom:scripting/monoscript/fileName/AddMoveMenu.cs: 07e842d83dd343358454fef0a7927a0d -> e681c3341f01390e9c1d636ae93280df
  custom:scripting/monoscript/fileName/RestoreTestContextAfterDomainReload.cs: f915dc737a51db5619c0ddbc3d7e4801 -> 3f8ddcbc7c316ccf5012287995780eb2
  custom:scripting/monoscript/fileName/PlasticProjectSettingsProvider.cs: c126b47f9f934d48f0646c249a5bfcca -> 8c4ae1aeb34c51d2a5a8924265075ff2
  custom:scripting/monoscript/fileName/WindowResultUpdater.cs: 62ee47153c9bac0200ac618954dd51d8 -> 605812b0e2a9a0174e15ed86a3d5ac57
  custom:scripting/monoscript/fileName/Icons.cs: fab81a9d523e5a61e28f0f54bbcc88b3 -> abf089f96620a0dfa1fac77a06c6c48e
  custom:scripting/monoscript/fileName/AssetMenuItems.cs: 9ce81cedb8e568c6b7b646aa6263645b -> 
  custom:scripting/monoscript/fileName/ToolConstants.cs: a088b027c7b0922429c756f12b0507ea -> 3b0d2490617bc7f94a0bdab65a399e1d
  custom:scripting/monoscript/fileName/MergeTab.cs: f39dce5bbfdc053d284a55fc102a8be9 -> f0a9f00e065364eb63b070091ade67f8
  custom:scripting/monoscript/fileName/IAssemblyWrapper.cs: c5aecaa35bc67342edbe5a12fdcda610 -> 993dbd556e2f14ec6d4f6bce6cb00191
  custom:scripting/monoscript/fileName/UITestRunnerFilter.cs: 06335d4aeb6c8af701629dcac5fd648c -> a9e31eaec62dd508fa917eadb1c52808
  custom:scripting/monoscript/fileName/IUtpLogger.cs: ebcfd45287927053700f4f66ff35b501 -> 1b41334d9fc4fd5edb024e0bd2a6db56
  custom:scripting/monoscript/fileName/GetSelectedPaths.cs: 02423a81496d6c63598b5cdc203f4354 -> be35dd49dddd53fc840b9febf21b4d0d
  custom:scripting/monoscript/fileName/TokenExchangeResponse.cs: 0dd9138dbeab6f132711a5b608de5c13 -> f20183d4cf939766d3c1e15cc3bec2e3
  custom:scripting/monoscript/fileName/ChangesetsTab_Operations.cs: eca44847b108faefa69f8c525242c965 -> 3290c4c0cd248666e01a08ee6d621249
  custom:scripting/monoscript/fileName/ConfigurePartialWorkspace.cs: 309d4276b0164b05348aedbd51cc0b2f -> 10fcc6b6d43dd5ed36c43c6f7b5906c4
  custom:scripting/monoscript/fileName/OverlayRect.cs: 59d6887e4803f8a44ffaa0409470e410 -> 
  custom:scripting/monoscript/fileName/ValidRepositoryName.cs: 43c262be3f66a970816e3d3a3ee8872a -> 56bcf92a3678f6ad6215cae2e4914cfd
  custom:scripting/monoscript/fileName/OtherOptionsFoldout.cs: eea27b9873519c1ea7c35b8afc1b7947 -> cc8f3a7680050422963ebd2bf169a841
  custom:scripting/monoscript/fileName/BuildTestTreeTask.cs: 96cb982a37fe5925168754787bdebc15 -> ca4a5380bc07f43d0ad6bc5c2ca39b4b
  custom:scripting/monoscript/fileName/TestListGuiHelper.cs: 6d40eb061ebdba07e078b90b14eadffd -> 
  custom:container-demuxer-webm: 4f35f7cbe854078d1ac9338744f61a02 -> 
  custom:scripting/monoscript/fileName/TestResultExtensions.cs: f40703becc02ea8bc3b6c19d19f9d745 -> 1c512e213c49ce6d72b9d37b957b9372
  custom:scripting/monoscript/fileName/GetPlasticShortcut.cs: 2a84c035152261f00e7e66eb44cd0ffa -> 5c2b7bf07ddd2284efc64b09ef0f1f72
  custom:scripting/monoscript/fileName/LogMatch.cs: 3705a2877c87af4c4355c7933d389895 -> fed715ef044674dde53628d58d931b50
  custom:scripting/monoscript/fileName/TestCommandPcHelper.cs: acbadd8ac17c9074f1c7f1b037d57596 -> f958b2880473418011bc0cda18245d1e
  custom:scripting/monoscript/fileName/CallbacksDelegatorListener.cs: f80c4f45fed6816f24285f468af00026 -> 
  custom:scripting/monoscript/fileName/TestRunnerWindowSettings.cs: edf34156a2b1507caf7c6651f5ea4bc3 -> fb70b758f65d0605100dbd9482b7158e
  custom:scripting/monoscript/fileName/ApplyShelveWithConflictsQuestionerBuilder.cs: e109c624745dcc4304c557872b253808 -> 02e4256f31bc905362a382e31c3387eb
  custom:scripting/monoscript/fileName/GuiEnabled.cs: 1b1658fd7715b5cc664c10a130c6b629 -> 7bb13fcc8d8cbd392e00f7232841f086
  custom:scripting/monoscript/fileName/BuildPathDictionary.cs: 943911b84162d26cea47f964f9a0a399 -> 9fabc7cc73fcfc50b8a3307c6aa6ec4d
  custom:scripting/monoscript/fileName/FindEditorWindow.cs: 2bb64182aef631315344623cf583c78a -> 8c3c78bb7e82ac5008f8a2b8a0d68cff
  custom:scripting/monoscript/fileName/ShelvePendingChangesDialog.cs: 47aa4c07d31152c0c1eff64d2ba76cc6 -> 86b1f48b5fbaffa67e939e7f404062e6
  custom:scripting/monoscript/fileName/AnalyticsReporter.cs: c71b24da736c66608a20411bc3a519d2 -> 990f0ccd7dd9ebe56483e30a572c9394
  custom:scripting/monoscript/fileName/TestEnumerator.cs: bf6d1620a5c6bd3f28c72bbfed80e429 -> 26328e1622cb69ba0b1e01e906e7f65f
  custom:scripting/monoscript/fileName/DrawProgressForViews.cs: c153245b67af73b7ee03f693a1127796 -> 068a172cb549ad77d9873d721698bd0d
  custom:scripting/monoscript/fileName/EnumerableRetryTestCommand.cs: 73d6d5af06eff02f63f972c0d9d4ad7c -> b281084796eb91cc19de80f3f2b73a56
  custom:scripting/monoscript/fileName/UtpDebuglogger.cs: 06c62e7bf4b353d0d89b78258065c40a -> 2f96cd7ac1384aa23e8238df80ef8354
  custom:scripting/monoscript/fileName/UpdateReportDialog.cs: 706e7e86547c339cdb3a4462e3f7a54d -> 087837d8f73228f1a817d0de82c77260
  custom:scripting/monoscript/fileName/UnityMergeTree.cs: f81f2d7551ab855fe9dc724f3f2e2892 -> 59edaa0a4669bbcb540a261166adc144
  custom:scripting/monoscript/fileName/CycleMoveMenu.cs: 91c21a0be9b3727d7673f94321029c52 -> b3993a7306fc941f55ca963833965729
  custom:scripting/monoscript/fileName/HistoryListView.cs: 527da2d093462f1c4a278d6957e7d5ac -> 7b2d1d2c12ab43d9d244e35197127919
  custom:scripting/monoscript/fileName/ChangeTreeViewItem.cs: 506ed128854137d9f75f9e3d2576a06b -> b0a38ce0a620643c776a3db4fd91bc4c
  custom:scripting/monoscript/fileName/QuaternionEqualityComparer.cs: 1bf489e3042604f863689ba3c73f9e1b -> 0787e0a336d915c2829c2f55fd970a0d
  custom:scripting/monoscript/fileName/ITestAdaptor.cs: 2a73ddc53f1c7b5bf11396536f687ca4 -> 1f6228260995615097fc339d08bee2f4
  custom:scripting/monoscript/fileName/BringWindowToFront.cs: 88b20f2a2881db6a013f54923d68cdee -> a30c7c1ba746c6d277a5aedd3057d15e
  custom:scripting/monoscript/fileName/ShelvesViewMenu.cs: 947ea245959bf421539573511c3a0058 -> da5dc74b3444288f443961ecab7245d6
  custom:scripting/monoscript/fileName/ITestSuiteModifier.cs: 2c6fc66f35fdd1866881280ae909eaa5 -> 4374b14ce25f3e6c8b983b3d579e38b4
  custom:scripting/monoscript/fileName/LaunchCheckinConflictsDialog.cs: 4417eba1591eccb2221bfdce0106c1e0 -> e2c1e3f8f4e14a62e4363fe6259adbc2
  custom:scripting/monoscript/fileName/ParseArguments.cs: 03c1a4d7e357164ca313a0019713c3db -> ae915d9f5fe287ced40627c9ca8bfafd
  custom:scripting/monoscript/fileName/ExternalLink.cs: 685ff1dd6f55eb61a1fd8af84a2aa7f5 -> a8ff952d8c27d10f226ab92b7aa83b69
  custom:scripting/monoscript/fileName/WaitingSignInPanel.cs: 247680fcfc6a176b9fa28a3df600a754 -> 7585e1c7111b6b900784e6d1c9454258
  custom:scripting/monoscript/fileName/RemoteTestResultReciever.cs: 3396dcbdb7cfcd933b2182fbc1532e1a -> 
  custom:scripting/monoscript/fileName/OperationProgressData.cs: 0db72349eeecbe9449a517b1d79cc760 -> 15f68712baaea535af36d9e0333c0a6e
  custom:scripting/monoscript/fileName/ExitPlayMode.cs: 64d4ea6d596aecaf913f45e499564e88 -> f2eb63cb1a92bddb334eb5c2d75abc43
  custom:scripting/monoscript/fileName/IStateSerializer.cs: c5a3e7fac8482b2fe72d059b34fdea4b -> 2c22f7cb714163eee04bfe4b72ec4957
  custom:scripting/monoscript/fileName/UnityTestProtocolStarter.cs: d1e78341b65caa27eeb465ea61128aba -> e4b107bc354fd6dcbd62420da6500b7c
  custom:scripting/monoscript/fileName/RepositoriesListHeaderState.cs: c0353a1af15ae4fd3d5a2a3cac816423 -> fb71b961ab7c924511a6b0e8680b60ee
  custom:scripting/monoscript/fileName/ClientDiffTreeViewItem.cs: 56be9d3aa410e770e75de2d8b93be89d -> 43bdd7aa5bf1aa039a5b572c119c38d0
  custom:scripting/monoscript/fileName/CreateWorkspaceView.cs: c40bc4c8524ef3e2374ef997beb2e4a6 -> 9ae2295080d141c0f12d02a71014e11c
  custom:scripting/monoscript/fileName/CommandLineArguments.cs: 0d20ca25f94249586a7c1484c469d8a2 -> 48a62ad3f817c0269ea7fc4a53799594
  custom:scripting/monoscript/fileName/BuildActionTaskBase.cs: 8f6297df34271fdb1ce2d9607ec6261d -> 90647cc400823b41df847a6cbfc29026
  custom:scripting/monoscript/fileName/DownloadRepository.cs: 46fc68d9cc4da8e8ed765ff28b2dd438 -> 5bad8d3f76a3fcb41a94637e37c11ab0
  custom:scripting/monoscript/fileName/ParentWindow.cs: 2476d8a6ba9c3055f984ac9792cae61a -> d6aa079e592e01701c5baa3ab98898bc
  custom:scripting/monoscript/fileName/OperationParams.cs: 091a140b35535b91c773ddf98925322d -> 3312c7a4424a66ffbf2f88f056f329aa
  custom:scripting/monoscript/fileName/IEditModeTestYieldInstruction.cs: e4c6a749d843914165935ce080f657d8 -> ad49fb85f2d4ed0badb27552deac0771
  custom:scripting/monoscript/fileName/CachingTestListProvider.cs: cac67f32d723c8745a1f511390945781 -> bfcb79acce43a93633071168c814d063
  custom:scripting/monoscript/fileName/SignInWithEmailPanel.cs: a5823728eb62cf6dbd8c933c1cb26f53 -> 6e8957c0ed7609303e68389067e72d72
  custom:scripting/monoscript/fileName/UnityPlatformAttribute.cs: 05ff6a4a5828d32604e864a3b44f3fb8 -> e79555e200698f1b55c6c54851cd369e
  custom:scripting/monoscript/fileName/TestStarter.cs: e2d0587cebe915ea1c55ef726c6bd082 -> d1bc3fba65bb4735afc3828355ea6c72
  custom:scripting/monoscript/fileName/LaunchInstaller.cs: f9b7c99441bc32980ce9b95be066824b -> b75efdf5909b501e06cacd9c66f75981
  custom:scripting/monoscript/fileName/GetWindowIfOpened.cs: 84a2356c61155912908cf98a62600c22 -> fd8bfd1a9b371371ebbff48e377726f9
  custom:scripting/monoscript/fileName/TestPlayerBuildModifierAttribute.cs: e033609ef117a17dda08e3556f30bfa5 -> d4ffc53911ef24dec9dc901e0444a77b
  custom:scripting/monoscript/fileName/AvatarImages.cs: ea6dca998cf0ec5122553a9e010ef687 -> 3aa8c25a350843151ec4070c820c411a
  custom:scripting/monoscript/fileName/DrawUserIcon.cs: 2f65feb9bed897237f97fbf9c5479092 -> 7d5385bf780ae84e648a8b49f8fe0825
  custom:scripting/monoscript/fileName/ITestListCacheData.cs: 1c95486e8d67b5eedd3530759306c580 -> 09682e3e03141d9f43100cdaff3665eb
  custom:scripting/monoscript/fileName/TestListCacheData.cs: 1f5a847fa8b54233f179d3f9f5a719db -> 295232838ed90f85679b2d004562d59e
  custom:scripting/monoscript/fileName/TreeViewItemExtensions.cs: d22abf8de7a9ab0e852b869a652f100d -> 6849c47ffa8623d630ef12f76bd49905
  custom:scripting/monoscript/fileName/AssetStatus.cs: b9ea657347f2c22e8e401cdb256c516c -> e017010009bdb28bcb0d7d8ef05e7dd9
  custom:scripting/monoscript/fileName/BranchesListView.cs: 334a3fb302f855f71fb71520fb442a71 -> 3f5ed9fe5a1bca512014ae1600ee1666
  custom:scripting/monoscript/fileName/DrawGuiModeSwitcher.cs: 363adc150c5f1c5059a678f179906090 -> d3be34a3134d3fe80ef6b14d0d519128
  custom:scripting/monoscript/fileName/Is.cs: 0371baf7f4d4fda1df93e36baa3a7f7c -> 6922f89182cd28e32ba48e34cda7947d
  custom:scripting/monoscript/fileName/TestListGUIBase.cs: 3323ae02564bf80ecb144d790edf3454 -> a2b53f3d1923dc6fb3d7f4c9f9855104
  custom:scripting/monoscript/fileName/WindowResultUpdaterDataHolder.cs: e4b0333fa05c0f3ef2128a54294a2588 -> 2de8ba1615f5d28c30d54411d42e2524
  custom:scripting/monoscript/fileName/UnityMenuItem.cs: 5f445176ad3735e69769d93250663be7 -> 73f3c859f1b5092ad362c09e23b3a922
  custom:scripting/monoscript/fileName/WebRestApiClient.cs: 8ab6ae74a3793a3375cc48f328048a82 -> 746756fd499dddd02a4e7ccdbac48be3
  custom:scripting/monoscript/fileName/PlayerConnectionMessageIds.cs: a896cc1ebb022b48f652641f623e4c5c -> 2e4b7265f0eeb40e1260d00fe6e4614e
  custom:scripting/monoscript/fileName/ShelveListViewItem.cs: a37862556d04b25f75804d991e109d87 -> 373418f0ae11fc25a26ff7fe4f472006
  custom:scripting/monoscript/fileName/OpenPlasticProjectSettings.cs: 5a86fd454f7c9f74b62653e269818d3f -> 
  custom:scripting/monoscript/fileName/RemoteTestResultDataWithTestData.cs: 21f6a5ed6216bf99941b16dfe0613ec5 -> bcf701fb298ed6f8cab894b203300c37
  custom:scripting/monoscript/fileName/SwitchPlatformSetup.cs: 86e207190212b6666c14096ec0beb845 -> 576de741bbd585688af4b8aaf70f0708
  custom:scripting/monoscript/fileName/PendingChangesOptionsFoldout.cs: 2a2f5a0ba87bd75c4475236a9a012016 -> f9e651bcc5d4441496c88ab59a32f360
  custom:scripting/monoscript/fileName/IncomingChangesTreeView.cs: d8c19bc81b07c04d7721396d2821d297 -> 96479648d4498738733254eb4e4c6fb5
  custom:scripting/monoscript/fileName/GenericProgress.cs: 11287c7d038c487f32d0c8edc476a32d -> 8492ec26f01fc248d3eb3c2f5b3b6c0f
  custom:scripting/monoscript/fileName/ShelvesListView.cs: 0763e4076b11a683fa148282680085c0 -> 01c1f087b2f83b458da6b8ad18736606
  custom:scripting/monoscript/fileName/MergeCategoryTreeViewItem.cs: c1ecd9dc0cd73eb7eb129994dedc1a91 -> 6bd59fcbfeafe06987a54631991d755b
  custom:scripting/monoscript/fileName/CheckinDialog.cs: 1709b78fae1329cc05fd4f39334b25f5 -> 702fdb8d0a3b4bfcb9ba109e71325cad
  custom:scripting/monoscript/fileName/SortOrderComparer.cs: 8f6297df34271fdb1ce2d9607ec6261d -> 90647cc400823b41df847a6cbfc29026
  custom:scripting/monoscript/fileName/GUIActionRunner.cs: 69af7de0762ed6d085feb4cc4b5101b3 -> 4a0608de635b0d82868d57923d68eff7
  custom:scripting/monoscript/fileName/PlasticMenuItem.cs: 30c3a785b4c2607e2ae9aad693d5f604 -> 
  custom:scripting/monoscript/fileName/PendingChangesTreeView.cs: f3722f38014385705913f17dbe0f90c1 -> 17142d220a0a50a3f3d184c4718a0da7
  custom:scripting/monoscript/fileName/TestJobData.cs: 45c2452d3aa545742dc2b57ad55fa794 -> b5764cc21ae3016cae3c4ce5053458f7
  custom:scripting/monoscript/fileName/VCSPlugin.cs: 69c1b7249af35f35848ae707bd5e7113 -> 
  custom:scripting/monoscript/fileName/RuntimeTestRunnerFilter.cs: 230571a0569274dbd5e47e4595a3be33 -> 526247a6af82c71973a55c9c5be36280
  custom:scripting/monoscript/fileName/GetClientDiffInfos.cs: 4ae14b15e2cf5177a84735548a44cdc9 -> f8db8e637ded2d5e935a953a13b85ebe
  custom:scripting/monoscript/fileName/DrawActionButtonWithMenu.cs: d7f31944358aed2f3ed3982246fca039 -> 8d4f5edd02a1dd0f38c4f2baf5ee8a33
  custom:scripting/monoscript/fileName/ITestSettings.cs: 608b72c12786bbdd128c096353cc10e2 -> 7d6676128f469c2eefb2813ec592ab4f
  custom:scripting/monoscript/fileName/ErrorListViewItem.cs: 9bf59c82e9c9992a012a3eb2b6c2bfe5 -> 509edc26860f8be303ec97d68aabc30d
  custom:scripting/monoscript/fileName/RemoteTestResultSender.cs: 570055716108540c9c34e71343ce0f03 -> 2b6acbe484994dc310d0ac406904e742
  custom:container-muxer-webm: aa71ff27fc2769a1b78a27578f13a17b -> 
  custom:scripting/monoscript/fileName/AttributeFinderBase.cs: b09010f5776af2a4f3460127027ca105 -> 7e104530f871143fdb60a169114dd663
  custom:scripting/monoscript/fileName/EditorProgressControls.cs: b1f133fa38afd918d537a72574fc93a0 -> 2e606eb01a6e6a567f3de9a0379ed3ae
  custom:scripting/monoscript/fileName/PlaymodeLauncher.cs: 3a6fe823ef85e4189eb7e25bbb98798f -> 981dc587e53c0f0d21b816af7469156c
  custom:scripting/monoscript/fileName/BranchesListHeaderState.cs: d47f1164fa7093137db851c4c16ffba3 -> 82eab21603f4efc696334ee80641c2c9
  custom:scripting/monoscript/fileName/ExitCallbacksDataHolder.cs: 2a73f9623aa81becb5d8d11a43747b12 -> 
  custom:scripting/monoscript/fileName/DrawSearchField.cs: b11b864a92c7d76f85d4ec87d6faf61c -> 3de70beba9f4447205d50241d95b066a
  custom:scripting/monoscript/fileName/PendingChangesTab.cs: c99065f3c85ec85c85ece2a1a30665af -> 15ae6787065f4af65778e981f418a60b
  custom:scripting/monoscript/fileName/TestAdaptorFactory.cs: ac39772b57c14123c1a057d315d0217c -> b9e4d12260befcd688940e2c80db8ee8
  custom:scripting/monoscript/fileName/IEnumerableTestMethodCommand.cs: e89b2da6fd5c9e148c3a0687c618f62e -> 81260787415c187c9e413e476b816cd2
  custom:scripting/monoscript/fileName/MergeTreeHeaderState.cs: d266e9dd03ced7ec66ad3688e5f18f26 -> 6293ca7f65e9641fcbe12100e705a990
  custom:scripting/monoscript/fileName/BuildGetEventExtraInfoFunction.cs: 1308a6936e8051866a117b3b7c2c7b77 -> 74bfc8c01f931108a3c2b127aa04cc8d
  custom:scripting/monoscript/fileName/ShelvesTab.cs: 88e0da7511313c57d3f51ba183c4d3fc -> fca0a219bdad45e636bd34724e5dc89d
  custom:video-decoder-webm-vp8: 9c59270c3fd7afecdb556c50c9e8de78 -> 
  custom:scripting/monoscript/fileName/AssetsDatabaseHelper.cs: 3deb384d73768aa5a87c1835c3d7553a -> e690d63c7b932a5efaeaf8c476198e75
  custom:scripting/monoscript/fileName/WelcomeView.cs: 07e35bfe1faa2c52c049eb30958acd54 -> f06c185659ea2f4a75f9397861dc6096
  custom:scripting/monoscript/fileName/DeleteMoveMenu.cs: 39c593e854a9a8ae0e6d34ceb587fce1 -> 4d026cbabd8105e38661f97da078042a
  custom:scripting/monoscript/fileName/PlasticApp.cs: c440a0fb380601a77ad475d6c15d4fa1 -> c57de230d90beac7b586f10b9c7c6cb5
  custom:scripting/monoscript/fileName/PerformUndoTask.cs: a88080dc60788c59917e5a5da2beea27 -> f38e53873dc9c7e638622dda18102b41
  custom:scripting/monoscript/fileName/ChangesetsTab.cs: ef408d8aaf89e01b17643ed0c836680d -> 46dde8f7856048792ad2e75490bb8c5e
  custom:scripting/monoscript/fileName/DeleteBranchDialog.cs: efbbc070bfeda2b746e8b15a4380cb26 -> 8549b0fc52962c89115fd78724fee578
  custom:scripting/monoscript/fileName/IncomingChangesNotification.cs: d7ac4b8f9ea939309b8ceb7f729100a2 -> caa8ea2c7336b9227381f0971759e01a
  custom:scripting/monoscript/fileName/DrawTreeViewEmptyState.cs: d4c16fd6aad8161eda7d99fd74cbb08e -> 
  custom:scripting/monoscript/fileName/ErrorsListView.cs: cc3142391037796392fcd3fe860891dd -> cd35171982f17897dd5148dda46e0956
  custom:scripting/monoscript/fileName/UnityPendingChangesTree.cs: fd6f0a038401268983bd9328d10dec93 -> f391d9a00dc9e202cee4d4ebcf6d21c0
  custom:scripting/monoscript/fileName/RuntimeTestLauncherBase.cs: 545e0e1c1701551e51a349e0cfbf7e09 -> 9c570bd0d91da3e5211e4436ad92314b
  custom:scripting/monoscript/fileName/TestActionCommand.cs: 9d9a215c413c4354b3d31801a3312f5a -> 753f99c04dd69dc2a43030237870dd1f
  custom:scripting/monoscript/fileName/ClientConfiguration.cs: 5f5e47bfb7cedc7420d7e59c6d7ae6f0 -> 01b18b09a6dbb3756e1f42a5b64aab0f
  custom:scripting/monoscript/fileName/AssetVcsOperations.cs: 50ee89e011ba3d800b4e7a9a24aca7e1 -> 
  custom:scripting/monoscript/fileName/BaseDelegator.cs: 39f1c059498e3e1e37d5e631bbc24cc7 -> d270baecbc007d1328bc5c9991d1dea9
  custom:scripting/monoscript/fileName/TestRunCallbackListener.cs: 6d0e8c714fa72bff0fe809d3fbb8d587 -> 15fa13086a2949901b1e4a3584b83cd8
  custom:scripting/monoscript/fileName/IOuterUnityTestAction.cs: 1f62717facda0b560b4af9da3d21fc98 -> 58e7f8b884a5d88e319b8f448f29bfdb
  custom:scripting/monoscript/fileName/TestSettings.cs: df291dfe8fbaf1e1f1d4ae4925c14a92 -> d583ccee803a035f2d53ba29374aac19
  custom:scripting/monoscript/fileName/SynchronousFilter.cs: fb46e705a687283ca79c6357a2f78760 -> b84da53d6d10348793b3683f19a6d4b3
  custom:scripting/monoscript/fileName/PlasticDialog.cs: b0aae1bf1889af041741f324070b7b84 -> 63a17a2b696bc2a13c9046aa16f8cea4
  custom:scripting/monoscript/fileName/LegacyEditModeRunTask.cs: 2b5f09ef7f63773ca676d71969800516 -> 
  custom:SearchIndexIgnoredProperties: e643bd26f0fe6173181afceb89e7c659 -> 
  custom:scripting/monoscript/fileName/AutoRefresh.cs: 9d30d5d3f0e8985355be1ab597da1dbb -> 0a8afde180a876655ad16caa14493409
  custom:scripting/monoscript/fileName/PlasticPluginIsEnabledPreference.cs: 7953272c37f4a828a3d1096e7479f346 -> 
  custom:scripting/monoscript/fileName/GetRelativePath.cs: 9b16eb2de9e98b392077181cc34243c1 -> ab04ae5e0cafb93ebf5c96148bb52df0
  custom:scripting/monoscript/fileName/UnityEvents.cs: 253411328de37811883aded592b97268 -> c830e584565fcd66ca0d5a23ad8b9bd6
  custom:AudioImporter_EditorPlatform: d09bf68614088b80899f8185d706f6e7 -> 
  custom:scripting/monoscript/fileName/DeleteChangeMenu.cs: 540c783b689e4d6a4a383862455d5d39 -> bfa368dc06e11abcc107d6f80c7c19c5
  custom:scripting/monoscript/fileName/PlayerLauncherTestRunSettings.cs: 5d2b9db2556b475d527662dfc40538f1 -> ac04d6a6a9c6380f318071a2f4da8a2f
  custom:scripting/monoscript/fileName/SelectNewCodeReviewBehavior.cs: df6e8e132199ea6ec467c9bced11011d -> a16edf3a8c3e5ac26863e890f68fd937
  custom:scripting/monoscript/fileName/DockEditorWindow.cs: 581124d5e19667105f2446d6dfbf7982 -> a9e5e467234133af999283610b6e84e6
  custom:scripting/monoscript/fileName/ActionDelegator.cs: 0b37ded58104f18659a880de95881951 -> f2eb6c2fd33630cfdd6d3183b4a2ca3f
  custom:scripting/monoscript/fileName/ITestRunnerApiMapper.cs: 864c8f6cc3985f3365e8b5f02afeb230 -> 337d02b691c8103d2eedc6b52f4f76ab
  custom:scripting/monoscript/fileName/RerunCallbackInitializer.cs: a2ca4a4e4bb070fd30ec377e61ed66cb -> 
  custom:scripting/monoscript/fileName/ICallbacks.cs: e6fb4966887be0b97bef44d92d561a69 -> a9c5fd289272fce7e09c7f3e5f11b8a0
  custom:scripting/monoscript/fileName/ProjectPackages.cs: e247c98bd45807b228765f9a94d82145 -> 9e9e13e39b2e9718b602503b87245c18
  custom:scripting/monoscript/fileName/IEditorLoadedTestAssemblyProvider.cs: 0be7fc5fa38a5453fe58cce555760ed4 -> cbb3f715010afa8cd4f0f40294bb78ba
  custom:scripting/monoscript/fileName/BranchesSelection.cs: 7eb1fcb556f0fad697e4ec9d989be099 -> 33b36e7b03910960966036894ec90c7c
  custom:scripting/monoscript/fileName/TestListProvider.cs: 58a05dfe9100cc52adea57fc4a0b6c62 -> f8235933605b6a025c9638df0194bf97
  custom:scripting/monoscript/fileName/SaveAction.cs: b68fbb4319dbb368959c40781b39fdf8 -> 27c387bb58f3a69b0c9ff60d2209e18f
  custom:scripting/monoscript/fileName/AutoConfig.cs: 6c4e7f9dc55323aa1299debfe9723aa6 -> bf4bbd2f2e752464ef51dbf102faed17
  custom:scripting/monoscript/fileName/InvalidSignatureException.cs: 293ad969d76fdecf7dc5f86949047e54 -> f250eccc836ee674127ecdee41f7a4ea
  custom:scripting/monoscript/fileName/UnitySetUpAttribute.cs: 4ed69b5a4764c67bceaa6f04d0d8776f -> 78bcd37bf54751e70200df4ae24f405b
  custom:scripting/monoscript/fileName/DiffPanel.cs: 02288a38bd14cc2b52a25b302a6f154e -> 210366dab3631628227b9406f87a9b7f
  custom:scripting/monoscript/fileName/PlasticAssetsProcessor.cs: ff731c8aacf4a537dc74c7cf9eaeaed0 -> 
  custom:scripting/monoscript/fileName/PlayModeRunnerCallback.cs: 10f699e46ae6f3eea3e1c18bf2bc25ed -> 6cd874bc3032a6eaf4228f5877b27ba0
  custom:scripting/monoscript/fileName/DrawActionToolbar.cs: 52293cb82089e0370f52e257f41c0869 -> e05748a99799f26304c1bbafd90f703b
  custom:scripting/monoscript/fileName/TreeViewItemIds.cs: 7d654a2b5b3a10da3e7d8472196e96d1 -> 0cdf409b5aa8d4c25876d72b5c6a3b60
  custom:scripting/monoscript/fileName/EditorVersion.cs: 70953c9eccf7726f70c672a9a51619e9 -> 698aba075b19a52a056d67a7b809d179
  custom:scripting/monoscript/fileName/TeamEditionConfigurationWindow.cs: d06f049421c16e5927ec29f770917e09 -> e53b1ca5561894aaeff930afb696d001
  custom:scripting/monoscript/fileName/ProgressOperationHandler.cs: 5fbb4e0f656dcfaa4498bd2e492e4710 -> ec62666c0ca1649dd33cc6bc6834c6f7
  custom:scripting/monoscript/fileName/UnityPlasticTimer.cs: 961fdb6492c99b4a3eadbed28e78c4b0 -> 6c887e722e951c2964523825cad70c4c
  custom:scripting/monoscript/fileName/TreeHeaderColumns.cs: 9fc4a0396a421346b8aa3b7788860851 -> 316e5ea62e66b20fd6e687a6b9e5958e
  custom:scripting/monoscript/fileName/MergeOptionsDialog.cs: 25ac62df73845405e13f44e4dfdcf0d1 -> 9250ce23d260ab84f87bd5899c6cf983
  custom:scripting/monoscript/fileName/AssetFilesFilterPatternsMenuBuilder.cs: 8fe5de6e5dc3d42fb7e95de2aaedbf5a -> 0d99e7514c6a33cda8314deed8f34bc5
  custom:scripting/monoscript/fileName/ICallbacksDelegator.cs: 3824b8185f5cd32ad0de995dbcedd1e3 -> 2bfa822de05a601b9fbe2f79d4d317c0
  custom:scripting/monoscript/fileName/MergeTreeView.cs: 143a828a1a236483d3cdc1d010ce9d51 -> 3feb38cec50d3fc7576ddbf07a9a9ce8
  custom:scripting/monoscript/fileName/TestAdaptor.cs: 8d757a7cd1f19e6976312b3b884a590f -> 486cec8559bad7c56adc699f165feb67
  custom:scripting/monoscript/fileName/PlasticNotification.cs: 3629fdff9f054b2013702f5b131b2c47 -> 
  custom:scripting/monoscript/fileName/TestStartedMessage.cs: f3c1a94a591f54531913c8a032d9a4b8 -> ac38229ae4e3c67de75cf9d77c73b95e
  custom:scripting/monoscript/fileName/CallbacksDelegator.cs: c76e06d7a0a6084464f55a923795d8df -> e0dcdade48f633c0a7cebc925bd686c4
  custom:scripting/monoscript/fileName/ConfirmContinueWithPendingChangesDialog.cs: c0e147ff008a0b77c9337132a3ea70af -> 77462b1904ad8f6fee2f8da4523d59fe
  custom:scripting/monoscript/fileName/ShelvesListHeaderState.cs: d3cea237aa496a145829475430d90f29 -> 287f23cbe09ecb9b28ec8dd05ede8846
  custom:scripting/monoscript/fileName/ChangelistTreeViewItem.cs: a4a6f6169cdb3afe249e104e2b7b1a2c -> 87f69636be8bd1a264ec4eac1bffa701
  custom:scripting/monoscript/fileName/PlayerLauncherBuildOptions.cs: 1155187d1390024c0e84b222b67c4059 -> 39352f62028667e3cc8d13371f828f55
  custom:scripting/monoscript/fileName/CollabPlugin.cs: bda741ff77a19affbf276298e29313ec -> ca276d65e7cd77c5c99d9f119ffdb215
  custom:scripting/monoscript/fileName/TabButton.cs: 757146b89ed597b1d75c77241e5d5f63 -> 
  custom:scripting/monoscript/fileName/RegisterFilesForCleanupVerificationTask.cs: 89d04f0389116a1354de9cde88045aa7 -> f18fd2d946c9ea52b8232f47d6d70221
  custom:scripting/monoscript/fileName/LaunchTool.cs: 3ac53c8af1f56365aad9e1ae5366d98d -> 60773d78646dc188d4b2caca77f20b17
  custom:scripting/monoscript/fileName/RunModal.cs: 33b931100ee477e6812324eabaa2e837 -> c83ee2ef642c5d8b8dfd32f033bfc438
  custom:scripting/monoscript/fileName/TestRunnerStateSerializer.cs: 68058e60ab6d5d33b7935f4205c97bb2 -> 7206f4f1eb4c5991ea76b5c39830dba4
  custom:scripting/monoscript/fileName/BranchListViewItem.cs: 8fdaa5aa842f5a70237affa304b9d506 -> 55028f4aef24d6227589aaa95582b2ff
  custom:scripting/monoscript/fileName/LogEvent.cs: a1178cf4bd49345a2f924044f341effd -> 9bf386b9808c16608387e196f7a5e9d6
  custom:scripting/monoscript/fileName/GetAvatar.cs: 07c98163f75f0b7c672bd453fc82bf61 -> 04ffae2a9e5a4c32a119f93144f558d2
  custom:scripting/monoscript/fileName/PlaymodeTestsController.cs: 7726dd936e1c608c494987ba2754eb47 -> 59c9d4597d46ecf4c6fbc8f49c64d0b9
  custom:scripting/monoscript/fileName/MoveAddMenu.cs: 81d47caeb9f49803adfe1627c8ce5bf4 -> 1fbfab870b2e95fdd8a81f6019f764df
  custom:scripting/monoscript/fileName/FindTool.cs: fc3b0710b24078288fe829d0bb041dd0 -> 2f9d82566cfb01fb68fc30111fb47624
  custom:scripting/monoscript/fileName/ChannelCertificateUiImpl.cs: 75d7831ab5da75cc0082e28863abb142 -> cefccf1e13b7bcf15e3c9f2dd4cd2fc8
  custom:scripting/monoscript/fileName/ApplyCircleMask.cs: 02eb67e485278e7c9b719fee5ff90f4a -> b955b378d261fdcbd6272fe8711d1e4f
  custom:scripting/monoscript/fileName/TestListTreeViewGUI.cs: 5d4e7ac9fc0c5382f19d49599ef6cbd8 -> bf873c97e960a33b0be65a5b638e7ff5
  custom:scripting/monoscript/fileName/TestJobRunner.cs: e4deb98063838e020557c338e0bd4ebb -> 1c3d9f2bfcdac33a01c4bb25c392ab4f
  custom:scripting/monoscript/fileName/TestRunnerCallback.cs: 61231fce5590e38bfc5e9165e9803d8b -> 
  custom:scripting/monoscript/fileName/AssetMenuOperations.cs: 131bfc7279b97eba576abe13a47f8f91 -> ebcce67603e288b4a84d49287db6ef5a
  custom:scripting/monoscript/fileName/ShelveAndSwitchOptionsFoldout.cs: 676902ec49ff9c5abb2a832f067966e8 -> e7b216a23869eafb9aecd00a8905fafa
  custom:scripting/monoscript/fileName/VisualElementExtensions.cs: cd98f4a51563fccdfc39eed097290325 -> 0aad2728225c469038631668406aebb3
  custom:scripting/monoscript/fileName/FailCommand.cs: fba5f7b9c1e8d00f41e9076aac4a1d8d -> e0622be95cb9f4c04ff53066589d6d7e
  custom:scripting/monoscript/fileName/LocksSelector.cs: 70b046a562568fd78d093736e68a3a58 -> 7b0f4fc5552c1d92ba7f4648526ceb21
  custom:scripting/monoscript/fileName/ListViewItemIds.cs: 8f6297df34271fdb1ce2d9607ec6261d -> 90647cc400823b41df847a6cbfc29026
  custom:scripting/monoscript/fileName/CreateWorkspaceViewState.cs: 1deb37b3c17c224d9a7dca9c990ea191 -> 0fe23b7cca9336b31a27790c714de652
  custom:scripting/monoscript/fileName/MergeLinkListViewItem.cs: ebc1e6f9e3a3005d8f4c51a794adfdaa -> 3fa407d29597803190dd374d88ed170d
  custom:scripting/monoscript/fileName/DrawCommentTextArea.cs: ad5449f632fd412ac0f7ba0d171fd453 -> c58c26552f95f108a8d9610eaf001fbc
  custom:scripting/monoscript/fileName/TestRunnerApi.cs: b582e8d89da1ce04ff5e8605fa1b5a2e -> b5c17af6fa247dfc791b512a209021d3
  custom:scripting/monoscript/fileName/ErrorsListHeaderState.cs: 9141660c9776c5dac5f980fd03a672a8 -> b961336a4a43551eb826f97c57673007
  custom:scripting/monoscript/fileName/MergeViewDirectoryConflictMenu.cs: d45972e8b5f74223c607a4daa895ff3d -> fad8e1937fc14fd75ca21a68ee1037b8
  custom:scripting/monoscript/fileName/RefreshAsset.cs: 4479d2949a66a97f66d1e550067f3767 -> 5a15c606785f1f54a697bb0d0d846dfb
  custom:scripting/monoscript/fileName/IUtpMessageReporter.cs: 02b26b8c414970dd7d96e6dcfbe9a861 -> e8e6a62b6032a5642706a62156dd8314
  custom:scripting/monoscript/fileName/BoolSetting.cs: d67f952c3a5976591f3e9a9e7356bbab -> 12bf039ccd38b0f4ccfffbec3cbbf108
  custom:scripting/monoscript/fileName/MoraController.cs: 2f2de914d4c2fcb0b78770fe9694f963 -> 
  custom:scripting/monoscript/fileName/IErrorCallbacks.cs: 525b2a3e515b976057d42e4abfcec602 -> fd7a49712e8a919d38dd0fddef8872df
  custom:scripting/monoscript/fileName/IScriptingRuntimeProxy.cs: 207c12828ef43f5ca31b3bcec485e9f7 -> c75af2a6ef439df9f19f151aeb5749ea
  custom:scripting/monoscript/fileName/ExitCallbacks.cs: 716173503afdef0ae4c4023adba1972e -> 
  custom:scripting/monoscript/fileName/CreateChangelistDialog.cs: 774371d4233cc1d394d98dc80507a1f8 -> 386b03e27c951c5f1d63daf7aae486ca
  custom:scripting/monoscript/fileName/ImmediateEnumerableCommand.cs: e79fd27a9b7f6505ae6a4aa7c72274db -> 89dd27d23dccf969b99d79611e8fed9a
  custom:scripting/monoscript/fileName/ApplePlatformSetup.cs: 4b442da1fea709240aeaf74bde720d3c -> 0ceeffeb4378c50fe08ff9b5d16a73f3
  custom:scripting/monoscript/fileName/HistoryListViewMenu.cs: 15a489e494f04a7ea37a587c7601070e -> 29770348599c8d5473b78d72e5741b40
  custom:scripting/monoscript/fileName/MergeViewFileConflictMenu.cs: d7362b83d6b320a0f0ceaf99dbe21727 -> 8fc0f292158abfa71c2c7b3b6f38d32a
  custom:scripting/monoscript/fileName/FilterRulesConfirmationDialog.cs: 5186d89f21d03764f0cca01c2a0122d7 -> 9c91c6c91f20e6d013a753f32343b327
  custom:scripting/monoscript/fileName/LogAssert.cs: 8c30e2367a22f747fb9a538551ddb198 -> 195ab501c85f741ece9ac8b49385dcce
  custom:scripting/monoscript/fileName/ChangesetsSelection.cs: d154d1782ed752b83834c54a0bde3df9 -> 8b9d539af9f7e269bac4e3d79e9ffab8
  custom:scripting/monoscript/fileName/ITestListProvider.cs: 4f1a13a1dbecabb9f7515cef8fe120ff -> 0169c532d74787e64cd4163cd55d4572
  custom:scripting/monoscript/fileName/AssetPostprocessor.cs: 96208057b904410715a8df295ba4f8f4 -> 
  custom:scripting/monoscript/fileName/AllocatingGCMemoryConstraint.cs: 2542b507c3de77a99c0db5c1357ffb65 -> 8b2ed7fbfb529ba318fb8425f7a81278
  custom:scripting/monoscript/fileName/LegacyPlayModeRunTask.cs: 8a159c990fea520d0af36b86d243e79e -> 
  custom:scripting/monoscript/fileName/IsResolved.cs: 67a72533af97b9ab7830798057ab806c -> f54a3e2c5134aa4306f9ad150b1911a9
  custom:scripting/monoscript/fileName/TestCommandBuilder.cs: 7c013615052dfed5e39b8bb914f01cb8 -> bf61faf29c0aea0c4e5d4ac76abaee13
  custom:scripting/monoscript/fileName/LocalStatusCache.cs: a558fcf5f34357bab4cfc7b75e2bb356 -> 30974ea30517fbfd1b93153f6c849a76
  custom:scripting/monoscript/fileName/ITestResultAdaptor.cs: 8d865eb70a8464f5288b9274d9abc979 -> bb9e1bbb2ff45e5a5f11e877a24721d7
  custom:scripting/monoscript/fileName/RepositoryExplorerDialog.cs: 143e7416b576681e1f2ea71288e530e6 -> eea34924da79ad7254f3e141a891c78d
  custom:scripting/monoscript/fileName/Vector2ComparerWithEqualsOperator.cs: b6f6b1f33f1b74ed974042f5e0303f0d -> 1851f392f974d4a42efb0de68a402e9b
  custom:scripting/monoscript/fileName/TestFinishedMessage.cs: 90745d8bb0dd1bfeebb724d118b2d483 -> ccd3538dc4059cd71acd9bfea48dbc80
  custom:scripting/monoscript/fileName/BeforeAfterTestCommandBase.cs: 8f6297df34271fdb1ce2d9607ec6261d -> 90647cc400823b41df847a6cbfc29026
  custom:scripting/monoscript/fileName/Vector2EqualityComparer.cs: c680a095e66b9bf90931050b8b145b65 -> 4ac8b0db10bbdb7ea68d4be944c5b941
  custom:scripting/monoscript/fileName/ITestTreeRebuildCallbacks.cs: c7090567546723c1f0a184a18f5ac1fe -> f952713f83d574a58f719696be7e52a3
  custom:scripting/monoscript/fileName/FileCleanupVerifierTaskBase.cs: 50c4fc5e4ffaa31cb467fc75616b7129 -> 8c0e90b329ac988e22429767c222f3c6
  custom:scripting/monoscript/fileName/UwpPlatformSetup.cs: c89362d564a60469ebbb75e8e12d340a -> b9f50f93de5f547a7eaf96f1bc58a80f
  custom:scripting/monoscript/fileName/WorkspaceWindow.cs: ff52e13cd29dacd66db0169e14f71a23 -> b042f06133312d3bfed176231d97d77c
  custom:scripting/monoscript/fileName/BranchesTab_Operations.cs: 764cb17e9337c58ad4f5304b60b2042e -> 57c33f76c527a5aba4d269245ffff188
  custom:scripting/monoscript/fileName/DiffAndMergeOptionsFoldout.cs: 080cbf9242c0571bafa2e45ef8932448 -> 2810bae564e92b04bc7ebe4e47a2880b
  custom:scripting/monoscript/fileName/PlasticShutdown.cs: a8df8eeeed98372d06e446171a192a6d -> 
  custom:scripting/monoscript/fileName/FilesFilterPatternsMenuBuilder.cs: 28072cd275c96994687e6d4d0d6e1dff -> cf716a8d336c8113475a9ca67a799ec1
  custom:scripting/monoscript/fileName/TestRunnerWindow.cs: beab6dc6591535c1b37ec310f1e15af0 -> 156fc89bab7bdd82ca70e07c9aa9ebbd
  custom:scripting/monoscript/fileName/HistoryListViewItem.cs: 2d3b1fc954b6bdbae298ec250ade0663 -> 96f2b67ec620b83e35d13f11877e1ac1
  custom:scripting/monoscript/fileName/RemoteStatusCache.cs: 00463e6b90cfe7da080d7c266f783980 -> 402d5663f3675e9324c129274b0c00f2
  custom:scripting/monoscript/fileName/EditorWindowFocus.cs: 1012e4e2e29e9b29bdcc03d8b92762a8 -> f258b0cf85078a7435d001e522d5e8e3
  custom:scripting/monoscript/fileName/EnumExtensions.cs: dbfa4dc82972125e904bf705c452c1b9 -> cda0742409c4e8ba02ffb7d89dff3e4b
  custom:scripting/monoscript/fileName/ColorEqualityComparer.cs: 9c477fa3f8fc3439b732377dad0e7a34 -> 9ae684bc4a6b608abc9f7f131bd7cb1d
  custom:scripting/monoscript/fileName/NewIncomingChanges.cs: fc48261878ef7e4b956e7172f5803aee -> 
  custom:scripting/monoscript/fileName/IAsyncTestAssemblyBuilder.cs: f88864ba85e2ec28df36a1a7af1974da -> d4bd9849c11964145b1082a4b1d477fa
  custom:scripting/monoscript/fileName/IsExeVersion.cs: 093723a3ef9cbad630dfdc60c764eff0 -> 9ef63354090e3419637bfe79e3489687
  custom:video-encoder-webm-vp8: eb34c28f22e8b96e1ab97ce403110664 -> 
  custom:scripting/monoscript/fileName/UnityIncomingChangesTree.cs: f774bb8bf0bd45a254894c795843c695 -> 42967773c43d3de5d23be4ddc6dfd9c4
  custom:scripting/monoscript/fileName/RunData.cs: 91eb6697698b63fe6764d1aca25f1f65 -> 772bee3d6504258eed6027a2ae076850
  custom:scripting/monoscript/fileName/ResultsSavingCallbacks.cs: aaf02a1e7a92c3896802c1deb489aa0f -> 96b4b28711ac58ce3dc199f3f7371922
  custom:scripting/monoscript/fileName/RerunCallbackData.cs: 4e0f854372c4476a9269ddc9aa7c8edb -> 
  custom:scripting/monoscript/fileName/UnityDiffTree.cs: 447fc3a8922f56330f4bae8c9dc9a8be -> 1029ffd567bc0e646e6b119719dcb2ff
  custom:scripting/monoscript/fileName/TreeHeaderSettings.cs: 114eb9e27124403e8e111494b8eaf987 -> 662b1714c0fce36da72bbfe60201987a
  custom:scripting/monoscript/fileName/PostbuildCleanupAttributeFinder.cs: 23c3a89f1d3b5b5defeaa7555afa30b6 -> a060814a414a9bab17671800d815861d
  custom:scripting/monoscript/fileName/UnityConstants.cs: 323df5e3c80d05e06517581c776fde34 -> e3d3c3e11a194da9e5bbbfb97087a7bd
  custom:scripting/monoscript/fileName/IsExeAvailable.cs: 3e4283303610c884e542b8f6d3e922d4 -> 4a3dbc5ded94087064afd97407f26631
  custom:scripting/monoscript/fileName/LoadedTwiceMenu.cs: 961f9b82936caa7937046ac23d323c2c -> b54aa2e14eb740621bb6f926af7cb8ef
  custom:scripting/monoscript/fileName/IRemoteTestResultDataFactory.cs: c24506e6d6305475bf6a430f77ac582f -> 75d430448dca0118dc834f9aa964be1e
  custom:scripting/monoscript/fileName/TestRunnerUIFilter.cs: d43f81399e97649a77164015894ec5cc -> 15cddad256d0a7abe9cb58af110bbb72
  custom:scripting/monoscript/fileName/AutoLogin.cs: e67ed70aada38469aeb667115929c368 -> b4cb98371fc38cca00d7123b7e649e12
  custom:scripting/monoscript/fileName/DrawMergeOverview.cs: 1db93bf179b38015949e3a3cb6ef1bd3 -> 49e0e525c3c170f79c20dc6779b7ead8
  custom:audio-decoder-ogg-vorbis: bf7c407c2cedff20999df2af8eb42d56 -> 
  custom:scripting/monoscript/fileName/UpdateReportLineListViewItem.cs: a101f0ba5292fc139445870b3f4af838 -> 9f63395e1ea590dbbab4d59cd0032ac4
  custom:scripting/monoscript/fileName/DrawSplitter.cs: ec7e8739eacabcca3e2946d9833eea0f -> d2f114a8e8e4167f7762d835a83b2f55
  custom:scripting/monoscript/fileName/IAssemblyLoadProxy.cs: df5d93b09382b84c770bb8c70be641c2 -> 10a2bd4f9f1d29ac107ff7e510533c16
  custom:scripting/monoscript/fileName/LaunchDependenciesDialog.cs: e1c527862a66e73f0417ae177d7fdfb5 -> 2cabf22eb95430074b6c730a84e03493
  custom:scripting/monoscript/fileName/EditModeLauncher.cs: 9a2b5bcdc6140673378e5f8105411606 -> 
  custom:scripting/monoscript/fileName/CredentialsResponse.cs: 96b135ae1c4ea541dc762170ea524fa9 -> 3dd2507693e56dac75ee7783f598cbb9
  custom:scripting/monoscript/fileName/GuiHelper.cs: ce709a7d3615bce262722b2ac52d710b -> 7bbb51d455f8994ae6185c7dee04068a
  custom:scripting/monoscript/fileName/LaunchDiffOperations.cs: aeae601320588a70eea7590a2f7e0f69 -> 871a0804a9fe2d9f2ad088303a89a63e
  custom:scripting/monoscript/fileName/PlasticSplitterGUILayout.cs: 111849f67dfbfea65ad2a9298ad1654d -> 
  custom:scripting/monoscript/fileName/TestFilterSettings.cs: 5275be823d4854688aedadf9bf48dfa8 -> 
  custom:scripting/monoscript/fileName/PlaymodeTestsControllerSettings.cs: e4d6c3f42e8f4d17c80242b34c68fd06 -> 90cec9ec9d50d9e797d7b80fa88b49ed
  custom:scripting/monoscript/fileName/CheckinDialogOperations.cs: 0b2a2cd4c41cf1865a29cf91b2a96a48 -> d032d69e8060311c06b88286e8f22ddd
  custom:scripting/monoscript/fileName/StacktraceFilter.cs: 0a3b08d5dc42e75c1d72e2851ec00d95 -> 2f4728b5b8f653bd2197ec8c4b722e7d
  custom:scripting/monoscript/fileName/PendingChangesViewMenu.cs: 68fab310addfd7068cfd7920070496ff -> 9b0019b6df6bb14eb3a2dbafa53fb54b
  custom:scripting/monoscript/fileName/SettingsBuilder.cs: 2166bdf8e77dc5f252cf6909a9196c25 -> 9aeeee75a181ed82e0343a1fb6b9cead
  custom:scripting/monoscript/fileName/SetupException.cs: fa81854dd78d6f47fd79d813aacdb097 -> 38724dd55c58f65b09d9fda4b6161021
  custom:scripting/monoscript/fileName/AssetsSelection.cs: 35cec24e81f0cb1de51daeb356abc4ff -> 0227d7ff4d5687932d10967a945a9b06
  custom:scripting/monoscript/fileName/EnumPopupSetting.cs: 8f6297df34271fdb1ce2d9607ec6261d -> 90647cc400823b41df847a6cbfc29026
  custom:scripting/monoscript/fileName/PlasticConnectionMonitor.cs: 920e8e381bfc94da8bb69d336dda57ca -> 
  custom:scripting/monoscript/fileName/HistoryListHeaderState.cs: 6226ef13a567fa81584864f8698be331 -> a87e0364d14866c369ad50d669bdfa85
  custom:scripting/monoscript/fileName/EnableSwitchAndShelveFeatureDialog.cs: 2cb9334d072aaff777efab2d72a2583e -> 03bdf2f298649e7c429ac90c7a3c461a
  custom:scripting/monoscript/fileName/CloudEditionWelcomeWindow.cs: c886fdb39f4b8787e6ea3701a8f88f4a -> b1721e471183956468462f6b64901640
  custom:scripting/monoscript/fileName/AssetsPath.cs: 367269acf8f676d2cdd30fdc387b3920 -> e0e986124adc46d913f0683c34b88c9f
  custom:scripting/monoscript/fileName/LogSavingCallbacks.cs: 273a5ca581d39891e634ebf18363d22c -> 8eb93b3e2c76ea1a8acb6e2d0b5c5f91
  custom:scripting/monoscript/fileName/ITestAdaptorFactory.cs: bdc8323a65aed17f1190c56e7c6cfc5f -> 0cef1125679c38dd172e82c8aed26eb9
  custom:scripting/monoscript/fileName/MetaPath.cs: 1f80313a7ce6ec6ece505285578f5745 -> 417a84eb354831f828a6752b26c8592d
  custom:scripting/monoscript/fileName/TestListJob.cs: 12fc4e0dee9c9032467b6469e3bed3a6 -> 3a58b9c1d09f7f4ecb41254c8497b5c7
  custom:scripting/monoscript/fileName/AssemblyWrapper.cs: 27441573157e5964a8aeb7d356d13908 -> 888ba979193ec837feef9add74101219
  custom:scripting/monoscript/fileName/CredentialsUIImpl.cs: 90e9c2de8d7bdd8424e0d89c415108ae -> dbacf67c37819fd95562fe169e706732
  custom:scripting/monoscript/fileName/Executer.cs: 115c3fa08937a7411c01dd40a690d19e -> 3f667ef14fa1c500658713b8aa31fd85
  custom:scripting/monoscript/fileName/FullNameFilter.cs: 03e8efaa11fd7332f02cf89719dd5868 -> 7c49c279cb0d631ca64d8b7d70065d9c
  custom:scripting/monoscript/fileName/PlayerTestAssemblyProvider.cs: 4e1569ec89688dc213248db31fc5f2f8 -> cbdd04f669e4e0054bad4f9d3133a10c
  custom:scripting/monoscript/fileName/ChangesetsViewMenu.cs: b720f0168f4ce1b1e0d358a6d5ec9a42 -> 7d1a2de81910b5990e71a0bfff26fdca
  custom:scripting/monoscript/fileName/AssetPipelineIgnore.cs: 0d6998b45aa259f19df735cf43f30691 -> 09786e27e9aef22fa608d3ec356f88ff
  custom:scripting/monoscript/fileName/UnityPlasticGuiMessage.cs: 2a7f71f59c0d7dc731fd345a3713957c -> 24eef0792e3802809607a7f9d04b8f1d
  custom:scripting/monoscript/fileName/OrganizationCredentials.cs: ee462057b3bd23cc3dab953ac4d656e2 -> 0b123406cadd651e9adc01c85fab5124
  custom:scripting/monoscript/fileName/PrebuildSceneSetupAttribute.cs: ab58680b1420f8e2f2a2597e848d8216 -> 7863da9f66129a3cef8eac0a1f19b990
  custom:scripting/monoscript/fileName/StatusBar.cs: 2c8c488a8bbfe924f6b53b202ff6aadd -> 
  custom:scripting/monoscript/fileName/IsCurrent.cs: 7343ceec4312304bb8b398eeb6c375fa -> cf1fd01890d0fd9f011c1a1a491e2cf0
  custom:scripting/monoscript/fileName/Message.cs: 6525f110369b368a724db9468ed4c271 -> 671a789acb2c7a93d0b620fe02979957
  custom:scripting/monoscript/fileName/TestTreeViewBuilder.cs: 8dcd834c64e4c5915b417a6eadea3b2a -> 6e6e33e8d70cf17e89715badfaf4fed5
  custom:scripting/monoscript/fileName/EditmodeWorkItemFactory.cs: 59e0f470d3c4d6fcf2997a182c89bbcb -> e9c8ba8d2a4b7d9a886e64626b2e6205
  custom:scripting/monoscript/fileName/TestListenerWrapper.cs: d3b4dda00570273ec0c1794249fac5d6 -> 9bd83ba3a6a675f3c605795064caa62b
  custom:scripting/monoscript/fileName/ChangesetFromCollabCommitResponse.cs: b986ab8b1acd322b0367812e2d541734 -> ba336e4117e1b7ee28e4c17197bc3d0e
  custom:scripting/monoscript/fileName/MoveToChangelistMenuBuilder.cs: 3a2ef8cb0baf69e5dadeafc731fe32a9 -> a90b3e388d3e1316fa104d4c9a03e2d1
  custom:scripting/monoscript/fileName/LoadingSpinner.cs: b3299af90b664a9f42123e7df43fae24 -> 6aff0ac022d117a8e24a7b5e4b11904c
  custom:scripting/monoscript/fileName/LocksTab.cs: 134c512484ae73354c15c06a6dc69f9f -> 00ffb5a39c16fdc2d733c7e53471a3a9
  custom:scripting/monoscript/fileName/BranchesTab.cs: 764cb17e9337c58ad4f5304b60b2042e -> 57c33f76c527a5aba4d269245ffff188
  custom:scripting/monoscript/fileName/ExecutionSettings.cs: 3e46076abe70bbfac850fc39d98561b1 -> bbd5f229f5dcda0d2d7d6fe8eb266a59
  custom:scripting/monoscript/fileName/ToolConfig.cs: 18b1ea271ce5e7b6deea7b4e8e175269 -> fcffc3165b047f54ed6ccafa4c8760dd
  custom:scripting/monoscript/fileName/DropDownTextField.cs: e66e7314096900597993d2b353757d8d -> c8fc484ce140049ff31ebc2c6cbebf28
  custom:scripting/monoscript/fileName/CallbacksHolder.cs: 064e7d359062664728ef608c9f03a07c -> 8b4255bb9b31589c4c3dd9303007381d
  custom:scripting/monoscript/fileName/AssetsProcessor.cs: 47679a6e15b70f4fef48eb1b2df31b19 -> 18737889e95cd4088e8dfd4153fa8f40
  custom:scripting/monoscript/fileName/DrawActionButton.cs: d847a7d82ac92cab2b3d0ae268cefb3d -> 81e6708d2b8fa199354e53f85db731a8
  custom:scripting/monoscript/fileName/TableViewOperations.cs: ddc7b903e0dbd6bd109f2bd709b95f0e -> bef3a31deb1fe794a90f767d16e4c868
  custom:scripting/monoscript/fileName/CategoryFilterExtended.cs: 4662b13a61207dc88937c796423baa70 -> fc9bf6f795e045112c18a4c1343c1ae1
  custom:scripting/monoscript/fileName/UpdateProgress.cs: 5b04f01bf199310f09ab9522f89c78f4 -> 281e1e05168d6a30be1d8d2f6200bef8
  custom:scripting/monoscript/fileName/RequirePlatformSupportAttribute.cs: 7ce6733bee18de599a69cb974c92fdb6 -> 6918694e41aa1ffd5ee72bd04646d4bb
  custom:scripting/monoscript/fileName/OrganizationsInformation.cs: b3f0758c6655b2dad1161792812992fa -> 5f067ea8d90fc79055a3dcfd58ae6dca
  custom:scripting/monoscript/fileName/ChangeDeleteMenu.cs: 652dcd6f863c509bfa0376b6d95ab1ec -> 4fefe66d6e279ce0ac2fdc57d409f232
  custom:scripting/monoscript/fileName/SubscriptionDetailsResponse.cs: e10e0299ef716630c63b8cf5f792cda0 -> e5121cec860a6d1097cc809217b3d8fe
  custom:scripting/monoscript/fileName/ToolbarButton.cs: 47dc767626bbd94d66707af31ddc5eb6 -> 
  custom:scripting/monoscript/fileName/DrawProgressForDialogs.cs: 5f8d39e3ea7c4a42148c6b1a7b4ca061 -> a5f2abd8875e7a6afbc171fabfbae81f
  custom:scripting/monoscript/fileName/TestPlatform.cs: 1e3283087fad58204285b5e9c2e16b4e -> 63c69f9b78d9a1c2cdf167569fd572b6
  custom:scripting/monoscript/fileName/ProjectViewAssetSelection.cs: 349dc288d32791de51156d4e59000b7b -> 2560eadaf6a13a74a46a4a207cd5a8b6
  custom:scripting/monoscript/fileName/DrawTreeViewItem.cs: cceebc4f1185658619e40964f29acb08 -> 0921a62a588ab864253743d1f07afb5a
  custom:scripting/monoscript/fileName/RemoteTestResultData.cs: ff93ebb056d1cf8fdc7e897597b04ef6 -> 68a2b51f8872b9ef697b2155d9835735
  custom:scripting/monoscript/fileName/DrawSceneOperations.cs: 2426c0c2ee58cd28be59874f6425940c -> d87f46f9fb97181a2f51490ea2e1efc3
  custom:scripting/monoscript/fileName/IMonoBehaviourTest.cs: 272926e14fa72b11b0070eae8b5853ef -> 93dca3fac2d68012529173d3e7bc10a2
  custom:scripting/monoscript/fileName/CoroutineTestWorkItem.cs: 8fab9934b84f896f44392a777ae472de -> 8a69ee5c1adc29acc0a66cb7df14cbcf
  custom:audio-encoder-webm-vorbis: bf7c407c2cedff20999df2af8eb42d56 -> 
  custom:scripting/monoscript/fileName/DrawActionHelpBox.cs: dcd6ec2e7fb1b44f22c4a79ff87b70cd -> c8f6be9dab1e6f8d71e0c63c29679186
  custom:scripting/monoscript/fileName/PendingChangesMultiColumnHeader.cs: 21802cc6929e0e180fb4f0be8e34d9d0 -> 722de7d6e07a79981d750438e6febb8f
  custom:scripting/monoscript/fileName/EditorDispatcher.cs: c739e073a8c38dbcf59192f45d1004c5 -> 3c402eae57d73cc54863f3f6a13096ae
  custom:scripting/monoscript/fileName/MovedEvilTwinMenu.cs: ce111941dc7264d29598ce7fd2770927 -> d480b839850d28c1c9526cb587fc752d
  custom:scripting/monoscript/fileName/UnityWorkItemDataHolder.cs: 5e123fac5cc49e9acfe91048eee308ae -> 94e44d74f673f889418b2b9926b6615c
  custom:scripting/monoscript/fileName/ICallbacksHolder.cs: e330f681a4da017eb82339063a410722 -> 790e89a97c8150c3044e584386d3ba9a
  custom:scripting/monoscript/fileName/PlayerLauncher.cs: 7004f613ecfe1e179e7b362c88c3ddb7 -> c1129f48ad00377c128c470482bb7e8e
  custom:scripting/monoscript/fileName/UnityCombinatorialStrategy.cs: bd44b85caa82e1f08c977cc9d9157c40 -> e857e6faada8b59173cb249a8a6be6fa
  custom:scripting/monoscript/fileName/IIncomingChangesTab.cs: d4ceabdc48d8a1872bbe87f04d89a4ff -> 40644cd18074db84684b9e437bf8fa77
  custom:scripting/monoscript/fileName/CoroutineRunner.cs: bb2107d11619bb60075736a2632662be -> 06bef19f6905915189ed09a2db9f2885
  custom:scripting/monoscript/fileName/ConstructDelegator.cs: 7526886647893577a45527c0f6393600 -> c271ca33e5434ac87e82546dd149c303
  custom:scripting/monoscript/fileName/UnityLogCheckDelegatingCommand.cs: 109adc74b3ab14d952109f6ed35bdacf -> 410acedf83a5c4e9d5a212b5635d0c88
  custom:scripting/monoscript/fileName/GetChangesOverlayIcon.cs: f00e4b795697c6cf3092760f3b6fc49d -> d599d6efdee28305661bc0cf6683858a
  custom:scripting/monoscript/fileName/ShelvedChangesNotification.cs: 13b6a2ccd8b4ac1f5ee30c8404cea3b0 -> a27e9e7b242b904f41fc1b16d3a1b3fd
  custom:scripting/monoscript/fileName/ILogScope.cs: dd29c4b8ed4c54280ca787c474cdd843 -> e99dd640a2ac2c8b1c0c97725f23440d
  custom:scripting/monoscript/fileName/EvilTwinMenu.cs: 475a88947051822ca4915306469f9bcc -> 919e4faae0573e49949f6dfbb5a733da
  custom:scripting/monoscript/fileName/ChangesetsListView.cs: caae0aefb36c869f50691482a5cd0944 -> 87b74e0d80cf59010f55e2baaeb6679d
  custom:scripting/monoscript/fileName/UnityWorkItem.cs: 03c602cd83845fe6265dc83816099666 -> ce02ef2c77c866afeb6c04a89a364a8a
  custom:scripting/monoscript/fileName/UpdateReportListView.cs: 2d8fccdaad50bbd7454b52cf9cb4a0f9 -> 08d26df1ab6c3a7628addc5e54e50b08
  custom:scripting/monoscript/fileName/IAssetsDatabaseHelper.cs: 8bbb0e39e3cfde6c5b6c11074d90971a -> 4f8027cddf715e38f75ab454f20fe051
  custom:scripting/monoscript/fileName/UnityConfigurationChecker.cs: 59a8f0715a7c89a752351bf42f94abbd -> 874cd65cce0384fef4b60e71fb08a429
  custom:scripting/monoscript/fileName/EditModeRunner.cs: 0c2c70d0e910f1733ef8492efbf3dda1 -> f1ceb581ae48e42ca32e80f796ce45bc
  custom:scripting/monoscript/fileName/ConstraintsExtensions.cs: 19d048a2938a4b2b178e7e91279126b7 -> 89e01f1f8de15d891db3bad70117d924
  custom:scripting/monoscript/fileName/UnityTestTimeoutException.cs: 7c70971bbddd1caf6485b8c5b935d369 -> b7ec28ea102309dc20886c45fff1e1b5
  custom:scripting/monoscript/fileName/TestRunnerResult.cs: 2b3fdbda67626b6faa7139ccea15b17a -> 613fb3e1dfef14aa9d5aea2cd635ffff
  custom:scripting/monoscript/fileName/UtpMessageReporter.cs: 6f35c7d2ea8786c1fd8fe557180d6c38 -> 1ce82c57220e51532d6b3e5da0cecc24
  custom:scripting/monoscript/fileName/EnumeratorStepHelper.cs: a2fa98a2f974f377b9c2905ce60dea0f -> 05022a723dcf173476ccb43403871168
  custom:scripting/precompiled-assembly-types:Assembly-CSharp: fbf05a549b38607c0cc1635b70b4c93e -> 20cdaaa988618e7c32f4baf96f88c255
  custom:scripting/monoscript/fileName/PlaymodeWorkItemFactory.cs: a61a7bf2d749182a50c049a0ad4afb89 -> 8bb2d7c0ad22b08cf17b1748007ae8c3
  custom:scripting/monoscript/fileName/CheckWorkspaceTreeNodeStatus.cs: 5e11ff64963669981115eb58dc2b6e8b -> 1e1255b803bf7cbc935bb804bf0dbe7b
  custom:scripting/monoscript/fileName/RemoteTestData.cs: 5baf4798e5344c86aa4ccafb41b2624c -> 51ba1ddd57fb71948e60067806b9cfcd
  custom:scripting/monoscript/fileName/TreeViewSessionState.cs: 8333273b312d475b653610e2871c20a5 -> 9f39a2ca55a7481b8ba078d3a2b6815e
  custom:scripting/monoscript/fileName/StadiaPlatformSetup.cs: 589eaf4f5c2f63a79deb4c2735e3b746 -> 27e00e91e04b4888c1d6354fa4baa6a5
  custom:scripting/monoscript/fileName/ErrorsPanel.cs: 21fc210ee17d5e95782397ef8c7dafab -> 515b7ba9af5e7885ba3068b1d63c6104
  custom:scripting/monoscript/fileName/PlasticPlugin.cs: a57c142b98ca3d4daad221737fd72924 -> c64561980f26020cc3206ae8b1047268
  custom:scripting/monoscript/fileName/SwitchModeConfirmationDialog.cs: 4d9c02587760213784bfe53d012122b4 -> 30cd71d0b3ee4b2689cde689908d301e
  custom:scripting/monoscript/fileName/PlasticWindow.cs: fc467478941f610919bc69526ba2c215 -> 
  custom:scripting/monoscript/fileName/LogScope.cs: 51679d4f7708329af3d47e56656f8988 -> a032a8edefa3a04276b9f24e5047f2ac
  custom:scripting/monoscript/fileName/PlasticExeLauncher.cs: caa0b5dda5df50c85bb19d27252d16b9 -> f1da27253760250030952f02cb54965a
  custom:scripting/monoscript/fileName/TestPlanMessage.cs: 15cf5225dc1e7b1718be35fb09144b5b -> 6199b0505360321c39d00a607adaaf8d
  custom:scripting/monoscript/fileName/ITestRunSettings.cs: 7462715f6a540bde0acfd50948410d32 -> a5342276210c7f86635118880184dc77
  custom:scripting/monoscript/fileName/BranchesViewMenu.cs: 8089f11c30784e2e57775dd6cdbae898 -> 7bfc83e917c9b0b5aa423bb947ce2a38
  custom:scripting/monoscript/fileName/CooldownWindowDelayer.cs: 7816cfcad485500dbac9993c4502ea69 -> 4c95e39c8dd4cfa1bca106097fdb6524
  custom:scripting/monoscript/fileName/SetUpTearDownCommand.cs: 2a0e8cc178919ce84c52af1a4ddfce30 -> 684e5d1c75373405f8a6c9575324286f
  custom:scripting/monoscript/fileName/EditorEnumeratorTestWorkItem.cs: 7bf37d3cd666bc3e840f63f05aae4d05 -> b8f886476b7c18f3c1cdeae30ec0c8ea
  custom:scripting/monoscript/fileName/GetInstallerTmpFileName.cs: fa7bda723ac795b48e38504727f44981 -> d09e0b5c7a9af5874530e17ef23025f0
  custom:scripting/monoscript/fileName/AssetModificationProcessor.cs: a602c9e59e7db185e3a0d68d986e6fef -> 
  custom:scripting/monoscript/fileName/IsCollabProjectMigratedResponse.cs: 4c3294c6a51e6f42161d191230692016 -> af2b76c693935deee55cfcaed2aa7568
========================================================================
Received Prepare
Refreshing native plugins compatible for Editor in 42.87 ms, found 4 plugins.
Preloading 0 native plugins for Editor in 0.00 ms.
Unloading 1 Unused Serialized files (Serialized files now loaded: 0)
Unloading 1 unused Assets / (3.1 KB). Loaded Objects now: 4973.
Memory consumption went from 82.8 MB to 82.7 MB.
Total: 4.615800 ms (FindLiveObjects: 0.439500 ms CreateObjectMapping: 0.209800 ms MarkObjects: 3.914900 ms  DeleteObjects: 0.050100 ms)

Prepare: number of updated asset objects reloaded= 0
AssetImportParameters requested are different than current active one (requested -> active):
  custom:scripting/monoscript/fileName/IPrebuildSceneSetup.cs: 086a540b86c9ccf5ce0a23935a64c98d -> c89711320cb5af11897ec50fd61d4419
  custom:scripting/monoscript/fileName/BuildMergeTabParameters.cs: 2c923f29302a39560b4301c3fd163a7b -> 
  custom:scripting/monoscript/fileName/IncomingChangesTab.cs: 8a20aca125f6d4b837670edb6e36bc05 -> 82bff1d960538992d4e618d909869d2e
  custom:scripting/monoscript/fileName/EditorAssembliesProxy.cs: 23426c61d1cfec53ec65b1ed2f77c773 -> ef0f2d44f3e723650bf58ba30866667b
  custom:scripting/monoscript/fileName/OuterUnityTestActionCommand.cs: eacf156fb6f74d2f6b697bf47e9a72eb -> 36c13d7d2a2c5c2f372e7b1c0cc06d4d
  custom:scripting/monoscript/fileName/TestJobDataHolder.cs: 1e3b4dec54d5610ff8a852c0a9fccf2b -> 2c9edeeac80ff44e86cac8087411d260
  custom:scripting/monoscript/fileName/DiffSelection.cs: 34faf7c86f7e0c9a01162e930679d82f -> 1460aaba4240ef35322cb9c198487990
  custom:scripting/monoscript/fileName/EditModeRunnerCallback.cs: 8a8dedaa2bec26f26744df4ec8e2f191 -> 
  custom:scripting/monoscript/fileName/EnterPlayMode.cs: 3cb26e64a9bc927aa1556d517c8e8a78 -> c730bf9ff77514bb260ba9933378e49c
  custom:scripting/monoscript/fileName/Filter.cs: 18ef22850e69a0e3e97548ae5b255f92 -> 935824dbebf762a19f2d4c4751625fe2
  custom:scripting/monoscript/fileName/DrawStaticElement.cs: 6cbd346d4a1be2ee84c9ebe55a7f9f79 -> 5765d84d60602f16f5577bf0b7fc6b96
  custom:scripting/monoscript/fileName/MoveDeleteMenu.cs: f1a7b8a8be76c035d934c51863f3b934 -> c4ad4528e772c33a6167006886a8d1da
  custom:scripting/monoscript/fileName/DialogWithCheckBox.cs: 738e3e0af97e826e16805dda77e5f009 -> 
  custom:scripting/monoscript/fileName/UnityTearDownAttribute.cs: 4a3d30720366843ca221fd554845c187 -> d90d4ba0821a80f48bd6cec8eab8964f
  custom:scripting/monoscript/fileName/DateFilter.cs: de3aab0283a2b4a1d4d64145b14132d5 -> 3a6cb8c2e3ffbb5a9052e322ee5bf411
  custom:scripting/monoscript/fileName/RemotePlayerTestController.cs: 83176596b43ae79e65d8c3ccfd7c1c75 -> e65e7856c7b5238a13243fffbf64f7eb
  custom:scripting/monoscript/fileName/ConditionalIgnoreAttribute.cs: 507a506f130880469465e0381c429447 -> 9f2f3d4c6b56d5f470ccdd0e1820d51b
  custom:scripting/monoscript/fileName/TestMustExpectAllLogsAttribute.cs: f1224ac9ffb401dcd2c905e6a783da06 -> cdf1c75549affd080e0ddbde5bcb7c34
  custom:scripting/monoscript/fileName/TestBuildAssemblyFilter.cs: e3ae3b9dfa7b065b08d520845d4f070d -> 056870da734fd8ecf77d00737a22149f
  custom:scripting/monoscript/fileName/ITestRunnerListener.cs: 07f2f49d67775d1bad20bc1589a5769d -> d52675266925b8e603f210be3981d59b
  custom:scripting/monoscript/fileName/PerformInitialCheckin.cs: be22d181e456c0a8a5713675f29ac72a -> 8ef9a9f407b8b94b2b5fad9d24e61f79
  custom:scripting/monoscript/fileName/ConflictResolutionState.cs: d9394655856a9fc1a0b280bc997bac16 -> 74a230000ff2fd58c5a60ab4258207dc
  custom:scripting/monoscript/fileName/IEditorCompilationInterfaceProxy.cs: e8a39ed00046a7b93647d4de1a3e0e00 -> b1e49de3ac2ed1feea91c5f6846d6e49
  custom:scripting/monoscript/fileName/EnumerableRepeatedTestCommand.cs: 229b55de651d474bc2ca3733382eef36 -> dbdc4517e80e66a31f48ce40e06931f2
  custom:scripting/monoscript/fileName/FindWorkspace.cs: 39bbd18bfe6bf4a99f5c185dcda4dd4a -> 6af6c9e9382fef881c020ab184e6f7f5
  custom:scripting/monoscript/fileName/CommandLineOption.cs: f2f0dbe72e14e05a5259c3e6cb3ececc -> 211f73ad4421274a5a418608b74cc839
  custom:scripting/monoscript/fileName/IPostBuildCleanup.cs: 7bc004ae26b110cd32d3401b0981f815 -> 8d43f6dbc44addb43106f91d15047771
  custom:container-demuxer-ogg: 62fdf1f143b41e24485cea50d1cbac27 -> 
  custom:scripting/monoscript/fileName/TestListTreeViewDataSource.cs: 8b5a59ec2d06d36e63ce53a34e1d591e -> 153f0d5d9a6099f80f6d26e9c0ad6b7d
  custom:scripting/monoscript/fileName/CheckinConflictsDialog.cs: d3af1d70d3f60a9847d2942647274222 -> e13fa04a97fb675842c94586fc602871
  custom:scripting/monoscript/fileName/CommandLineOptionSet.cs: 6bb45bf9141d4fec50aae5aa4651fa84 -> 57b6c3812f217f48a5cedf066a216cfd
  custom:scripting/monoscript/fileName/ITestRunCallback.cs: 0ac8617cc2dc9780c575b6eb03f6d505 -> 7d90e4d27cccfe89ef24a93578e15a74
  custom:scripting/monoscript/fileName/AuthToken.cs: d22b2893825e943bc1389be142abd57e -> 0fba7e8eb1ec8b699f274cdc956451b2
  custom:scripting/monoscript/fileName/ProgressControlsForDialogs.cs: 6bf8e69ac7dc2163fe988e5d8181ce88 -> 7e6bd1727985204e3b64e1946e589b1c
  custom:scripting/monoscript/fileName/AssetStatusCache.cs: beede06d8a6d93e7907fd192ad653f2b -> 260d5f85663ac58b2a7e9553c453bc3e
  custom:scripting/monoscript/fileName/IEditorAssembliesProxy.cs: 81289fa7514ad1168ecb67afff27720d -> 8586f95fda82b1fa948b8ac0ebb50a9d
  custom:scripting/monoscript/fileName/AndroidPlatformSetup.cs: 56c28d48cf01b1b2c96f64a6827ffac4 -> 67d5fa212608c900d88b1544a5f49997
  custom:scripting/monoscript/fileName/OrganizationPanel.cs: d7ac1288bef1b15a05bb26d201a4d87f -> 57a57e6a345dbd536e91c348b70943a9
  custom:scripting/monoscript/fileName/ChangeCategoryTreeViewItem.cs: efd70108e1f6ff61ed2723220486adfc -> fd14db176fff061715c8ec88ced1902f
  custom:scripting/monoscript/fileName/CurrentUserAdminCheckResponse.cs: cec2f173fe8732108711c497674c6f66 -> d57c2dcace740834acd59fdfbc5023b8
  custom:scripting/monoscript/fileName/RenderingOptions.cs: a84cebfad0b53e3dbf0202be3cc1d6d3 -> 
  custom:scripting/monoscript/fileName/WorkItemFactory.cs: 9cd58300f748e3250316447e9d2a8d06 -> d8b2e380888ccc980a475a01f04d7a45
  custom:scripting/monoscript/fileName/UIElementsExtensions.cs: a191d7293be4538b0adb29dfe5b06a46 -> 52e0d612ab032e4d22e9558b90396b99
  custom:scripting/monoscript/fileName/PlayerLauncherContextSettings.cs: 89c041e42e3e6c336ae4ddeb40f2d12f -> 3c0a34dce28ade8f88b3e213fadb0738
  custom:scripting/monoscript/fileName/CreateBranchDialog.cs: c429477092287209232592c8cde1a615 -> 9eb29fda08033b4f847247136c412db6
  custom:scripting/monoscript/fileName/RunSettings.cs: c8ba576640d505c59ca4d995eb1b55e6 -> 6770f3fdaf287e73ff6c63f28a5a7e92
  custom:scripting/monoscript/fileName/UnhandledLogMessageException.cs: d6d6ca25090fc3eec22959040bde30f3 -> fa6ee6fe2a221a71f213304ae56898c7
  custom:scripting/monoscript/fileName/EnumerableApplyChangesToContextCommand.cs: 7e82e96f40f2bf4118aab6f6aef1d287 -> c2aa6cedc66892dd581c50a4d9b6a147
  custom:scripting/monoscript/fileName/RecompileScripts.cs: 33cdfe80e47d8b05e5ee4c6c33b4993e -> 73e345449efb1420f34aad9debcdf2bd
  custom:scripting/monoscript/fileName/DelayedCallback.cs: 4d96f98a05296a6e495fa9916bc0a91b -> e88c5396d33adcd6404b4cb8a051b2b1
  custom:scripting/monoscript/fileName/OrderedTestSuiteModifier.cs: ddbca70bf46f5e4ca706b058ef23253f -> 6a8006d91a7636d39c6731494060c3c2
  custom:scripting/monoscript/fileName/DrawCreateWorkspaceView.cs: 6422239d8f649480614f0dd4f018b7f2 -> c6039ac84d85ab3926aa94de163a9f7d
  custom:scripting/monoscript/fileName/ProjectPath.cs: 5634ebdbea8ca94089eb9622d1b60497 -> 2007f972d3a73eeb86dfe05e849c7f69
  custom:scripting/monoscript/fileName/SSOCredentialsDialog.cs: 8967ceae1bc195ea8dd32b23c42dd852 -> e140ede12a96f68f30062138385171c3
  custom:scripting/monoscript/fileName/DefaultTestWorkItem.cs: df6f5a85dcc29cabfe426927cfff8766 -> f906b4fb5b78cb9d23a07212620919d9
  custom:scripting/monoscript/fileName/TestRunnerApiMapper.cs: 213999ba10693518027e8ab0204d1885 -> 241489454095fad1d1d89166ee62820f
  custom:scripting/monoscript/fileName/LegacyPlayerRunTask.cs: 328c044124055242f6ddb7aa596ab1d3 -> 148e0500b0761261bc418d25c26e82b1
  custom:scripting/monoscript/fileName/Vector3ComparerWithEqualsOperator.cs: 6b9a33545ada02177d266ed1f5b19290 -> c497cde63ec72672e5f69e70b932688f
  custom:scripting/monoscript/fileName/IGuiHelper.cs: c60290192a780a358cb4d2eed657f7f8 -> da57d3fb0f8ace42d5b01eed25e9e3d5
  custom:scripting/monoscript/fileName/DownloadPlasticExeDialog.cs: 2dd40c53d0303d041a27a44a95c331cb -> 093cfe0607c2346a88cdfdfe1435614f
  custom:scripting/monoscript/fileName/GetOperationDelegate.cs: e719058321e4f2be94be212e42f097c8 -> 
  custom:scripting/monoscript/fileName/OutOfOrderExpectedLogMessageException.cs: 22c4a953865c583fd55d80a54c5d6c18 -> 4ff78bac16cc86124e588c20ad3ddba7
  custom:scripting/monoscript/fileName/IPlatformSetup.cs: 9a0668684da27d1ddefa88d99d869448 -> 6f20476898784a15f8b8eb28653a67fd
  custom:scripting/monoscript/fileName/TestTreeViewItem.cs: 3239fe248332ddd6a904d9cb0680e538 -> aae3d62f4daf680133c1c18c7814d15e
  custom:scripting/monoscript/fileName/AssemblyLoadProxy.cs: c6dff8352382292b9959041d98303a41 -> 0f3a4ee005eb8f7b33161c2ba6196e00
  custom:video-codec-MediaFoundation-h265: 746d11721c4dcdbdad8f713fa42b33f4 -> 
  custom:scripting/monoscript/fileName/SaveUndoIndexTask.cs: ab03f94eed1b9c2e86cabe91ffdb6ab8 -> 6e0bcd5f418cf8184993174ac732fff4
  custom:scripting/monoscript/fileName/TestResultRenderer.cs: 9bb52db8cdd7fbc7b27d62af73d00df8 -> 2e8123de6d2eea4d42efb7a87e150b27
  custom:scripting/monoscript/fileName/WaitForDomainReload.cs: ec74674e8cae527fdeb410a81a4658a3 -> b6033700f0adcf3b23782f04c42e269c
  custom:scripting/monoscript/fileName/PendingChangesTab_Operations.cs: c99065f3c85ec85c85ece2a1a30665af -> 15ae6787065f4af65778e981f418a60b
  custom:scripting/monoscript/fileName/LocksListViewItem.cs: cc9cd24c5be4f7363367cba72f12aad4 -> f4a19fabbec093eb3d6a7e1cd4f42611
  custom:scripting/monoscript/fileName/ITestSettingsDeserializer.cs: e43933e90cb98a9555f922952cdb833f -> 22e37de7af2cea07971d0ba87110dad7
  custom:scripting/monoscript/fileName/UnityTestAssemblyBuilder.cs: 9b6ef4c0578639ba943c8f65e1e8d74d -> fa151eb16842256647a2914b37e4bf9d
  custom:scripting/monoscript/fileName/PendingChangesViewPendingChangeMenu.cs: 561ad0f702e1db14300a4a5f810051f9 -> 9a6ef2277212bf26d647c7f12f946287
  custom:scripting/monoscript/fileName/SignInPanel.cs: f7e82045994d4eefe3b021faa87b55c6 -> bac0318ce35e37bed3a2cc8137452435
  custom:scripting/monoscript/fileName/DrawInspectorOperations.cs: 61c4a6a6507d8f84ef5bdf5cba3f0aee -> 8c94fe642e98309082411f46db89106b
  custom:scripting/monoscript/fileName/AnalyticsTestCallback.cs: 86b513e5c36f0343183de924372e6da6 -> 70c2658c96c40ebe349fda85c81dae6e
  custom:scripting/monoscript/fileName/TestTaskBase.cs: 4b3bfcc0ce488c09e9c983c955b234c0 -> 162ca0c58961a22b2d7f2a866ccb62df
  custom:scripting/monoscript/fileName/DrawDirectoryResolutionPanel.cs: b77d9918f02a8eac64394aaf99fa4b28 -> e4e3c9b4bc511687802b504b71016540
  custom:scripting/monoscript/fileName/CloseWindowIfOpened.cs: d820344e932a12600b5fe6fb7e9f1563 -> ce229ef3b7461ff17e2c1af0695a6657
  custom:scripting/monoscript/fileName/SaveAssets.cs: e472a52843752df7d7ad4ca6b2c8da98 -> b56abea3d51c742ac29e4aec958afad6
  custom:scripting/monoscript/fileName/TestLauncherBase.cs: 55b4d99610fbeb9ecb7ee6ead3251104 -> c78237b225a855d3af10df4cd8d6a1b2
  custom:scripting/monoscript/fileName/FloatEqualityComparer.cs: 4dac02b3f722be0497415c960455318c -> 6ddc5d5b0944c660e6b695f37c9febc8
  custom:scripting/monoscript/fileName/ResultSummarizer.cs: fcfdcb2adeeb82cb8f411b44b44abdb0 -> 
  custom:scripting/monoscript/fileName/MergeViewMenu.cs: 93bc40369a2f104c249cef1d685ad358 -> c1676e16bdcf215f6595ea9de7a1fc33
  custom:scripting/monoscript/fileName/RepositoriesListView.cs: 9f95c83dc460fb03fb0916472f14b8a7 -> 95287f65338ca0073ad04002a16eaaf7
  custom:scripting/monoscript/fileName/HandleMenuItem.cs: 740e54c5f6dca1acc88cad87af74b744 -> b4ad1ecc5243212c5967125ad5e41b1f
  custom:scripting/monoscript/fileName/CompositeWorkItem.cs: 77037823112276c67676f1e42edf1cd2 -> bc884a89fde61fa75209209a03bbd836
  custom:scripting/monoscript/fileName/ScreenResolution.cs: 5c975132cf4e36dcc261bd0acd604271 -> 7bb7bb5b955671820101b322f0a7bf3d
  custom:scripting/monoscript/fileName/RunFinishedData.cs: 35b8f95dad4fefe115ad61c2c01125ab -> a22f15c3a79d1f15ccc31ec29ab37874
  custom:scripting/monoscript/fileName/ApplicationDataPath.cs: 8e4094e28762fb76a1baecfe90c6b65e -> 3e8c4ea8debfda8013fed860ac233d22
  custom:scripting/monoscript/fileName/MergeSelection.cs: 6deb9bc55c10a7ac7c9f905a7b92dbe8 -> 630eecd27cae3311e65e09d9c63da8b7
  custom:scripting/monoscript/fileName/PlayModeTestListGUI.cs: 9528035223f9376ea8c5bf32da2d30c1 -> 
  custom:video-decoder-ogg-theora: a1e56fd34408186e4bbccfd4996cb3dc -> 
  custom:scripting/monoscript/fileName/RepaintInspector.cs: f134606300316994850c28a68d0cb5a3 -> 
  custom:scripting/monoscript/fileName/LockStatusCache.cs: 5e3725e03dc21c716034553589a67eae -> e99b3f34c5cd3eb73ec19439af1f7f80
  custom:scripting/monoscript/fileName/DiffTreeView.cs: 68195907d129ef826aa6b6df7202696d -> 49f46fd2a65ea674a218eead75f27aac
  custom:scripting/monoscript/fileName/UnityTestProtocolListener.cs: 031f67bcc950e88772c7e00661691db9 -> 0d4d2ab58d3a081f00c0f200ee8696be
  custom:scripting/monoscript/fileName/DependenciesDialog.cs: 82d30fc8d5e1a73ec0d1ee9acc00fbc2 -> c8902186ab2f4e6471b5dd147afb01b6
  custom:scripting/monoscript/fileName/ChangesetListViewItem.cs: 95a197949f1e777703db60eea8cc21b3 -> d742a4910e302777daa1ccb9c8e92cb9
  custom:scripting/monoscript/fileName/LocksViewMenu.cs: fda08381fa9abca53b6eaf3bf55f14f8 -> 186d8514e824865b191ba1829afe4b33
  custom:scripting/monoscript/fileName/MonoBehaviourTest.cs: 8f6297df34271fdb1ce2d9607ec6261d -> 90647cc400823b41df847a6cbfc29026
  custom:scripting/monoscript/fileName/IncomingChangesViewMenu.cs: 5f96afa82d3e2a8078206b7f6d3b0752 -> 13196979a03411533716f6775c9a624b
  custom:scripting/monoscript/fileName/QueryVisualElementsExtensions.cs: 75ea535788abf9c38ba9341c984a6241 -> a49740b6efbb934f55475cc70b864a4c
  custom:scripting/monoscript/fileName/DivergentMoveMenu.cs: 5b146ed65a6a030ab7d86a0d711244f7 -> 98d76b5791494212a0c25aa6a4af7288
  custom:scripting/monoscript/fileName/TestResultRendererCallback.cs: 11a504294abe84b81ed7535d2d6b52d7 -> 215106b260625bb3e26681b849d9307d
  custom:scripting/monoscript/fileName/PlatformSpecificSetup.cs: c7583018fa54cbb13353f07300f73380 -> 0a7f9c0b27ae370d8bd5d3df4916ae28
  custom:scripting/monoscript/fileName/EditModeLauncherContextSettings.cs: 716154923321c522b7f6492b24dc4629 -> d1e413330d98a9101237ccbe91f95dea
  custom:scripting/monoscript/fileName/PlayerQuitHandler.cs: b367910cee7b2e682885ab95e27ec0ea -> b4085dee8fd70ae04ac96945fafed489
  custom:scripting/monoscript/fileName/WriteLogConfiguration.cs: 1a8401f47b522f631a3dc005105719f5 -> 1589212d1638ae91a029ea3ddf9999f2
  custom:scripting/monoscript/fileName/PrebuildSetupTask.cs: c7a55bff004702e0146f0b7de9de0c32 -> a4e888a510b1441a257b12183e59237b
  custom:scripting/monoscript/fileName/UnexpectedLogMessageException.cs: eb4b453bac6ce1ffa84fa1fcbecd8818 -> a7bbf32861c66018271b093fc1d1061b
  custom:scripting/monoscript/fileName/FileSystemOperation.cs: c31a686e69e66801c204a11be56c950a -> f0ccbe91654279794a85bf6f1c034716
  custom:scripting/monoscript/fileName/RerunCallback.cs: ffe49cf602017087ffa7749d06513ace -> 
  custom:scripting/monoscript/fileName/MigrateCollabProject.cs: af93695e471d9c8e4ad014c4165f2c3c -> 9f3487f03a783b35518405572f20ac9e
  custom:framework-win-MediaFoundation: 216162199b28c13a410421893ffa2e32 -> 
  custom:scripting/monoscript/fileName/ITestListCache.cs: 530322f74ae4ee44bba33a2f253d3260 -> 93f202374a8dd6602503d990ab2feb72
  custom:scripting/monoscript/fileName/TestRunCallbackAttribute.cs: 0f465317bd2bfaae92f90a6ee84c0d18 -> c61459d4a70eab5bd767d5a1f82f55d8
  custom:scripting/monoscript/fileName/ProgressControlsForViews.cs: 7d677c6df38ab15cf390062b5b0bb854 -> a8a18a90f46aa63848e1e45d8d7ff9af
  custom:scripting/monoscript/fileName/DrawAssetOverlay.cs: 04a46044def089f0abcdafdd281e3646 -> 
  custom:scripting/monoscript/fileName/PrebuildSetupAttributeFinder.cs: 2bad1feb91972325181c65f0d7b65426 -> 1f975f3a70c8f9747da919735d84e6c3
  custom:scripting/monoscript/fileName/NewBehaviourScript.cs: b21687ddb03d73bd9f0c1daecb9714de -> 
  custom:scripting/monoscript/fileName/ProjectWindow.cs: c62567a3d71fd74636bc783de5162474 -> 
  custom:scripting/monoscript/fileName/TestExtensions.cs: 06f4dc0f3112fa2e5582ace2497b1b80 -> 8e47deac44d7b87eaa5df5d00556dc15
  custom:scripting/monoscript/fileName/TestEnumeratorWrapper.cs: 3f82598f123760f637b0f70a1f287d77 -> 3e969f8448dc5644f60fbcb6f1badbcb
  custom:scripting/monoscript/fileName/MergeLinksListView.cs: 826afb5fb5988163105086b4bf5027af -> c9488671ae9b14523680d0c19097baa0
  custom:scripting/monoscript/fileName/UnityCloudProjectLinkMonitor.cs: a6d5b729fcd63f578363f7929a986e8b -> 86b74508945daf368996ea82904ac8da
  custom:scripting/monoscript/fileName/LogWriter.cs: a4f5ec34386b4e23f87b43dd16f6db46 -> 89105d9cfbe59e79a996dde998b3e7ff
  custom:scripting/monoscript/fileName/AttributeHelper.cs: 9458f4b34c0ac14db5c169abc8e43f94 -> dcab3630cb119e1a5f7f9c7b24677e49
  custom:scripting/monoscript/fileName/TestRunCanceledException.cs: 95340416bb18b4fa3930cdab2cc1fc66 -> ff7dc6bce365deb50fafe94b823009cb
  custom:scripting/monoscript/fileName/ISettingsBuilder.cs: 519472d4601ec620807556de1c3db699 -> af84c62ea6a033820a24a2d04c70d5c3
  custom:scripting/monoscript/fileName/Vector4ComparerWithEqualsOperator.cs: 3cde4a46f80e6bcedaef4297c8060490 -> 982db4358832ddfb456522b96543f1da
  custom:scripting/monoscript/fileName/UnityTestExecutionContext.cs: eca56c04b69a8399029cc9730daae5fd -> 4c0ef8e8d96fc20b3ec58c9447d6ec92
  custom:scripting/monoscript/fileName/EditorProgressBar.cs: 7418be9b22aaea32732f8a5f49569d1c -> 08c2f2b90ef64df631d46389f0e22c8e
  custom:scripting/monoscript/fileName/MeasureMaxWidth.cs: cd9322680ae61d38397008451b7ed0ed -> 1569e3f1dad91a9b01cba66ab6aa30b0
  custom:scripting/monoscript/fileName/SaveModiedSceneTask.cs: 135adac13be698ff4439d6c6268aa5b8 -> 
  custom:scripting/monoscript/fileName/TestSettingsDeserializer.cs: a44271a81256da8d6d9195e1628af709 -> 2daa2d89ea5f024d33cb1e72a3d35d63
  custom:scripting/monoscript/fileName/ChangesetsListHeaderState.cs: 69fc4f1a2bc3782d7043ec48961a3616 -> fe1392f9b135da83e13fe8a5e5f39fc2
  custom:scripting/monoscript/fileName/EditModeTestListGUI.cs: 8831f0ca2dcd13614282b516af72c688 -> 
  custom:scripting/monoscript/fileName/TestResultSerializer.cs: 52a416bb91eef89cbb19dd3cf67adb65 -> b75c8de5ed0cf8b4071350488249260d
  custom:scripting/monoscript/fileName/PendingChangesTreeHeaderState.cs: 7d278b5569d28437d07554a3bbb56e1b -> 5d7f70d142c9ac67864ec14950523d62
  custom:scripting/monoscript/fileName/BeforeAfterTestCommandState.cs: ffd46073254dc1bdb5c1bca6005d67d9 -> 590f9af42d8f6706b758d6c33b25bf7d
  custom:scripting/monoscript/fileName/MissingEncryptionPasswordPromptHandler.cs: 7f5831fc8a41e9cadd84fcfd0e885072 -> 5d7b9646eb14a39b6d3d5bab19d266ff
  custom:scripting/monoscript/fileName/ChangelistMenu.cs: ca33bac56b3a337faa90a1b1bba632d6 -> c1bf5aeb760cc5eae584ea3944d6531b
  custom:scripting/monoscript/fileName/NotificationBar.cs: d1a4cf5e8103d80fd25347275f906aa8 -> 50f1a85fa18d94338418def78dcd8543
  custom:scripting/monoscript/fileName/EmptyCommentDialog.cs: c9c28ff22d24598d7e4856f434bb1b92 -> 99cc06133e502eab7998108e26fd5614
  custom:scripting/monoscript/fileName/UnityThreadWaiter.cs: dbd556f2802baab90a20da38c288d36c -> 99333406d92d10003984b4d1920de2f9
  custom:scripting/monoscript/fileName/CredentialsDialog.cs: 179b5e49656a1623c2e79d838f0f5876 -> c785d5e40f8d66b7ef7ba04ee7c324e0
  custom:scripting/monoscript/fileName/ProcessHubCommand.cs: 30630f626164e285c361aa64e681100e -> 8ab0fc63fa4d9d749198dd61b09d7e37
  custom:scripting/monoscript/fileName/GetRestorePathDialog.cs: e21eb9983f0b989125951478cd5e9b35 -> 353d1126ca2d2063d5bdbd06806ffc08
  custom:scripting/monoscript/fileName/UpdateReportListHeaderState.cs: 64a5bf775d221ad9a5ff8c78a1e0e1fa -> d6cbe54be2898ed2c96c2e79572c2e08
  custom:scripting/monoscript/fileName/LocksListView.cs: 8c6202774eebcf67be9c3b5a2926cc7c -> 7aa51ff93bcc98aa05dec8b46ec200c4
  custom:scripting/monoscript/fileName/DownloadAndInstallOperation.cs: b043b8d5921892e87f4566e00162cff6 -> 4f4065aeafda2af0ec272a3c228e27b2
  custom:scripting/monoscript/fileName/DiffTreeViewMenu.cs: 3e62bfc69ca7486976988e151b88922e -> 8039fc4ecf68b3e966e1f4822789e7fa
  custom:scripting/monoscript/fileName/ICommandLineOption.cs: 147751a92efc4c8cac91a9a528c2fb1c -> 58da599070a3bdab08afc8355de79ed5
  custom:scripting/monoscript/fileName/UnityStyles.cs: 1a176026ce9da8057f3ec90dfe0bac74 -> bbbba3cda37678cfc74d71ffebf36e7f
  custom:scripting/monoscript/fileName/EditModePCHelper.cs: fed3c3b34697ace66d06f26c80e9297a -> e16a214ddb2d161f4792170cb0c8e6aa
  custom:scripting/monoscript/fileName/HistoryTab.cs: 4d086984813cd90d6be245dd8e03a2ba -> d57f000c65fde42a2228c7a105a836e5
  custom:scripting/monoscript/fileName/AssemblyNameFilter.cs: 6517804d9019b844c3f33c3b43a18f84 -> ce7ef29746fb23841833950bb87cfa6a
  custom:scripting/monoscript/fileName/HistorySelection.cs: 7c3afcf345a55e8b77ea41ca0f570218 -> 3d07a3d1241e204b5420d71f1137eba4
  custom:scripting/monoscript/fileName/CreateWorkspace.cs: 7b3086384e5ddcd73cd5064a3ce31cd2 -> 5256205b5cf0570b6f698c7abe518f5a
  custom:scripting/monoscript/fileName/ShowWindow.cs: c731454122754eec192bc3c53fac3d95 -> a6bb1d20733c178256b38974418d7450
  custom:scripting/monoscript/fileName/LocksListHeaderState.cs: b80c5f044f18764adef2e9dbea5f0fb1 -> c7fe4d3b5f954615048f8e79925d29e3
  custom:scripting/monoscript/fileName/RemotePlayerLogController.cs: 6007c2a9667c47ca237ace4f2531438b -> 158b55f2a8781eb1cac7ac26acd42fc6
  custom:scripting/monoscript/fileName/EnumerableTestState.cs: 074d7b301977647491f399c62e52cbc1 -> 30e3efb82d3f99d65cdecdd2f0bc0194
  custom:scripting/monoscript/fileName/CreateRepositoryDialog.cs: 1e1c5399cf3d0b071c7982c565a710ce -> 5cec3e66b09e0dbe1f805953c5c64af9
  custom:scripting/monoscript/fileName/UnityTestAssemblyRunner.cs: 3816e248a2cfe06e2622e0204123f53a -> 6329fd25aa4b3ce344b8f9506a5c2047
  custom:scripting/monoscript/fileName/RenameBranchDialog.cs: a3111a345c6451ee64cd16f1989c2313 -> e5c89c05c87517babb3730e87196a494
  custom:scripting/monoscript/fileName/ITestPlayerBuildModifier.cs: 144d61bec4e604c687a559324e865570 -> fe113c86bde5fdad424c8cc5e51fe0a4
  custom:scripting/monoscript/fileName/EncryptionConfigurationDialog.cs: 6423045767c07e6360ff314ec741c601 -> 19e9c54aff6ffc68d60fe11f80578947
  custom:scripting/monoscript/fileName/RemoteTestResultDataFactory.cs: 82b227499ad613fb85cbd7542a960c8c -> 875f30f4d57949231d64836d9e348a72
  custom:scripting/monoscript/fileName/UnityTestAttribute.cs: f0f5f36d5b331df20c3357ff1637e397 -> a53f050fb661d50bb6c962963a554f8e
  custom:scripting/monoscript/fileName/TestListCache.cs: 8e95164bb40beaf2361efc98dc17a66b -> ff7c7e6ac29ad86c5fe33a64ed0d2f4f
  custom:scripting/monoscript/fileName/UnityTestMethodCommand.cs: adc652ef2db502396e2bc23b9d9a66f3 -> ccfa8ff8b49ded2664d646e8ee3d5ff4
  custom:scripting/monoscript/fileName/CheckinProgress.cs: 298ac58365579798eb3b4defc181ccaf -> 75b93dbc5ef307111f0647f735640420
  custom:scripting/monoscript/fileName/ITestRunnerApi.cs: 7ab503b15e3438e134c0702f000eb0a9 -> a476c74c9cbf5732bdfc8c88b9702476
  custom:scripting/monoscript/fileName/AssetCopyPathOperation.cs: 571ede78b6298606a236918df9df62d5 -> 633a9d130b72ba594756844b628f0ae2
  custom:scripting/monoscript/fileName/Vector4EqualityComparer.cs: 2b4abe9ea592b7513d6aeaf121d66f76 -> 998bf018f3e79a3b4501bebf13133ef3
  custom:scripting/monoscript/fileName/PendingChangesSelection.cs: 766664749a54eea9ecce5dff917430ef -> 1721ad72d074757364587c71b49d9382
  custom:scripting/monoscript/fileName/EditorLoadedTestAssemblyProvider.cs: 30976bb8f0671594f080cfda4f365c0a -> 406b39f61e53aa4b6c435e30af6b5276
  custom:scripting/monoscript/fileName/Utils.cs: 0d3272cd783b90f4eef2bf111d5a7b15 -> 38efaa10a2cec4e71a9eaf567c91a8a5
  custom:scripting/monoscript/fileName/LuminPlatformSetup.cs: a7bbd552cf00b6b349997b7d2e68359d -> e65a295a4e58fc042cc74afa9243a080
  custom:scripting/monoscript/fileName/ResultsWriter.cs: 45d4009781f259d024c859617b776a29 -> ccd0afcd43fc96f0f8be5313b60e6c07
  custom:scripting/monoscript/fileName/LoadAsset.cs: 9042eb334fc462cf466672445be1d4c2 -> 5e4e082aa5b21c13b80eb237fe94d00b
  custom:scripting/monoscript/fileName/EditorAssemblyWrapper.cs: 1da4fb3eb1b01bdabc7899984e06e2b2 -> 8682dbb48030d53c622cd194bfa9e87d
  custom:scripting/monoscript/fileName/Images.cs: 0b0c14141950fed99e3ef33199b3b4c9 -> fbdd1e600315d249327f3effde045c9d
  custom:scripting/monoscript/fileName/DrawLocksListViewItem.cs: ce3a3d64ec2d84c3556ffd4141efc4f7 -> 6201c4d50383e970d554210505562d37
  custom:scripting/monoscript/fileName/DrawProgressForOperations.cs: ea9179848be98ee7719316b39339ef29 -> b544f18e6532ba53bbd1b691fa5cd571
  custom:scripting/monoscript/fileName/RequireApiProfileAttribute.cs: 519035bad40b0361872a678d221fcd1e -> 4cce4894a0d08ef40fd237b8e50d1caa
  custom:scripting/monoscript/fileName/CleanupVerificationTask.cs: 66002b5b43bdce8f787c2d84fc03dc42 -> 12e81b196e7eac521f1ae8e0411b3d28
  custom:scripting/monoscript/fileName/ViewSwitcher.cs: bb22cc2814598bf2511f6c811c1dc194 -> dd1f6d6bc6ad5beda69b13cdb560799f
  custom:scripting/monoscript/fileName/RepositoryListViewItem.cs: 2f16ba7694ec7934685021093e722c4e -> 3cabcd81911a2500dcd9e2b6ffae3f00
  custom:scripting/monoscript/fileName/InspectorAssetSelection.cs: 71ba78e42827a9b22a9a6016733d756f -> 4b3c1ae4c44d88205aef26229acfe022
  custom:scripting/monoscript/fileName/UVCPackageVersion.cs: c4d95cb84d9d8dff4727eba6b0a64378 -> 
  custom:scripting/monoscript/fileName/IncomingChangesTreeHeaderState.cs: f578f4545f0afb1f0a2de9a25e26e33b -> 9fcb97ef2da44c66332f5c6800c2e6ed
  custom:scripting/monoscript/fileName/EnumerableSetUpTearDownCommand.cs: 6c84bee1095d71c3f496285ac7de29fb -> 16b603dbb9724508977696171a42991f
  custom:scripting/monoscript/fileName/DrawTextBlockWithLink.cs: d38f3ee197d9063693d0301d5157b32c -> 1d43814d810f0d56e2964ad3b72f271e
  custom:scripting/monoscript/fileName/EnumerableTestMethodCommand.cs: dfec1548954add0987599d6dd0f01df0 -> 9040b48595c4d63d6c1126d81d3f1105
  custom:scripting/monoscript/fileName/WorkspaceOperationsMonitor.cs: 5f05751fd4d94e02e79a5bf200f98f9a -> 43dcc435c252a54bdaaf4d6588b7d66e
  custom:scripting/monoscript/fileName/EditorCompilationInterfaceProxy.cs: e4c0c6a3551d03ebd5ce8bc0c8444c16 -> 12bc7b3dd0ab2ff83629d76ca37d0d4d
  custom:CustomObjectIndexerAttribute: 9a22284fe3817be447336de3de66b15e -> 
  custom:scripting/monoscript/fileName/TestResultAdaptor.cs: 39fb6e85727c0d47ffa8785f61586e3d -> fb4db3971d5379750cda884e7e44e3e4
  custom:scripting/monoscript/fileName/PostBuildCleanupAttribute.cs: 31fa08dd08b1105fe7a49dcbe5b1ac85 -> 71391ff444f943d9ad8dd0d42b7ac81f
  custom:scripting/monoscript/fileName/ShelvesSelection.cs: 05891c88858e4ac7776c0c0c49b5b74f -> 8a3e11e7cd7bbf10b24988c7bf636dea
  custom:scripting/monoscript/fileName/TestTreeData.cs: 0f4cb01478895c7c3d9e4409dc682c1d -> 1859d24be324d8fb87ab0c693d76d928
  custom:scripting/monoscript/fileName/Vector3EqualityComparer.cs: b5ef1af8e8222802b1e616dabbbf7eb3 -> 1c8652cac1f220d6409ab1ba3f211615
  custom:scripting/monoscript/fileName/ScriptingRuntimeProxy.cs: e5e5d36b9b276c8f6937a94b5dfabde5 -> 19d9ac4d844404a0464698120ed39275
  custom:scripting/monoscript/fileName/MacOSConfigWorkaround.cs: 8634a542fc5c45ea8cd9a8244bf2c871 -> 9fe61e763da506601651f6c451cecb0a
  custom:scripting/monoscript/fileName/IncomingChangesSelection.cs: a96a5a084d59fe3917a3831b68fa9479 -> d86f9f4463e6f9d99bb815e1f018ccf1
  custom:scripting/monoscript/fileName/AddMoveMenu.cs: 07e842d83dd343358454fef0a7927a0d -> e681c3341f01390e9c1d636ae93280df
  custom:scripting/monoscript/fileName/RestoreTestContextAfterDomainReload.cs: f915dc737a51db5619c0ddbc3d7e4801 -> 3f8ddcbc7c316ccf5012287995780eb2
  custom:scripting/monoscript/fileName/PlasticProjectSettingsProvider.cs: c126b47f9f934d48f0646c249a5bfcca -> 8c4ae1aeb34c51d2a5a8924265075ff2
  custom:scripting/monoscript/fileName/WindowResultUpdater.cs: 62ee47153c9bac0200ac618954dd51d8 -> 605812b0e2a9a0174e15ed86a3d5ac57
  custom:scripting/monoscript/fileName/Icons.cs: fab81a9d523e5a61e28f0f54bbcc88b3 -> abf089f96620a0dfa1fac77a06c6c48e
  custom:scripting/monoscript/fileName/AssetMenuItems.cs: 9ce81cedb8e568c6b7b646aa6263645b -> 
  custom:scripting/monoscript/fileName/ToolConstants.cs: a088b027c7b0922429c756f12b0507ea -> 3b0d2490617bc7f94a0bdab65a399e1d
  custom:scripting/monoscript/fileName/MergeTab.cs: f39dce5bbfdc053d284a55fc102a8be9 -> f0a9f00e065364eb63b070091ade67f8
  custom:scripting/monoscript/fileName/IAssemblyWrapper.cs: c5aecaa35bc67342edbe5a12fdcda610 -> 993dbd556e2f14ec6d4f6bce6cb00191
  custom:scripting/monoscript/fileName/UITestRunnerFilter.cs: 06335d4aeb6c8af701629dcac5fd648c -> a9e31eaec62dd508fa917eadb1c52808
  custom:scripting/monoscript/fileName/IUtpLogger.cs: ebcfd45287927053700f4f66ff35b501 -> 1b41334d9fc4fd5edb024e0bd2a6db56
  custom:scripting/monoscript/fileName/GetSelectedPaths.cs: 02423a81496d6c63598b5cdc203f4354 -> be35dd49dddd53fc840b9febf21b4d0d
  custom:scripting/monoscript/fileName/TokenExchangeResponse.cs: 0dd9138dbeab6f132711a5b608de5c13 -> f20183d4cf939766d3c1e15cc3bec2e3
  custom:scripting/monoscript/fileName/ChangesetsTab_Operations.cs: eca44847b108faefa69f8c525242c965 -> 3290c4c0cd248666e01a08ee6d621249
  custom:scripting/monoscript/fileName/ConfigurePartialWorkspace.cs: 309d4276b0164b05348aedbd51cc0b2f -> 10fcc6b6d43dd5ed36c43c6f7b5906c4
  custom:scripting/monoscript/fileName/OverlayRect.cs: 59d6887e4803f8a44ffaa0409470e410 -> 
  custom:scripting/monoscript/fileName/ValidRepositoryName.cs: 43c262be3f66a970816e3d3a3ee8872a -> 56bcf92a3678f6ad6215cae2e4914cfd
  custom:scripting/monoscript/fileName/OtherOptionsFoldout.cs: eea27b9873519c1ea7c35b8afc1b7947 -> cc8f3a7680050422963ebd2bf169a841
  custom:scripting/monoscript/fileName/BuildTestTreeTask.cs: 96cb982a37fe5925168754787bdebc15 -> ca4a5380bc07f43d0ad6bc5c2ca39b4b
  custom:scripting/monoscript/fileName/TestListGuiHelper.cs: 6d40eb061ebdba07e078b90b14eadffd -> 
  custom:container-demuxer-webm: 4f35f7cbe854078d1ac9338744f61a02 -> 
  custom:scripting/monoscript/fileName/TestResultExtensions.cs: f40703becc02ea8bc3b6c19d19f9d745 -> 1c512e213c49ce6d72b9d37b957b9372
  custom:scripting/monoscript/fileName/GetPlasticShortcut.cs: 2a84c035152261f00e7e66eb44cd0ffa -> 5c2b7bf07ddd2284efc64b09ef0f1f72
  custom:scripting/monoscript/fileName/LogMatch.cs: 3705a2877c87af4c4355c7933d389895 -> fed715ef044674dde53628d58d931b50
  custom:scripting/monoscript/fileName/TestCommandPcHelper.cs: acbadd8ac17c9074f1c7f1b037d57596 -> f958b2880473418011bc0cda18245d1e
  custom:scripting/monoscript/fileName/CallbacksDelegatorListener.cs: f80c4f45fed6816f24285f468af00026 -> 
  custom:scripting/monoscript/fileName/TestRunnerWindowSettings.cs: edf34156a2b1507caf7c6651f5ea4bc3 -> fb70b758f65d0605100dbd9482b7158e
  custom:scripting/monoscript/fileName/ApplyShelveWithConflictsQuestionerBuilder.cs: e109c624745dcc4304c557872b253808 -> 02e4256f31bc905362a382e31c3387eb
  custom:scripting/monoscript/fileName/GuiEnabled.cs: 1b1658fd7715b5cc664c10a130c6b629 -> 7bb13fcc8d8cbd392e00f7232841f086
  custom:scripting/monoscript/fileName/BuildPathDictionary.cs: 943911b84162d26cea47f964f9a0a399 -> 9fabc7cc73fcfc50b8a3307c6aa6ec4d
  custom:scripting/monoscript/fileName/FindEditorWindow.cs: 2bb64182aef631315344623cf583c78a -> 8c3c78bb7e82ac5008f8a2b8a0d68cff
  custom:scripting/monoscript/fileName/ShelvePendingChangesDialog.cs: 47aa4c07d31152c0c1eff64d2ba76cc6 -> 86b1f48b5fbaffa67e939e7f404062e6
  custom:scripting/monoscript/fileName/AnalyticsReporter.cs: c71b24da736c66608a20411bc3a519d2 -> 990f0ccd7dd9ebe56483e30a572c9394
  custom:scripting/monoscript/fileName/TestEnumerator.cs: bf6d1620a5c6bd3f28c72bbfed80e429 -> 26328e1622cb69ba0b1e01e906e7f65f
  custom:scripting/monoscript/fileName/DrawProgressForViews.cs: c153245b67af73b7ee03f693a1127796 -> 068a172cb549ad77d9873d721698bd0d
  custom:scripting/monoscript/fileName/EnumerableRetryTestCommand.cs: 73d6d5af06eff02f63f972c0d9d4ad7c -> b281084796eb91cc19de80f3f2b73a56
  custom:scripting/monoscript/fileName/UtpDebuglogger.cs: 06c62e7bf4b353d0d89b78258065c40a -> 2f96cd7ac1384aa23e8238df80ef8354
  custom:scripting/monoscript/fileName/UpdateReportDialog.cs: 706e7e86547c339cdb3a4462e3f7a54d -> 087837d8f73228f1a817d0de82c77260
  custom:scripting/monoscript/fileName/UnityMergeTree.cs: f81f2d7551ab855fe9dc724f3f2e2892 -> 59edaa0a4669bbcb540a261166adc144
  custom:scripting/monoscript/fileName/CycleMoveMenu.cs: 91c21a0be9b3727d7673f94321029c52 -> b3993a7306fc941f55ca963833965729
  custom:scripting/monoscript/fileName/HistoryListView.cs: 527da2d093462f1c4a278d6957e7d5ac -> 7b2d1d2c12ab43d9d244e35197127919
  custom:scripting/monoscript/fileName/ChangeTreeViewItem.cs: 506ed128854137d9f75f9e3d2576a06b -> b0a38ce0a620643c776a3db4fd91bc4c
  custom:scripting/monoscript/fileName/QuaternionEqualityComparer.cs: 1bf489e3042604f863689ba3c73f9e1b -> 0787e0a336d915c2829c2f55fd970a0d
  custom:scripting/monoscript/fileName/ITestAdaptor.cs: 2a73ddc53f1c7b5bf11396536f687ca4 -> 1f6228260995615097fc339d08bee2f4
  custom:scripting/monoscript/fileName/BringWindowToFront.cs: 88b20f2a2881db6a013f54923d68cdee -> a30c7c1ba746c6d277a5aedd3057d15e
  custom:scripting/monoscript/fileName/ShelvesViewMenu.cs: 947ea245959bf421539573511c3a0058 -> da5dc74b3444288f443961ecab7245d6
  custom:scripting/monoscript/fileName/ITestSuiteModifier.cs: 2c6fc66f35fdd1866881280ae909eaa5 -> 4374b14ce25f3e6c8b983b3d579e38b4
  custom:scripting/monoscript/fileName/LaunchCheckinConflictsDialog.cs: 4417eba1591eccb2221bfdce0106c1e0 -> e2c1e3f8f4e14a62e4363fe6259adbc2
  custom:scripting/monoscript/fileName/ParseArguments.cs: 03c1a4d7e357164ca313a0019713c3db -> ae915d9f5fe287ced40627c9ca8bfafd
  custom:scripting/monoscript/fileName/ExternalLink.cs: 685ff1dd6f55eb61a1fd8af84a2aa7f5 -> a8ff952d8c27d10f226ab92b7aa83b69
  custom:scripting/monoscript/fileName/WaitingSignInPanel.cs: 247680fcfc6a176b9fa28a3df600a754 -> 7585e1c7111b6b900784e6d1c9454258
  custom:scripting/monoscript/fileName/RemoteTestResultReciever.cs: 3396dcbdb7cfcd933b2182fbc1532e1a -> 
  custom:scripting/monoscript/fileName/OperationProgressData.cs: 0db72349eeecbe9449a517b1d79cc760 -> 15f68712baaea535af36d9e0333c0a6e
  custom:scripting/monoscript/fileName/ExitPlayMode.cs: 64d4ea6d596aecaf913f45e499564e88 -> f2eb63cb1a92bddb334eb5c2d75abc43
  custom:scripting/monoscript/fileName/IStateSerializer.cs: c5a3e7fac8482b2fe72d059b34fdea4b -> 2c22f7cb714163eee04bfe4b72ec4957
  custom:scripting/monoscript/fileName/UnityTestProtocolStarter.cs: d1e78341b65caa27eeb465ea61128aba -> e4b107bc354fd6dcbd62420da6500b7c
  custom:scripting/monoscript/fileName/RepositoriesListHeaderState.cs: c0353a1af15ae4fd3d5a2a3cac816423 -> fb71b961ab7c924511a6b0e8680b60ee
  custom:scripting/monoscript/fileName/ClientDiffTreeViewItem.cs: 56be9d3aa410e770e75de2d8b93be89d -> 43bdd7aa5bf1aa039a5b572c119c38d0
  custom:scripting/monoscript/fileName/CreateWorkspaceView.cs: c40bc4c8524ef3e2374ef997beb2e4a6 -> 9ae2295080d141c0f12d02a71014e11c
  custom:scripting/monoscript/fileName/CommandLineArguments.cs: 0d20ca25f94249586a7c1484c469d8a2 -> 48a62ad3f817c0269ea7fc4a53799594
  custom:scripting/monoscript/fileName/BuildActionTaskBase.cs: 8f6297df34271fdb1ce2d9607ec6261d -> 90647cc400823b41df847a6cbfc29026
  custom:scripting/monoscript/fileName/DownloadRepository.cs: 46fc68d9cc4da8e8ed765ff28b2dd438 -> 5bad8d3f76a3fcb41a94637e37c11ab0
  custom:scripting/monoscript/fileName/ParentWindow.cs: 2476d8a6ba9c3055f984ac9792cae61a -> d6aa079e592e01701c5baa3ab98898bc
  custom:scripting/monoscript/fileName/OperationParams.cs: 091a140b35535b91c773ddf98925322d -> 3312c7a4424a66ffbf2f88f056f329aa
  custom:scripting/monoscript/fileName/IEditModeTestYieldInstruction.cs: e4c6a749d843914165935ce080f657d8 -> ad49fb85f2d4ed0badb27552deac0771
  custom:scripting/monoscript/fileName/CachingTestListProvider.cs: cac67f32d723c8745a1f511390945781 -> bfcb79acce43a93633071168c814d063
  custom:scripting/monoscript/fileName/SignInWithEmailPanel.cs: a5823728eb62cf6dbd8c933c1cb26f53 -> 6e8957c0ed7609303e68389067e72d72
  custom:scripting/monoscript/fileName/UnityPlatformAttribute.cs: 05ff6a4a5828d32604e864a3b44f3fb8 -> e79555e200698f1b55c6c54851cd369e
  custom:scripting/monoscript/fileName/TestStarter.cs: e2d0587cebe915ea1c55ef726c6bd082 -> d1bc3fba65bb4735afc3828355ea6c72
  custom:scripting/monoscript/fileName/LaunchInstaller.cs: f9b7c99441bc32980ce9b95be066824b -> b75efdf5909b501e06cacd9c66f75981
  custom:scripting/monoscript/fileName/GetWindowIfOpened.cs: 84a2356c61155912908cf98a62600c22 -> fd8bfd1a9b371371ebbff48e377726f9
  custom:scripting/monoscript/fileName/TestPlayerBuildModifierAttribute.cs: e033609ef117a17dda08e3556f30bfa5 -> d4ffc53911ef24dec9dc901e0444a77b
  custom:scripting/monoscript/fileName/AvatarImages.cs: ea6dca998cf0ec5122553a9e010ef687 -> 3aa8c25a350843151ec4070c820c411a
  custom:scripting/monoscript/fileName/DrawUserIcon.cs: 2f65feb9bed897237f97fbf9c5479092 -> 7d5385bf780ae84e648a8b49f8fe0825
  custom:scripting/monoscript/fileName/ITestListCacheData.cs: 1c95486e8d67b5eedd3530759306c580 -> 09682e3e03141d9f43100cdaff3665eb
  custom:scripting/monoscript/fileName/TestListCacheData.cs: 1f5a847fa8b54233f179d3f9f5a719db -> 295232838ed90f85679b2d004562d59e
  custom:scripting/monoscript/fileName/TreeViewItemExtensions.cs: d22abf8de7a9ab0e852b869a652f100d -> 6849c47ffa8623d630ef12f76bd49905
  custom:scripting/monoscript/fileName/AssetStatus.cs: b9ea657347f2c22e8e401cdb256c516c -> e017010009bdb28bcb0d7d8ef05e7dd9
  custom:scripting/monoscript/fileName/BranchesListView.cs: 334a3fb302f855f71fb71520fb442a71 -> 3f5ed9fe5a1bca512014ae1600ee1666
  custom:scripting/monoscript/fileName/DrawGuiModeSwitcher.cs: 363adc150c5f1c5059a678f179906090 -> d3be34a3134d3fe80ef6b14d0d519128
  custom:scripting/monoscript/fileName/Is.cs: 0371baf7f4d4fda1df93e36baa3a7f7c -> 6922f89182cd28e32ba48e34cda7947d
  custom:scripting/monoscript/fileName/TestListGUIBase.cs: 3323ae02564bf80ecb144d790edf3454 -> a2b53f3d1923dc6fb3d7f4c9f9855104
  custom:scripting/monoscript/fileName/WindowResultUpdaterDataHolder.cs: e4b0333fa05c0f3ef2128a54294a2588 -> 2de8ba1615f5d28c30d54411d42e2524
  custom:scripting/monoscript/fileName/UnityMenuItem.cs: 5f445176ad3735e69769d93250663be7 -> 73f3c859f1b5092ad362c09e23b3a922
  custom:scripting/monoscript/fileName/WebRestApiClient.cs: 8ab6ae74a3793a3375cc48f328048a82 -> 746756fd499dddd02a4e7ccdbac48be3
  custom:scripting/monoscript/fileName/PlayerConnectionMessageIds.cs: a896cc1ebb022b48f652641f623e4c5c -> 2e4b7265f0eeb40e1260d00fe6e4614e
  custom:scripting/monoscript/fileName/ShelveListViewItem.cs: a37862556d04b25f75804d991e109d87 -> 373418f0ae11fc25a26ff7fe4f472006
  custom:scripting/monoscript/fileName/OpenPlasticProjectSettings.cs: 5a86fd454f7c9f74b62653e269818d3f -> 
  custom:scripting/monoscript/fileName/RemoteTestResultDataWithTestData.cs: 21f6a5ed6216bf99941b16dfe0613ec5 -> bcf701fb298ed6f8cab894b203300c37
  custom:scripting/monoscript/fileName/SwitchPlatformSetup.cs: 86e207190212b6666c14096ec0beb845 -> 576de741bbd585688af4b8aaf70f0708
  custom:scripting/monoscript/fileName/PendingChangesOptionsFoldout.cs: 2a2f5a0ba87bd75c4475236a9a012016 -> f9e651bcc5d4441496c88ab59a32f360
  custom:scripting/monoscript/fileName/IncomingChangesTreeView.cs: d8c19bc81b07c04d7721396d2821d297 -> 96479648d4498738733254eb4e4c6fb5
  custom:scripting/monoscript/fileName/GenericProgress.cs: 11287c7d038c487f32d0c8edc476a32d -> 8492ec26f01fc248d3eb3c2f5b3b6c0f
  custom:scripting/monoscript/fileName/ShelvesListView.cs: 0763e4076b11a683fa148282680085c0 -> 01c1f087b2f83b458da6b8ad18736606
  custom:scripting/monoscript/fileName/MergeCategoryTreeViewItem.cs: c1ecd9dc0cd73eb7eb129994dedc1a91 -> 6bd59fcbfeafe06987a54631991d755b
  custom:scripting/monoscript/fileName/CheckinDialog.cs: 1709b78fae1329cc05fd4f39334b25f5 -> 702fdb8d0a3b4bfcb9ba109e71325cad
  custom:scripting/monoscript/fileName/SortOrderComparer.cs: 8f6297df34271fdb1ce2d9607ec6261d -> 90647cc400823b41df847a6cbfc29026
  custom:scripting/monoscript/fileName/GUIActionRunner.cs: 69af7de0762ed6d085feb4cc4b5101b3 -> 4a0608de635b0d82868d57923d68eff7
  custom:scripting/monoscript/fileName/PlasticMenuItem.cs: 30c3a785b4c2607e2ae9aad693d5f604 -> 
  custom:scripting/monoscript/fileName/PendingChangesTreeView.cs: f3722f38014385705913f17dbe0f90c1 -> 17142d220a0a50a3f3d184c4718a0da7
  custom:scripting/monoscript/fileName/TestJobData.cs: 45c2452d3aa545742dc2b57ad55fa794 -> b5764cc21ae3016cae3c4ce5053458f7
  custom:scripting/monoscript/fileName/VCSPlugin.cs: 69c1b7249af35f35848ae707bd5e7113 -> 
  custom:scripting/monoscript/fileName/RuntimeTestRunnerFilter.cs: 230571a0569274dbd5e47e4595a3be33 -> 526247a6af82c71973a55c9c5be36280
  custom:scripting/monoscript/fileName/GetClientDiffInfos.cs: 4ae14b15e2cf5177a84735548a44cdc9 -> f8db8e637ded2d5e935a953a13b85ebe
  custom:scripting/monoscript/fileName/DrawActionButtonWithMenu.cs: d7f31944358aed2f3ed3982246fca039 -> 8d4f5edd02a1dd0f38c4f2baf5ee8a33
  custom:scripting/monoscript/fileName/ITestSettings.cs: 608b72c12786bbdd128c096353cc10e2 -> 7d6676128f469c2eefb2813ec592ab4f
  custom:scripting/monoscript/fileName/ErrorListViewItem.cs: 9bf59c82e9c9992a012a3eb2b6c2bfe5 -> 509edc26860f8be303ec97d68aabc30d
  custom:scripting/monoscript/fileName/RemoteTestResultSender.cs: 570055716108540c9c34e71343ce0f03 -> 2b6acbe484994dc310d0ac406904e742
  custom:container-muxer-webm: aa71ff27fc2769a1b78a27578f13a17b -> 
  custom:scripting/monoscript/fileName/AttributeFinderBase.cs: b09010f5776af2a4f3460127027ca105 -> 7e104530f871143fdb60a169114dd663
  custom:scripting/monoscript/fileName/EditorProgressControls.cs: b1f133fa38afd918d537a72574fc93a0 -> 2e606eb01a6e6a567f3de9a0379ed3ae
  custom:scripting/monoscript/fileName/PlaymodeLauncher.cs: 3a6fe823ef85e4189eb7e25bbb98798f -> 981dc587e53c0f0d21b816af7469156c
  custom:scripting/monoscript/fileName/BranchesListHeaderState.cs: d47f1164fa7093137db851c4c16ffba3 -> 82eab21603f4efc696334ee80641c2c9
  custom:scripting/monoscript/fileName/ExitCallbacksDataHolder.cs: 2a73f9623aa81becb5d8d11a43747b12 -> 
  custom:scripting/monoscript/fileName/DrawSearchField.cs: b11b864a92c7d76f85d4ec87d6faf61c -> 3de70beba9f4447205d50241d95b066a
  custom:scripting/monoscript/fileName/PendingChangesTab.cs: c99065f3c85ec85c85ece2a1a30665af -> 15ae6787065f4af65778e981f418a60b
  custom:scripting/monoscript/fileName/TestAdaptorFactory.cs: ac39772b57c14123c1a057d315d0217c -> b9e4d12260befcd688940e2c80db8ee8
  custom:scripting/monoscript/fileName/IEnumerableTestMethodCommand.cs: e89b2da6fd5c9e148c3a0687c618f62e -> 81260787415c187c9e413e476b816cd2
  custom:scripting/monoscript/fileName/MergeTreeHeaderState.cs: d266e9dd03ced7ec66ad3688e5f18f26 -> 6293ca7f65e9641fcbe12100e705a990
  custom:scripting/monoscript/fileName/BuildGetEventExtraInfoFunction.cs: 1308a6936e8051866a117b3b7c2c7b77 -> 74bfc8c01f931108a3c2b127aa04cc8d
  custom:scripting/monoscript/fileName/ShelvesTab.cs: 88e0da7511313c57d3f51ba183c4d3fc -> fca0a219bdad45e636bd34724e5dc89d
  custom:video-decoder-webm-vp8: 9c59270c3fd7afecdb556c50c9e8de78 -> 
  custom:scripting/monoscript/fileName/AssetsDatabaseHelper.cs: 3deb384d73768aa5a87c1835c3d7553a -> e690d63c7b932a5efaeaf8c476198e75
  custom:scripting/monoscript/fileName/WelcomeView.cs: 07e35bfe1faa2c52c049eb30958acd54 -> f06c185659ea2f4a75f9397861dc6096
  custom:scripting/monoscript/fileName/DeleteMoveMenu.cs: 39c593e854a9a8ae0e6d34ceb587fce1 -> 4d026cbabd8105e38661f97da078042a
  custom:scripting/monoscript/fileName/PlasticApp.cs: c440a0fb380601a77ad475d6c15d4fa1 -> c57de230d90beac7b586f10b9c7c6cb5
  custom:scripting/monoscript/fileName/PerformUndoTask.cs: a88080dc60788c59917e5a5da2beea27 -> f38e53873dc9c7e638622dda18102b41
  custom:scripting/monoscript/fileName/ChangesetsTab.cs: ef408d8aaf89e01b17643ed0c836680d -> 46dde8f7856048792ad2e75490bb8c5e
  custom:scripting/monoscript/fileName/DeleteBranchDialog.cs: efbbc070bfeda2b746e8b15a4380cb26 -> 8549b0fc52962c89115fd78724fee578
  custom:scripting/monoscript/fileName/IncomingChangesNotification.cs: d7ac4b8f9ea939309b8ceb7f729100a2 -> caa8ea2c7336b9227381f0971759e01a
  custom:scripting/monoscript/fileName/DrawTreeViewEmptyState.cs: d4c16fd6aad8161eda7d99fd74cbb08e -> 
  custom:scripting/monoscript/fileName/ErrorsListView.cs: cc3142391037796392fcd3fe860891dd -> cd35171982f17897dd5148dda46e0956
  custom:scripting/monoscript/fileName/UnityPendingChangesTree.cs: fd6f0a038401268983bd9328d10dec93 -> f391d9a00dc9e202cee4d4ebcf6d21c0
  custom:scripting/monoscript/fileName/RuntimeTestLauncherBase.cs: 545e0e1c1701551e51a349e0cfbf7e09 -> 9c570bd0d91da3e5211e4436ad92314b
  custom:scripting/monoscript/fileName/TestActionCommand.cs: 9d9a215c413c4354b3d31801a3312f5a -> 753f99c04dd69dc2a43030237870dd1f
  custom:scripting/monoscript/fileName/ClientConfiguration.cs: 5f5e47bfb7cedc7420d7e59c6d7ae6f0 -> 01b18b09a6dbb3756e1f42a5b64aab0f
  custom:scripting/monoscript/fileName/AssetVcsOperations.cs: 50ee89e011ba3d800b4e7a9a24aca7e1 -> 
  custom:scripting/monoscript/fileName/BaseDelegator.cs: 39f1c059498e3e1e37d5e631bbc24cc7 -> d270baecbc007d1328bc5c9991d1dea9
  custom:scripting/monoscript/fileName/TestRunCallbackListener.cs: 6d0e8c714fa72bff0fe809d3fbb8d587 -> 15fa13086a2949901b1e4a3584b83cd8
  custom:scripting/monoscript/fileName/IOuterUnityTestAction.cs: 1f62717facda0b560b4af9da3d21fc98 -> 58e7f8b884a5d88e319b8f448f29bfdb
  custom:scripting/monoscript/fileName/TestSettings.cs: df291dfe8fbaf1e1f1d4ae4925c14a92 -> d583ccee803a035f2d53ba29374aac19
  custom:scripting/monoscript/fileName/SynchronousFilter.cs: fb46e705a687283ca79c6357a2f78760 -> b84da53d6d10348793b3683f19a6d4b3
  custom:scripting/monoscript/fileName/PlasticDialog.cs: b0aae1bf1889af041741f324070b7b84 -> 63a17a2b696bc2a13c9046aa16f8cea4
  custom:scripting/monoscript/fileName/LegacyEditModeRunTask.cs: 2b5f09ef7f63773ca676d71969800516 -> 
  custom:SearchIndexIgnoredProperties: e643bd26f0fe6173181afceb89e7c659 -> 
  custom:scripting/monoscript/fileName/AutoRefresh.cs: 9d30d5d3f0e8985355be1ab597da1dbb -> 0a8afde180a876655ad16caa14493409
  custom:scripting/monoscript/fileName/PlasticPluginIsEnabledPreference.cs: 7953272c37f4a828a3d1096e7479f346 -> 
  custom:scripting/monoscript/fileName/GetRelativePath.cs: 9b16eb2de9e98b392077181cc34243c1 -> ab04ae5e0cafb93ebf5c96148bb52df0
  custom:scripting/monoscript/fileName/UnityEvents.cs: 253411328de37811883aded592b97268 -> c830e584565fcd66ca0d5a23ad8b9bd6
  custom:AudioImporter_EditorPlatform: d09bf68614088b80899f8185d706f6e7 -> 
  custom:scripting/monoscript/fileName/DeleteChangeMenu.cs: 540c783b689e4d6a4a383862455d5d39 -> bfa368dc06e11abcc107d6f80c7c19c5
  custom:scripting/monoscript/fileName/PlayerLauncherTestRunSettings.cs: 5d2b9db2556b475d527662dfc40538f1 -> ac04d6a6a9c6380f318071a2f4da8a2f
  custom:scripting/monoscript/fileName/SelectNewCodeReviewBehavior.cs: df6e8e132199ea6ec467c9bced11011d -> a16edf3a8c3e5ac26863e890f68fd937
  custom:scripting/monoscript/fileName/DockEditorWindow.cs: 581124d5e19667105f2446d6dfbf7982 -> a9e5e467234133af999283610b6e84e6
  custom:scripting/monoscript/fileName/ActionDelegator.cs: 0b37ded58104f18659a880de95881951 -> f2eb6c2fd33630cfdd6d3183b4a2ca3f
  custom:scripting/monoscript/fileName/ITestRunnerApiMapper.cs: 864c8f6cc3985f3365e8b5f02afeb230 -> 337d02b691c8103d2eedc6b52f4f76ab
  custom:scripting/monoscript/fileName/RerunCallbackInitializer.cs: a2ca4a4e4bb070fd30ec377e61ed66cb -> 
  custom:scripting/monoscript/fileName/ICallbacks.cs: e6fb4966887be0b97bef44d92d561a69 -> a9c5fd289272fce7e09c7f3e5f11b8a0
  custom:scripting/monoscript/fileName/ProjectPackages.cs: e247c98bd45807b228765f9a94d82145 -> 9e9e13e39b2e9718b602503b87245c18
  custom:scripting/monoscript/fileName/IEditorLoadedTestAssemblyProvider.cs: 0be7fc5fa38a5453fe58cce555760ed4 -> cbb3f715010afa8cd4f0f40294bb78ba
  custom:scripting/monoscript/fileName/BranchesSelection.cs: 7eb1fcb556f0fad697e4ec9d989be099 -> 33b36e7b03910960966036894ec90c7c
  custom:scripting/monoscript/fileName/TestListProvider.cs: 58a05dfe9100cc52adea57fc4a0b6c62 -> f8235933605b6a025c9638df0194bf97
  custom:scripting/monoscript/fileName/SaveAction.cs: b68fbb4319dbb368959c40781b39fdf8 -> 27c387bb58f3a69b0c9ff60d2209e18f
  custom:scripting/monoscript/fileName/AutoConfig.cs: 6c4e7f9dc55323aa1299debfe9723aa6 -> bf4bbd2f2e752464ef51dbf102faed17
  custom:scripting/monoscript/fileName/InvalidSignatureException.cs: 293ad969d76fdecf7dc5f86949047e54 -> f250eccc836ee674127ecdee41f7a4ea
  custom:scripting/monoscript/fileName/UnitySetUpAttribute.cs: 4ed69b5a4764c67bceaa6f04d0d8776f -> 78bcd37bf54751e70200df4ae24f405b
  custom:scripting/monoscript/fileName/DiffPanel.cs: 02288a38bd14cc2b52a25b302a6f154e -> 210366dab3631628227b9406f87a9b7f
  custom:scripting/monoscript/fileName/PlasticAssetsProcessor.cs: ff731c8aacf4a537dc74c7cf9eaeaed0 -> 
  custom:scripting/monoscript/fileName/PlayModeRunnerCallback.cs: 10f699e46ae6f3eea3e1c18bf2bc25ed -> 6cd874bc3032a6eaf4228f5877b27ba0
  custom:scripting/monoscript/fileName/DrawActionToolbar.cs: 52293cb82089e0370f52e257f41c0869 -> e05748a99799f26304c1bbafd90f703b
  custom:scripting/monoscript/fileName/TreeViewItemIds.cs: 7d654a2b5b3a10da3e7d8472196e96d1 -> 0cdf409b5aa8d4c25876d72b5c6a3b60
  custom:scripting/monoscript/fileName/EditorVersion.cs: 70953c9eccf7726f70c672a9a51619e9 -> 698aba075b19a52a056d67a7b809d179
  custom:scripting/monoscript/fileName/TeamEditionConfigurationWindow.cs: d06f049421c16e5927ec29f770917e09 -> e53b1ca5561894aaeff930afb696d001
  custom:scripting/monoscript/fileName/ProgressOperationHandler.cs: 5fbb4e0f656dcfaa4498bd2e492e4710 -> ec62666c0ca1649dd33cc6bc6834c6f7
  custom:scripting/monoscript/fileName/UnityPlasticTimer.cs: 961fdb6492c99b4a3eadbed28e78c4b0 -> 6c887e722e951c2964523825cad70c4c
  custom:scripting/monoscript/fileName/TreeHeaderColumns.cs: 9fc4a0396a421346b8aa3b7788860851 -> 316e5ea62e66b20fd6e687a6b9e5958e
  custom:scripting/monoscript/fileName/MergeOptionsDialog.cs: 25ac62df73845405e13f44e4dfdcf0d1 -> 9250ce23d260ab84f87bd5899c6cf983
  custom:scripting/monoscript/fileName/AssetFilesFilterPatternsMenuBuilder.cs: 8fe5de6e5dc3d42fb7e95de2aaedbf5a -> 0d99e7514c6a33cda8314deed8f34bc5
  custom:scripting/monoscript/fileName/ICallbacksDelegator.cs: 3824b8185f5cd32ad0de995dbcedd1e3 -> 2bfa822de05a601b9fbe2f79d4d317c0
  custom:scripting/monoscript/fileName/MergeTreeView.cs: 143a828a1a236483d3cdc1d010ce9d51 -> 3feb38cec50d3fc7576ddbf07a9a9ce8
  custom:scripting/monoscript/fileName/TestAdaptor.cs: 8d757a7cd1f19e6976312b3b884a590f -> 486cec8559bad7c56adc699f165feb67
  custom:scripting/monoscript/fileName/PlasticNotification.cs: 3629fdff9f054b2013702f5b131b2c47 -> 
  custom:scripting/monoscript/fileName/TestStartedMessage.cs: f3c1a94a591f54531913c8a032d9a4b8 -> ac38229ae4e3c67de75cf9d77c73b95e
  custom:scripting/monoscript/fileName/CallbacksDelegator.cs: c76e06d7a0a6084464f55a923795d8df -> e0dcdade48f633c0a7cebc925bd686c4
  custom:scripting/monoscript/fileName/ConfirmContinueWithPendingChangesDialog.cs: c0e147ff008a0b77c9337132a3ea70af -> 77462b1904ad8f6fee2f8da4523d59fe
  custom:scripting/monoscript/fileName/ShelvesListHeaderState.cs: d3cea237aa496a145829475430d90f29 -> 287f23cbe09ecb9b28ec8dd05ede8846
  custom:scripting/monoscript/fileName/ChangelistTreeViewItem.cs: a4a6f6169cdb3afe249e104e2b7b1a2c -> 87f69636be8bd1a264ec4eac1bffa701
  custom:scripting/monoscript/fileName/PlayerLauncherBuildOptions.cs: 1155187d1390024c0e84b222b67c4059 -> 39352f62028667e3cc8d13371f828f55
  custom:scripting/monoscript/fileName/CollabPlugin.cs: bda741ff77a19affbf276298e29313ec -> ca276d65e7cd77c5c99d9f119ffdb215
  custom:scripting/monoscript/fileName/TabButton.cs: 757146b89ed597b1d75c77241e5d5f63 -> 
  custom:scripting/monoscript/fileName/RegisterFilesForCleanupVerificationTask.cs: 89d04f0389116a1354de9cde88045aa7 -> f18fd2d946c9ea52b8232f47d6d70221
  custom:scripting/monoscript/fileName/LaunchTool.cs: 3ac53c8af1f56365aad9e1ae5366d98d -> 60773d78646dc188d4b2caca77f20b17
  custom:scripting/monoscript/fileName/RunModal.cs: 33b931100ee477e6812324eabaa2e837 -> c83ee2ef642c5d8b8dfd32f033bfc438
  custom:scripting/monoscript/fileName/TestRunnerStateSerializer.cs: 68058e60ab6d5d33b7935f4205c97bb2 -> 7206f4f1eb4c5991ea76b5c39830dba4
  custom:scripting/monoscript/fileName/BranchListViewItem.cs: 8fdaa5aa842f5a70237affa304b9d506 -> 55028f4aef24d6227589aaa95582b2ff
  custom:scripting/monoscript/fileName/LogEvent.cs: a1178cf4bd49345a2f924044f341effd -> 9bf386b9808c16608387e196f7a5e9d6
  custom:scripting/monoscript/fileName/GetAvatar.cs: 07c98163f75f0b7c672bd453fc82bf61 -> 04ffae2a9e5a4c32a119f93144f558d2
  custom:scripting/monoscript/fileName/PlaymodeTestsController.cs: 7726dd936e1c608c494987ba2754eb47 -> 59c9d4597d46ecf4c6fbc8f49c64d0b9
  custom:scripting/monoscript/fileName/MoveAddMenu.cs: 81d47caeb9f49803adfe1627c8ce5bf4 -> 1fbfab870b2e95fdd8a81f6019f764df
  custom:scripting/monoscript/fileName/FindTool.cs: fc3b0710b24078288fe829d0bb041dd0 -> 2f9d82566cfb01fb68fc30111fb47624
  custom:scripting/monoscript/fileName/ChannelCertificateUiImpl.cs: 75d7831ab5da75cc0082e28863abb142 -> cefccf1e13b7bcf15e3c9f2dd4cd2fc8
  custom:scripting/monoscript/fileName/ApplyCircleMask.cs: 02eb67e485278e7c9b719fee5ff90f4a -> b955b378d261fdcbd6272fe8711d1e4f
  custom:scripting/monoscript/fileName/TestListTreeViewGUI.cs: 5d4e7ac9fc0c5382f19d49599ef6cbd8 -> bf873c97e960a33b0be65a5b638e7ff5
  custom:scripting/monoscript/fileName/TestJobRunner.cs: e4deb98063838e020557c338e0bd4ebb -> 1c3d9f2bfcdac33a01c4bb25c392ab4f
  custom:scripting/monoscript/fileName/TestRunnerCallback.cs: 61231fce5590e38bfc5e9165e9803d8b -> 
  custom:scripting/monoscript/fileName/AssetMenuOperations.cs: 131bfc7279b97eba576abe13a47f8f91 -> ebcce67603e288b4a84d49287db6ef5a
  custom:scripting/monoscript/fileName/ShelveAndSwitchOptionsFoldout.cs: 676902ec49ff9c5abb2a832f067966e8 -> e7b216a23869eafb9aecd00a8905fafa
  custom:scripting/monoscript/fileName/VisualElementExtensions.cs: cd98f4a51563fccdfc39eed097290325 -> 0aad2728225c469038631668406aebb3
  custom:scripting/monoscript/fileName/FailCommand.cs: fba5f7b9c1e8d00f41e9076aac4a1d8d -> e0622be95cb9f4c04ff53066589d6d7e
  custom:scripting/monoscript/fileName/LocksSelector.cs: 70b046a562568fd78d093736e68a3a58 -> 7b0f4fc5552c1d92ba7f4648526ceb21
  custom:scripting/monoscript/fileName/ListViewItemIds.cs: 8f6297df34271fdb1ce2d9607ec6261d -> 90647cc400823b41df847a6cbfc29026
  custom:scripting/monoscript/fileName/CreateWorkspaceViewState.cs: 1deb37b3c17c224d9a7dca9c990ea191 -> 0fe23b7cca9336b31a27790c714de652
  custom:scripting/monoscript/fileName/MergeLinkListViewItem.cs: ebc1e6f9e3a3005d8f4c51a794adfdaa -> 3fa407d29597803190dd374d88ed170d
  custom:scripting/monoscript/fileName/DrawCommentTextArea.cs: ad5449f632fd412ac0f7ba0d171fd453 -> c58c26552f95f108a8d9610eaf001fbc
  custom:scripting/monoscript/fileName/TestRunnerApi.cs: b582e8d89da1ce04ff5e8605fa1b5a2e -> b5c17af6fa247dfc791b512a209021d3
  custom:scripting/monoscript/fileName/ErrorsListHeaderState.cs: 9141660c9776c5dac5f980fd03a672a8 -> b961336a4a43551eb826f97c57673007
  custom:scripting/monoscript/fileName/MergeViewDirectoryConflictMenu.cs: d45972e8b5f74223c607a4daa895ff3d -> fad8e1937fc14fd75ca21a68ee1037b8
  custom:scripting/monoscript/fileName/RefreshAsset.cs: 4479d2949a66a97f66d1e550067f3767 -> 5a15c606785f1f54a697bb0d0d846dfb
  custom:scripting/monoscript/fileName/IUtpMessageReporter.cs: 02b26b8c414970dd7d96e6dcfbe9a861 -> e8e6a62b6032a5642706a62156dd8314
  custom:scripting/monoscript/fileName/BoolSetting.cs: d67f952c3a5976591f3e9a9e7356bbab -> 12bf039ccd38b0f4ccfffbec3cbbf108
  custom:scripting/monoscript/fileName/MoraController.cs: 2f2de914d4c2fcb0b78770fe9694f963 -> 
  custom:scripting/monoscript/fileName/IErrorCallbacks.cs: 525b2a3e515b976057d42e4abfcec602 -> fd7a49712e8a919d38dd0fddef8872df
  custom:scripting/monoscript/fileName/IScriptingRuntimeProxy.cs: 207c12828ef43f5ca31b3bcec485e9f7 -> c75af2a6ef439df9f19f151aeb5749ea
  custom:scripting/monoscript/fileName/ExitCallbacks.cs: 716173503afdef0ae4c4023adba1972e -> 
  custom:scripting/monoscript/fileName/CreateChangelistDialog.cs: 774371d4233cc1d394d98dc80507a1f8 -> 386b03e27c951c5f1d63daf7aae486ca
  custom:scripting/monoscript/fileName/ImmediateEnumerableCommand.cs: e79fd27a9b7f6505ae6a4aa7c72274db -> 89dd27d23dccf969b99d79611e8fed9a
  custom:scripting/monoscript/fileName/ApplePlatformSetup.cs: 4b442da1fea709240aeaf74bde720d3c -> 0ceeffeb4378c50fe08ff9b5d16a73f3
  custom:scripting/monoscript/fileName/HistoryListViewMenu.cs: 15a489e494f04a7ea37a587c7601070e -> 29770348599c8d5473b78d72e5741b40
  custom:scripting/monoscript/fileName/MergeViewFileConflictMenu.cs: d7362b83d6b320a0f0ceaf99dbe21727 -> 8fc0f292158abfa71c2c7b3b6f38d32a
  custom:scripting/monoscript/fileName/FilterRulesConfirmationDialog.cs: 5186d89f21d03764f0cca01c2a0122d7 -> 9c91c6c91f20e6d013a753f32343b327
  custom:scripting/monoscript/fileName/LogAssert.cs: 8c30e2367a22f747fb9a538551ddb198 -> 195ab501c85f741ece9ac8b49385dcce
  custom:scripting/monoscript/fileName/ChangesetsSelection.cs: d154d1782ed752b83834c54a0bde3df9 -> 8b9d539af9f7e269bac4e3d79e9ffab8
  custom:scripting/monoscript/fileName/ITestListProvider.cs: 4f1a13a1dbecabb9f7515cef8fe120ff -> 0169c532d74787e64cd4163cd55d4572
  custom:scripting/monoscript/fileName/AssetPostprocessor.cs: 96208057b904410715a8df295ba4f8f4 -> 
  custom:scripting/monoscript/fileName/AllocatingGCMemoryConstraint.cs: 2542b507c3de77a99c0db5c1357ffb65 -> 8b2ed7fbfb529ba318fb8425f7a81278
  custom:scripting/monoscript/fileName/LegacyPlayModeRunTask.cs: 8a159c990fea520d0af36b86d243e79e -> 
  custom:scripting/monoscript/fileName/IsResolved.cs: 67a72533af97b9ab7830798057ab806c -> f54a3e2c5134aa4306f9ad150b1911a9
  custom:scripting/monoscript/fileName/TestCommandBuilder.cs: 7c013615052dfed5e39b8bb914f01cb8 -> bf61faf29c0aea0c4e5d4ac76abaee13
  custom:scripting/monoscript/fileName/LocalStatusCache.cs: a558fcf5f34357bab4cfc7b75e2bb356 -> 30974ea30517fbfd1b93153f6c849a76
  custom:scripting/monoscript/fileName/ITestResultAdaptor.cs: 8d865eb70a8464f5288b9274d9abc979 -> bb9e1bbb2ff45e5a5f11e877a24721d7
  custom:scripting/monoscript/fileName/RepositoryExplorerDialog.cs: 143e7416b576681e1f2ea71288e530e6 -> eea34924da79ad7254f3e141a891c78d
  custom:scripting/monoscript/fileName/Vector2ComparerWithEqualsOperator.cs: b6f6b1f33f1b74ed974042f5e0303f0d -> 1851f392f974d4a42efb0de68a402e9b
  custom:scripting/monoscript/fileName/TestFinishedMessage.cs: 90745d8bb0dd1bfeebb724d118b2d483 -> ccd3538dc4059cd71acd9bfea48dbc80
  custom:scripting/monoscript/fileName/BeforeAfterTestCommandBase.cs: 8f6297df34271fdb1ce2d9607ec6261d -> 90647cc400823b41df847a6cbfc29026
  custom:scripting/monoscript/fileName/Vector2EqualityComparer.cs: c680a095e66b9bf90931050b8b145b65 -> 4ac8b0db10bbdb7ea68d4be944c5b941
  custom:scripting/monoscript/fileName/ITestTreeRebuildCallbacks.cs: c7090567546723c1f0a184a18f5ac1fe -> f952713f83d574a58f719696be7e52a3
  custom:scripting/monoscript/fileName/FileCleanupVerifierTaskBase.cs: 50c4fc5e4ffaa31cb467fc75616b7129 -> 8c0e90b329ac988e22429767c222f3c6
  custom:scripting/monoscript/fileName/UwpPlatformSetup.cs: c89362d564a60469ebbb75e8e12d340a -> b9f50f93de5f547a7eaf96f1bc58a80f
  custom:scripting/monoscript/fileName/WorkspaceWindow.cs: ff52e13cd29dacd66db0169e14f71a23 -> b042f06133312d3bfed176231d97d77c
  custom:scripting/monoscript/fileName/BranchesTab_Operations.cs: 764cb17e9337c58ad4f5304b60b2042e -> 57c33f76c527a5aba4d269245ffff188
  custom:scripting/monoscript/fileName/DiffAndMergeOptionsFoldout.cs: 080cbf9242c0571bafa2e45ef8932448 -> 2810bae564e92b04bc7ebe4e47a2880b
  custom:scripting/monoscript/fileName/PlasticShutdown.cs: a8df8eeeed98372d06e446171a192a6d -> 
  custom:scripting/monoscript/fileName/FilesFilterPatternsMenuBuilder.cs: 28072cd275c96994687e6d4d0d6e1dff -> cf716a8d336c8113475a9ca67a799ec1
  custom:scripting/monoscript/fileName/TestRunnerWindow.cs: beab6dc6591535c1b37ec310f1e15af0 -> 156fc89bab7bdd82ca70e07c9aa9ebbd
  custom:scripting/monoscript/fileName/HistoryListViewItem.cs: 2d3b1fc954b6bdbae298ec250ade0663 -> 96f2b67ec620b83e35d13f11877e1ac1
  custom:scripting/monoscript/fileName/RemoteStatusCache.cs: 00463e6b90cfe7da080d7c266f783980 -> 402d5663f3675e9324c129274b0c00f2
  custom:scripting/monoscript/fileName/EditorWindowFocus.cs: 1012e4e2e29e9b29bdcc03d8b92762a8 -> f258b0cf85078a7435d001e522d5e8e3
  custom:scripting/monoscript/fileName/EnumExtensions.cs: dbfa4dc82972125e904bf705c452c1b9 -> cda0742409c4e8ba02ffb7d89dff3e4b
  custom:scripting/monoscript/fileName/ColorEqualityComparer.cs: 9c477fa3f8fc3439b732377dad0e7a34 -> 9ae684bc4a6b608abc9f7f131bd7cb1d
  custom:scripting/monoscript/fileName/NewIncomingChanges.cs: fc48261878ef7e4b956e7172f5803aee -> 
  custom:scripting/monoscript/fileName/IAsyncTestAssemblyBuilder.cs: f88864ba85e2ec28df36a1a7af1974da -> d4bd9849c11964145b1082a4b1d477fa
  custom:scripting/monoscript/fileName/IsExeVersion.cs: 093723a3ef9cbad630dfdc60c764eff0 -> 9ef63354090e3419637bfe79e3489687
  custom:video-encoder-webm-vp8: eb34c28f22e8b96e1ab97ce403110664 -> 
  custom:scripting/monoscript/fileName/UnityIncomingChangesTree.cs: f774bb8bf0bd45a254894c795843c695 -> 42967773c43d3de5d23be4ddc6dfd9c4
  custom:scripting/monoscript/fileName/RunData.cs: 91eb6697698b63fe6764d1aca25f1f65 -> 772bee3d6504258eed6027a2ae076850
  custom:scripting/monoscript/fileName/ResultsSavingCallbacks.cs: aaf02a1e7a92c3896802c1deb489aa0f -> 96b4b28711ac58ce3dc199f3f7371922
  custom:scripting/monoscript/fileName/RerunCallbackData.cs: 4e0f854372c4476a9269ddc9aa7c8edb -> 
  custom:scripting/monoscript/fileName/UnityDiffTree.cs: 447fc3a8922f56330f4bae8c9dc9a8be -> 1029ffd567bc0e646e6b119719dcb2ff
  custom:scripting/monoscript/fileName/TreeHeaderSettings.cs: 114eb9e27124403e8e111494b8eaf987 -> 662b1714c0fce36da72bbfe60201987a
  custom:scripting/monoscript/fileName/PostbuildCleanupAttributeFinder.cs: 23c3a89f1d3b5b5defeaa7555afa30b6 -> a060814a414a9bab17671800d815861d
  custom:scripting/monoscript/fileName/UnityConstants.cs: 323df5e3c80d05e06517581c776fde34 -> e3d3c3e11a194da9e5bbbfb97087a7bd
  custom:scripting/monoscript/fileName/IsExeAvailable.cs: 3e4283303610c884e542b8f6d3e922d4 -> 4a3dbc5ded94087064afd97407f26631
  custom:scripting/monoscript/fileName/LoadedTwiceMenu.cs: 961f9b82936caa7937046ac23d323c2c -> b54aa2e14eb740621bb6f926af7cb8ef
  custom:scripting/monoscript/fileName/IRemoteTestResultDataFactory.cs: c24506e6d6305475bf6a430f77ac582f -> 75d430448dca0118dc834f9aa964be1e
  custom:scripting/monoscript/fileName/TestRunnerUIFilter.cs: d43f81399e97649a77164015894ec5cc -> 15cddad256d0a7abe9cb58af110bbb72
  custom:scripting/monoscript/fileName/AutoLogin.cs: e67ed70aada38469aeb667115929c368 -> b4cb98371fc38cca00d7123b7e649e12
  custom:scripting/monoscript/fileName/DrawMergeOverview.cs: 1db93bf179b38015949e3a3cb6ef1bd3 -> 49e0e525c3c170f79c20dc6779b7ead8
  custom:audio-decoder-ogg-vorbis: bf7c407c2cedff20999df2af8eb42d56 -> 
  custom:scripting/monoscript/fileName/UpdateReportLineListViewItem.cs: a101f0ba5292fc139445870b3f4af838 -> 9f63395e1ea590dbbab4d59cd0032ac4
  custom:scripting/monoscript/fileName/DrawSplitter.cs: ec7e8739eacabcca3e2946d9833eea0f -> d2f114a8e8e4167f7762d835a83b2f55
  custom:scripting/monoscript/fileName/IAssemblyLoadProxy.cs: df5d93b09382b84c770bb8c70be641c2 -> 10a2bd4f9f1d29ac107ff7e510533c16
  custom:scripting/monoscript/fileName/LaunchDependenciesDialog.cs: e1c527862a66e73f0417ae177d7fdfb5 -> 2cabf22eb95430074b6c730a84e03493
  custom:scripting/monoscript/fileName/EditModeLauncher.cs: 9a2b5bcdc6140673378e5f8105411606 -> 
  custom:scripting/monoscript/fileName/CredentialsResponse.cs: 96b135ae1c4ea541dc762170ea524fa9 -> 3dd2507693e56dac75ee7783f598cbb9
  custom:scripting/monoscript/fileName/GuiHelper.cs: ce709a7d3615bce262722b2ac52d710b -> 7bbb51d455f8994ae6185c7dee04068a
  custom:scripting/monoscript/fileName/LaunchDiffOperations.cs: aeae601320588a70eea7590a2f7e0f69 -> 871a0804a9fe2d9f2ad088303a89a63e
  custom:scripting/monoscript/fileName/PlasticSplitterGUILayout.cs: 111849f67dfbfea65ad2a9298ad1654d -> 
  custom:scripting/monoscript/fileName/TestFilterSettings.cs: 5275be823d4854688aedadf9bf48dfa8 -> 
  custom:scripting/monoscript/fileName/PlaymodeTestsControllerSettings.cs: e4d6c3f42e8f4d17c80242b34c68fd06 -> 90cec9ec9d50d9e797d7b80fa88b49ed
  custom:scripting/monoscript/fileName/CheckinDialogOperations.cs: 0b2a2cd4c41cf1865a29cf91b2a96a48 -> d032d69e8060311c06b88286e8f22ddd
  custom:scripting/monoscript/fileName/StacktraceFilter.cs: 0a3b08d5dc42e75c1d72e2851ec00d95 -> 2f4728b5b8f653bd2197ec8c4b722e7d
  custom:scripting/monoscript/fileName/PendingChangesViewMenu.cs: 68fab310addfd7068cfd7920070496ff -> 9b0019b6df6bb14eb3a2dbafa53fb54b
  custom:scripting/monoscript/fileName/SettingsBuilder.cs: 2166bdf8e77dc5f252cf6909a9196c25 -> 9aeeee75a181ed82e0343a1fb6b9cead
  custom:scripting/monoscript/fileName/SetupException.cs: fa81854dd78d6f47fd79d813aacdb097 -> 38724dd55c58f65b09d9fda4b6161021
  custom:scripting/monoscript/fileName/AssetsSelection.cs: 35cec24e81f0cb1de51daeb356abc4ff -> 0227d7ff4d5687932d10967a945a9b06
  custom:scripting/monoscript/fileName/EnumPopupSetting.cs: 8f6297df34271fdb1ce2d9607ec6261d -> 90647cc400823b41df847a6cbfc29026
  custom:scripting/monoscript/fileName/PlasticConnectionMonitor.cs: 920e8e381bfc94da8bb69d336dda57ca -> 
  custom:scripting/monoscript/fileName/HistoryListHeaderState.cs: 6226ef13a567fa81584864f8698be331 -> a87e0364d14866c369ad50d669bdfa85
  custom:scripting/monoscript/fileName/EnableSwitchAndShelveFeatureDialog.cs: 2cb9334d072aaff777efab2d72a2583e -> 03bdf2f298649e7c429ac90c7a3c461a
  custom:scripting/monoscript/fileName/CloudEditionWelcomeWindow.cs: c886fdb39f4b8787e6ea3701a8f88f4a -> b1721e471183956468462f6b64901640
  custom:scripting/monoscript/fileName/AssetsPath.cs: 367269acf8f676d2cdd30fdc387b3920 -> e0e986124adc46d913f0683c34b88c9f
  custom:scripting/monoscript/fileName/LogSavingCallbacks.cs: 273a5ca581d39891e634ebf18363d22c -> 8eb93b3e2c76ea1a8acb6e2d0b5c5f91
  custom:scripting/monoscript/fileName/ITestAdaptorFactory.cs: bdc8323a65aed17f1190c56e7c6cfc5f -> 0cef1125679c38dd172e82c8aed26eb9
  custom:scripting/monoscript/fileName/MetaPath.cs: 1f80313a7ce6ec6ece505285578f5745 -> 417a84eb354831f828a6752b26c8592d
  custom:scripting/monoscript/fileName/TestListJob.cs: 12fc4e0dee9c9032467b6469e3bed3a6 -> 3a58b9c1d09f7f4ecb41254c8497b5c7
  custom:scripting/monoscript/fileName/AssemblyWrapper.cs: 27441573157e5964a8aeb7d356d13908 -> 888ba979193ec837feef9add74101219
  custom:scripting/monoscript/fileName/CredentialsUIImpl.cs: 90e9c2de8d7bdd8424e0d89c415108ae -> dbacf67c37819fd95562fe169e706732
  custom:scripting/monoscript/fileName/Executer.cs: 115c3fa08937a7411c01dd40a690d19e -> 3f667ef14fa1c500658713b8aa31fd85
  custom:scripting/monoscript/fileName/FullNameFilter.cs: 03e8efaa11fd7332f02cf89719dd5868 -> 7c49c279cb0d631ca64d8b7d70065d9c
  custom:scripting/monoscript/fileName/PlayerTestAssemblyProvider.cs: 4e1569ec89688dc213248db31fc5f2f8 -> cbdd04f669e4e0054bad4f9d3133a10c
  custom:scripting/monoscript/fileName/ChangesetsViewMenu.cs: b720f0168f4ce1b1e0d358a6d5ec9a42 -> 7d1a2de81910b5990e71a0bfff26fdca
  custom:scripting/monoscript/fileName/AssetPipelineIgnore.cs: 0d6998b45aa259f19df735cf43f30691 -> 09786e27e9aef22fa608d3ec356f88ff
  custom:scripting/monoscript/fileName/UnityPlasticGuiMessage.cs: 2a7f71f59c0d7dc731fd345a3713957c -> 24eef0792e3802809607a7f9d04b8f1d
  custom:scripting/monoscript/fileName/OrganizationCredentials.cs: ee462057b3bd23cc3dab953ac4d656e2 -> 0b123406cadd651e9adc01c85fab5124
  custom:scripting/monoscript/fileName/PrebuildSceneSetupAttribute.cs: ab58680b1420f8e2f2a2597e848d8216 -> 7863da9f66129a3cef8eac0a1f19b990
  custom:scripting/monoscript/fileName/StatusBar.cs: 2c8c488a8bbfe924f6b53b202ff6aadd -> 
  custom:scripting/monoscript/fileName/IsCurrent.cs: 7343ceec4312304bb8b398eeb6c375fa -> cf1fd01890d0fd9f011c1a1a491e2cf0
  custom:scripting/monoscript/fileName/Message.cs: 6525f110369b368a724db9468ed4c271 -> 671a789acb2c7a93d0b620fe02979957
  custom:scripting/monoscript/fileName/TestTreeViewBuilder.cs: 8dcd834c64e4c5915b417a6eadea3b2a -> 6e6e33e8d70cf17e89715badfaf4fed5
  custom:scripting/monoscript/fileName/EditmodeWorkItemFactory.cs: 59e0f470d3c4d6fcf2997a182c89bbcb -> e9c8ba8d2a4b7d9a886e64626b2e6205
  custom:scripting/monoscript/fileName/TestListenerWrapper.cs: d3b4dda00570273ec0c1794249fac5d6 -> 9bd83ba3a6a675f3c605795064caa62b
  custom:scripting/monoscript/fileName/ChangesetFromCollabCommitResponse.cs: b986ab8b1acd322b0367812e2d541734 -> ba336e4117e1b7ee28e4c17197bc3d0e
  custom:scripting/monoscript/fileName/MoveToChangelistMenuBuilder.cs: 3a2ef8cb0baf69e5dadeafc731fe32a9 -> a90b3e388d3e1316fa104d4c9a03e2d1
  custom:scripting/monoscript/fileName/LoadingSpinner.cs: b3299af90b664a9f42123e7df43fae24 -> 6aff0ac022d117a8e24a7b5e4b11904c
  custom:scripting/monoscript/fileName/LocksTab.cs: 134c512484ae73354c15c06a6dc69f9f -> 00ffb5a39c16fdc2d733c7e53471a3a9
  custom:scripting/monoscript/fileName/BranchesTab.cs: 764cb17e9337c58ad4f5304b60b2042e -> 57c33f76c527a5aba4d269245ffff188
  custom:scripting/monoscript/fileName/ExecutionSettings.cs: 3e46076abe70bbfac850fc39d98561b1 -> bbd5f229f5dcda0d2d7d6fe8eb266a59
  custom:scripting/monoscript/fileName/ToolConfig.cs: 18b1ea271ce5e7b6deea7b4e8e175269 -> fcffc3165b047f54ed6ccafa4c8760dd
  custom:scripting/monoscript/fileName/DropDownTextField.cs: e66e7314096900597993d2b353757d8d -> c8fc484ce140049ff31ebc2c6cbebf28
  custom:scripting/monoscript/fileName/CallbacksHolder.cs: 064e7d359062664728ef608c9f03a07c -> 8b4255bb9b31589c4c3dd9303007381d
  custom:scripting/monoscript/fileName/AssetsProcessor.cs: 47679a6e15b70f4fef48eb1b2df31b19 -> 18737889e95cd4088e8dfd4153fa8f40
  custom:scripting/monoscript/fileName/DrawActionButton.cs: d847a7d82ac92cab2b3d0ae268cefb3d -> 81e6708d2b8fa199354e53f85db731a8
  custom:scripting/monoscript/fileName/TableViewOperations.cs: ddc7b903e0dbd6bd109f2bd709b95f0e -> bef3a31deb1fe794a90f767d16e4c868
  custom:scripting/monoscript/fileName/CategoryFilterExtended.cs: 4662b13a61207dc88937c796423baa70 -> fc9bf6f795e045112c18a4c1343c1ae1
  custom:scripting/monoscript/fileName/UpdateProgress.cs: 5b04f01bf199310f09ab9522f89c78f4 -> 281e1e05168d6a30be1d8d2f6200bef8
  custom:scripting/monoscript/fileName/RequirePlatformSupportAttribute.cs: 7ce6733bee18de599a69cb974c92fdb6 -> 6918694e41aa1ffd5ee72bd04646d4bb
  custom:scripting/monoscript/fileName/OrganizationsInformation.cs: b3f0758c6655b2dad1161792812992fa -> 5f067ea8d90fc79055a3dcfd58ae6dca
  custom:scripting/monoscript/fileName/ChangeDeleteMenu.cs: 652dcd6f863c509bfa0376b6d95ab1ec -> 4fefe66d6e279ce0ac2fdc57d409f232
  custom:scripting/monoscript/fileName/SubscriptionDetailsResponse.cs: e10e0299ef716630c63b8cf5f792cda0 -> e5121cec860a6d1097cc809217b3d8fe
  custom:scripting/monoscript/fileName/ToolbarButton.cs: 47dc767626bbd94d66707af31ddc5eb6 -> 
  custom:scripting/monoscript/fileName/DrawProgressForDialogs.cs: 5f8d39e3ea7c4a42148c6b1a7b4ca061 -> a5f2abd8875e7a6afbc171fabfbae81f
  custom:scripting/monoscript/fileName/TestPlatform.cs: 1e3283087fad58204285b5e9c2e16b4e -> 63c69f9b78d9a1c2cdf167569fd572b6
  custom:scripting/monoscript/fileName/ProjectViewAssetSelection.cs: 349dc288d32791de51156d4e59000b7b -> 2560eadaf6a13a74a46a4a207cd5a8b6
  custom:scripting/monoscript/fileName/DrawTreeViewItem.cs: cceebc4f1185658619e40964f29acb08 -> 0921a62a588ab864253743d1f07afb5a
  custom:scripting/monoscript/fileName/RemoteTestResultData.cs: ff93ebb056d1cf8fdc7e897597b04ef6 -> 68a2b51f8872b9ef697b2155d9835735
  custom:scripting/monoscript/fileName/DrawSceneOperations.cs: 2426c0c2ee58cd28be59874f6425940c -> d87f46f9fb97181a2f51490ea2e1efc3
  custom:scripting/monoscript/fileName/IMonoBehaviourTest.cs: 272926e14fa72b11b0070eae8b5853ef -> 93dca3fac2d68012529173d3e7bc10a2
  custom:scripting/monoscript/fileName/CoroutineTestWorkItem.cs: 8fab9934b84f896f44392a777ae472de -> 8a69ee5c1adc29acc0a66cb7df14cbcf
  custom:audio-encoder-webm-vorbis: bf7c407c2cedff20999df2af8eb42d56 -> 
  custom:scripting/monoscript/fileName/DrawActionHelpBox.cs: dcd6ec2e7fb1b44f22c4a79ff87b70cd -> c8f6be9dab1e6f8d71e0c63c29679186
  custom:scripting/monoscript/fileName/PendingChangesMultiColumnHeader.cs: 21802cc6929e0e180fb4f0be8e34d9d0 -> 722de7d6e07a79981d750438e6febb8f
  custom:scripting/monoscript/fileName/EditorDispatcher.cs: c739e073a8c38dbcf59192f45d1004c5 -> 3c402eae57d73cc54863f3f6a13096ae
  custom:scripting/monoscript/fileName/MovedEvilTwinMenu.cs: ce111941dc7264d29598ce7fd2770927 -> d480b839850d28c1c9526cb587fc752d
  custom:scripting/monoscript/fileName/UnityWorkItemDataHolder.cs: 5e123fac5cc49e9acfe91048eee308ae -> 94e44d74f673f889418b2b9926b6615c
  custom:scripting/monoscript/fileName/ICallbacksHolder.cs: e330f681a4da017eb82339063a410722 -> 790e89a97c8150c3044e584386d3ba9a
  custom:scripting/monoscript/fileName/PlayerLauncher.cs: 7004f613ecfe1e179e7b362c88c3ddb7 -> c1129f48ad00377c128c470482bb7e8e
  custom:scripting/monoscript/fileName/UnityCombinatorialStrategy.cs: bd44b85caa82e1f08c977cc9d9157c40 -> e857e6faada8b59173cb249a8a6be6fa
  custom:scripting/monoscript/fileName/IIncomingChangesTab.cs: d4ceabdc48d8a1872bbe87f04d89a4ff -> 40644cd18074db84684b9e437bf8fa77
  custom:scripting/monoscript/fileName/CoroutineRunner.cs: bb2107d11619bb60075736a2632662be -> 06bef19f6905915189ed09a2db9f2885
  custom:scripting/monoscript/fileName/ConstructDelegator.cs: 7526886647893577a45527c0f6393600 -> c271ca33e5434ac87e82546dd149c303
  custom:scripting/monoscript/fileName/UnityLogCheckDelegatingCommand.cs: 109adc74b3ab14d952109f6ed35bdacf -> 410acedf83a5c4e9d5a212b5635d0c88
  custom:scripting/monoscript/fileName/GetChangesOverlayIcon.cs: f00e4b795697c6cf3092760f3b6fc49d -> d599d6efdee28305661bc0cf6683858a
  custom:scripting/monoscript/fileName/ShelvedChangesNotification.cs: 13b6a2ccd8b4ac1f5ee30c8404cea3b0 -> a27e9e7b242b904f41fc1b16d3a1b3fd
  custom:scripting/monoscript/fileName/ILogScope.cs: dd29c4b8ed4c54280ca787c474cdd843 -> e99dd640a2ac2c8b1c0c97725f23440d
  custom:scripting/monoscript/fileName/EvilTwinMenu.cs: 475a88947051822ca4915306469f9bcc -> 919e4faae0573e49949f6dfbb5a733da
  custom:scripting/monoscript/fileName/ChangesetsListView.cs: caae0aefb36c869f50691482a5cd0944 -> 87b74e0d80cf59010f55e2baaeb6679d
  custom:scripting/monoscript/fileName/UnityWorkItem.cs: 03c602cd83845fe6265dc83816099666 -> ce02ef2c77c866afeb6c04a89a364a8a
  custom:scripting/monoscript/fileName/UpdateReportListView.cs: 2d8fccdaad50bbd7454b52cf9cb4a0f9 -> 08d26df1ab6c3a7628addc5e54e50b08
  custom:scripting/monoscript/fileName/IAssetsDatabaseHelper.cs: 8bbb0e39e3cfde6c5b6c11074d90971a -> 4f8027cddf715e38f75ab454f20fe051
  custom:scripting/monoscript/fileName/UnityConfigurationChecker.cs: 59a8f0715a7c89a752351bf42f94abbd -> 874cd65cce0384fef4b60e71fb08a429
  custom:scripting/monoscript/fileName/EditModeRunner.cs: 0c2c70d0e910f1733ef8492efbf3dda1 -> f1ceb581ae48e42ca32e80f796ce45bc
  custom:scripting/monoscript/fileName/ConstraintsExtensions.cs: 19d048a2938a4b2b178e7e91279126b7 -> 89e01f1f8de15d891db3bad70117d924
  custom:scripting/monoscript/fileName/UnityTestTimeoutException.cs: 7c70971bbddd1caf6485b8c5b935d369 -> b7ec28ea102309dc20886c45fff1e1b5
  custom:scripting/monoscript/fileName/TestRunnerResult.cs: 2b3fdbda67626b6faa7139ccea15b17a -> 613fb3e1dfef14aa9d5aea2cd635ffff
  custom:scripting/monoscript/fileName/UtpMessageReporter.cs: 6f35c7d2ea8786c1fd8fe557180d6c38 -> 1ce82c57220e51532d6b3e5da0cecc24
  custom:scripting/monoscript/fileName/EnumeratorStepHelper.cs: a2fa98a2f974f377b9c2905ce60dea0f -> 05022a723dcf173476ccb43403871168
  custom:scripting/precompiled-assembly-types:Assembly-CSharp: fbf05a549b38607c0cc1635b70b4c93e -> 20cdaaa988618e7c32f4baf96f88c255
  custom:scripting/monoscript/fileName/PlaymodeWorkItemFactory.cs: a61a7bf2d749182a50c049a0ad4afb89 -> 8bb2d7c0ad22b08cf17b1748007ae8c3
  custom:scripting/monoscript/fileName/CheckWorkspaceTreeNodeStatus.cs: 5e11ff64963669981115eb58dc2b6e8b -> 1e1255b803bf7cbc935bb804bf0dbe7b
  custom:scripting/monoscript/fileName/RemoteTestData.cs: 5baf4798e5344c86aa4ccafb41b2624c -> 51ba1ddd57fb71948e60067806b9cfcd
  custom:scripting/monoscript/fileName/TreeViewSessionState.cs: 8333273b312d475b653610e2871c20a5 -> 9f39a2ca55a7481b8ba078d3a2b6815e
  custom:scripting/monoscript/fileName/StadiaPlatformSetup.cs: 589eaf4f5c2f63a79deb4c2735e3b746 -> 27e00e91e04b4888c1d6354fa4baa6a5
  custom:scripting/monoscript/fileName/ErrorsPanel.cs: 21fc210ee17d5e95782397ef8c7dafab -> 515b7ba9af5e7885ba3068b1d63c6104
  custom:scripting/monoscript/fileName/PlasticPlugin.cs: a57c142b98ca3d4daad221737fd72924 -> c64561980f26020cc3206ae8b1047268
  custom:scripting/monoscript/fileName/SwitchModeConfirmationDialog.cs: 4d9c02587760213784bfe53d012122b4 -> 30cd71d0b3ee4b2689cde689908d301e
  custom:scripting/monoscript/fileName/PlasticWindow.cs: fc467478941f610919bc69526ba2c215 -> 
  custom:scripting/monoscript/fileName/LogScope.cs: 51679d4f7708329af3d47e56656f8988 -> a032a8edefa3a04276b9f24e5047f2ac
  custom:scripting/monoscript/fileName/PlasticExeLauncher.cs: caa0b5dda5df50c85bb19d27252d16b9 -> f1da27253760250030952f02cb54965a
  custom:scripting/monoscript/fileName/TestPlanMessage.cs: 15cf5225dc1e7b1718be35fb09144b5b -> 6199b0505360321c39d00a607adaaf8d
  custom:scripting/monoscript/fileName/ITestRunSettings.cs: 7462715f6a540bde0acfd50948410d32 -> a5342276210c7f86635118880184dc77
  custom:scripting/monoscript/fileName/BranchesViewMenu.cs: 8089f11c30784e2e57775dd6cdbae898 -> 7bfc83e917c9b0b5aa423bb947ce2a38
  custom:scripting/monoscript/fileName/CooldownWindowDelayer.cs: 7816cfcad485500dbac9993c4502ea69 -> 4c95e39c8dd4cfa1bca106097fdb6524
  custom:scripting/monoscript/fileName/SetUpTearDownCommand.cs: 2a0e8cc178919ce84c52af1a4ddfce30 -> 684e5d1c75373405f8a6c9575324286f
  custom:scripting/monoscript/fileName/EditorEnumeratorTestWorkItem.cs: 7bf37d3cd666bc3e840f63f05aae4d05 -> b8f886476b7c18f3c1cdeae30ec0c8ea
  custom:scripting/monoscript/fileName/GetInstallerTmpFileName.cs: fa7bda723ac795b48e38504727f44981 -> d09e0b5c7a9af5874530e17ef23025f0
  custom:scripting/monoscript/fileName/AssetModificationProcessor.cs: a602c9e59e7db185e3a0d68d986e6fef -> 
  custom:scripting/monoscript/fileName/IsCollabProjectMigratedResponse.cs: 4c3294c6a51e6f42161d191230692016 -> af2b76c693935deee55cfcaed2aa7568
